task_id,employee_id,department_x,task_category,priority,assigned_date,deadline,completion_date,completed,deadline_met,hours_estimated,hours_actual,efficiency_score,satisfaction_rating,name,department_y,role,join_date,years_experience,manager_id,location
TASK00001,EMP0096,HR,Training,Medium,2025-11-20,2025-11-25,2025-11-30,True,False,32,27.7,74.3,2.0,Rachael Li,HR,Recruiter,2026-01-31,12.8,EMP0010,Remote
TASK00002,EMP0200,Engineering,Client Call,Medium,2025-05-10,2025-05-20,2025-05-20,True,True,6,5.5,70.8,3.0,Ashley Lopez,Engineering,Tech Lead,2023-11-18,12.6,EMP0016,Delhi
TASK00003,EMP0078,Engineering,Report,Critical,2025-07-23,2025-08-01,2025-07-30,True,True,20,31.8,73.9,2.0,Angela Stone,Engineering,Senior Dev,2024-09-17,8.9,EMP0005,Hyderabad
TASK00004,EMP0093,HR,Documentation,Medium,2026-01-13,2026-01-21,2026-01-25,True,False,31,58.9,84.0,2.0,Terri Grimes,HR,HR Coordinator,2025-11-19,10.8,EMP0001,Remote
TASK00005,EMP0046,Sales,Report,Medium,2025-10-22,2025-10-26,2025-10-30,True,False,4,3.9,76.2,4.0,Andrew Reed Jr.,Sales,Sales Rep,2022-04-27,1.9,EMP0014,Delhi
TASK00006,EMP0105,Sales,Code Review,Medium,2025-11-11,2025-11-22,2025-11-22,True,True,33,64.3,90.1,5.0,James Singh,Sales,Sales Rep,2021-10-17,1.2,EMP0016,Remote
TASK00007,EMP0116,Support,Report,Critical,2025-10-07,2025-10-13,2025-10-18,True,False,8,10.3,92.6,1.0,Colleen Olsen,Support,Support Lead,2024-05-31,3.9,EMP0011,Delhi
TASK00008,EMP0053,Sales,Meeting,High,2026-02-17,2026-02-24,2026-02-24,True,True,6,7.2,76.1,3.0,Charlotte Wells DVM,Sales,Account Manager,2023-06-24,13.6,EMP0006,Hyderabad
TASK00009,EMP0143,Marketing,Testing,Medium,2025-04-27,2025-05-04,2025-05-07,True,False,36,38.5,70.7,4.0,Kevin Baker,Marketing,Content Writer,2022-07-02,6.8,EMP0012,Hyderabad
TASK00010,EMP0082,Sales,Feature Dev,High,2025-07-13,2025-07-14,2025-07-15,True,False,20,39.9,92.5,4.0,Theresa Robinson,Sales,Sales Rep,2024-04-17,13.3,EMP0001,Mumbai
TASK00011,EMP0188,Sales,Meeting,Critical,2025-04-30,2025-05-13,2025-05-12,True,True,30,22.5,82.4,1.0,Robert Love,Sales,Sales Lead,2022-11-26,6.8,EMP0016,Bangalore
TASK00012,EMP0096,HR,Documentation,Low,2025-10-12,2025-10-25,2025-10-28,True,False,25,28.7,97.3,5.0,Rachael Li,HR,Recruiter,2026-01-31,12.8,EMP0010,Remote
TASK00013,EMP0168,Support,Client Call,Medium,2025-07-13,2025-07-24,2025-07-24,True,True,13,8.0,95.6,5.0,Jon Porter,Support,Customer Success,2022-05-12,1.3,EMP0005,Remote
TASK00014,EMP0131,Support,Documentation,Medium,2025-10-18,2025-10-26,,False,False,11,0.0,0.0,,Robin Jones,Support,Customer Success,2023-05-11,1.3,EMP0012,Mumbai
TASK00015,EMP0010,Finance,Training,Medium,2025-09-14,2025-09-19,2025-09-17,True,True,31,57.4,67.5,2.0,Kelsey Monroe,Finance,Analyst,2021-09-09,14.6,EMP0013,Bangalore
TASK00016,EMP0163,Sales,Client Call,Low,2025-12-03,2025-12-09,,False,False,21,0.0,0.0,,Drew Mckinney,Sales,Account Manager,2021-11-24,1.2,EMP0002,Remote
TASK00017,EMP0136,Finance,Feature Dev,Medium,2026-01-25,2026-02-02,2026-02-03,True,False,26,46.3,80.2,2.0,Elizabeth Smith,Finance,Finance Manager,2021-07-29,14.5,EMP0004,Mumbai
TASK00018,EMP0153,Support,Client Call,Medium,2025-09-02,2025-09-08,2025-09-10,True,False,3,5.9,86.5,3.0,James Johnson,Support,Customer Success,2022-11-28,7.6,EMP0001,Bangalore
TASK00019,EMP0144,Support,Meeting,Low,2025-08-09,2025-08-23,2025-08-21,True,True,40,64.7,100.0,2.0,John Duncan,Support,Support Agent,2021-08-27,6.8,EMP0017,Delhi
TASK00020,EMP0132,Support,Code Review,Medium,2025-10-18,2025-10-24,2025-10-25,True,False,18,27.3,80.1,1.0,Amanda Nichols,Support,Support Agent,2024-05-02,11.8,EMP0002,Bangalore
TASK00021,EMP0199,Marketing,Code Review,Critical,2026-03-26,2026-04-06,2026-04-11,True,False,4,5.5,80.9,1.0,Kimberly King,Marketing,Content Writer,2025-07-24,3.8,EMP0004,Hyderabad
TASK00022,EMP0184,Engineering,Training,Critical,2025-11-05,2025-11-11,2025-11-11,True,True,14,9.8,79.0,3.0,Steven Barton,Engineering,Senior Dev,2022-12-06,11.2,EMP0020,Delhi
TASK00023,EMP0153,Support,Meeting,Medium,2025-07-07,2025-07-12,2025-07-14,True,False,32,62.4,100.0,3.0,James Johnson,Support,Customer Success,2022-11-28,7.6,EMP0001,Bangalore
TASK00024,EMP0126,Marketing,Documentation,High,2025-11-27,2025-12-05,,False,False,11,0.0,0.0,,Sarah Cervantes,Marketing,Marketing Manager,2024-12-01,8.7,EMP0001,Bangalore
TASK00025,EMP0035,Engineering,Client Call,High,2025-06-29,2025-07-11,2025-07-15,True,False,37,38.8,89.2,1.0,Isabel Williams,Engineering,Tech Lead,2024-10-23,7.5,EMP0003,Remote
TASK00026,EMP0120,Sales,Testing,Low,2025-05-29,2025-05-31,2025-06-02,True,False,39,41.8,89.7,1.0,Lawrence Charles,Sales,Account Manager,2023-03-04,6.1,EMP0019,Bangalore
TASK00027,EMP0074,HR,Report,Medium,2026-04-10,2026-04-18,2026-04-21,True,False,16,23.5,85.1,3.0,Sheena Chandler,HR,HR Coordinator,2024-05-03,1.8,EMP0014,Delhi
TASK00028,EMP0187,Sales,Feature Dev,Medium,2025-07-15,2025-07-17,2025-07-16,True,True,21,41.9,91.8,1.0,Daniel Nguyen,Sales,Account Manager,2022-08-03,8.0,EMP0015,Delhi
TASK00029,EMP0093,HR,Training,Low,2025-08-27,2025-09-05,2025-09-10,True,False,25,37.6,79.4,4.0,Terri Grimes,HR,HR Coordinator,2025-11-19,10.8,EMP0001,Remote
TASK00030,EMP0056,Sales,Client Call,Medium,2025-05-09,2025-05-21,2025-05-25,True,False,8,14.0,86.3,3.0,Brian Howard,Sales,Sales Rep,2024-02-07,4.8,EMP0002,Remote
TASK00031,EMP0105,Sales,Feature Dev,Low,2026-01-03,2026-01-09,2026-01-14,True,False,17,30.3,77.7,3.0,James Singh,Sales,Sales Rep,2021-10-17,1.2,EMP0016,Remote
TASK00032,EMP0094,Finance,Feature Dev,Medium,2025-08-18,2025-08-29,2025-09-02,True,False,19,14.9,92.8,4.0,Anthony Nelson,Finance,Finance Manager,2025-10-25,10.9,EMP0007,Delhi
TASK00033,EMP0077,Engineering,Documentation,Low,2025-10-13,2025-10-17,2025-10-15,True,True,5,8.4,73.5,2.0,Matthew Pitts,Engineering,Junior Dev,2025-08-03,1.6,EMP0005,Remote
TASK00034,EMP0115,Marketing,Documentation,High,2025-09-04,2025-09-08,2025-09-09,True,False,39,32.1,58.0,3.0,Jessica Moore,Marketing,Marketing Manager,2022-03-28,4.0,EMP0015,Bangalore
TASK00035,EMP0029,HR,Meeting,High,2025-07-30,2025-08-12,,False,False,2,0.0,0.0,,Daniel Lewis,HR,HR Manager,2023-12-07,2.8,EMP0001,Delhi
TASK00036,EMP0021,Support,Meeting,High,2025-11-23,2025-11-26,,False,False,36,0.0,0.0,,Brianna Gilmore,Support,Support Lead,2021-12-30,2.6,EMP0005,Mumbai
TASK00037,EMP0144,Support,Documentation,High,2025-09-18,2025-09-20,2025-09-19,True,True,10,5.2,78.4,5.0,John Duncan,Support,Support Agent,2021-08-27,6.8,EMP0017,Delhi
TASK00038,EMP0169,HR,Feature Dev,Medium,2025-06-02,2025-06-05,2025-06-05,True,True,28,36.1,74.0,4.0,Brian Davis,HR,HR Coordinator,2023-06-14,14.9,EMP0004,Remote
TASK00039,EMP0042,Engineering,Bug Fix,Medium,2026-04-08,2026-04-14,2026-04-13,True,True,30,37.7,78.2,5.0,Elizabeth Hayes,Engineering,Tech Lead,2024-12-22,9.7,EMP0008,Bangalore
TASK00040,EMP0122,Marketing,Report,Medium,2025-09-17,2025-09-28,,False,False,5,0.0,0.0,,Erin Dixon,Marketing,SEO Specialist,2026-04-01,8.3,EMP0018,Remote
TASK00041,EMP0090,Finance,Feature Dev,High,2025-07-31,2025-08-07,2025-08-12,True,False,30,18.3,84.5,3.0,Joann Sanders,Finance,Accountant,2023-07-16,1.1,EMP0020,Hyderabad
TASK00042,EMP0132,Support,Training,Medium,2025-09-30,2025-10-02,2025-10-05,True,False,26,51.8,83.9,3.0,Amanda Nichols,Support,Support Agent,2024-05-02,11.8,EMP0002,Bangalore
TASK00043,EMP0068,HR,Documentation,Medium,2025-07-07,2025-07-17,2025-07-16,True,True,37,58.5,78.2,4.0,Shelley Khan,HR,HR Coordinator,2023-11-09,6.9,EMP0018,Delhi
TASK00044,EMP0159,Support,Feature Dev,Medium,2025-09-11,2025-09-15,2025-09-20,True,False,27,30.3,80.0,3.0,Carol Lee,Support,Customer Success,2021-08-08,14.3,EMP0006,Mumbai
TASK00045,EMP0057,Support,Feature Dev,Medium,2025-04-28,2025-05-09,2025-05-09,True,True,32,19.2,86.3,1.0,Scott Harper,Support,Customer Success,2023-04-07,1.4,EMP0011,Bangalore
TASK00046,EMP0142,Engineering,Training,Medium,2025-11-06,2025-11-18,2025-11-18,True,True,37,21.8,77.7,5.0,Jacob Stein,Engineering,Tech Lead,2025-10-06,9.9,EMP0001,Hyderabad
TASK00047,EMP0027,HR,Meeting,Medium,2025-12-27,2025-12-29,2026-01-02,True,False,5,9.8,55.8,3.0,Aaron Robinson,HR,Recruiter,2025-12-28,13.0,EMP0001,Bangalore
TASK00048,EMP0024,Marketing,Testing,Low,2025-10-06,2025-10-15,2025-10-20,True,False,16,28.3,67.1,5.0,Briana Dawson,Marketing,Content Writer,2023-01-29,11.5,EMP0004,Mumbai
TASK00049,EMP0121,Finance,Training,Medium,2025-07-23,2025-08-05,2025-08-06,True,False,29,51.3,91.7,1.0,Michael Dyer,Finance,Accountant,2023-05-31,7.4,EMP0012,Delhi
TASK00050,EMP0048,Engineering,Bug Fix,Medium,2025-08-11,2025-08-22,,False,False,19,0.0,0.0,,John Martin,Engineering,Senior Dev,2022-11-09,11.1,EMP0004,Mumbai
TASK00051,EMP0034,HR,Code Review,Low,2025-11-14,2025-11-26,2025-11-29,True,False,24,12.2,72.8,5.0,Jeffery Griffith,HR,HR Coordinator,2023-08-25,1.3,EMP0019,Bangalore
TASK00052,EMP0193,Marketing,Documentation,Medium,2026-02-24,2026-02-26,2026-02-25,True,True,7,11.3,96.2,4.0,Patricia Graves,Marketing,Marketing Manager,2026-01-07,12.5,EMP0001,Remote
TASK00053,EMP0015,HR,Feature Dev,Medium,2026-03-29,2026-04-04,2026-04-06,True,False,22,36.6,83.2,1.0,Whitney Vaughn,HR,HR Manager,2025-01-09,3.5,EMP0009,Bangalore
TASK00054,EMP0133,Sales,Client Call,Low,2025-04-17,2025-04-30,2025-04-29,True,True,19,22.1,92.2,4.0,Michael Rollins,Sales,Sales Rep,2025-08-12,12.7,EMP0020,Mumbai
TASK00055,EMP0075,Engineering,Meeting,Medium,2025-11-11,2025-11-18,2025-11-17,True,True,24,27.5,79.5,5.0,Deborah Ramos,Engineering,Junior Dev,2025-09-30,5.3,EMP0005,Delhi
TASK00056,EMP0104,Engineering,Bug Fix,Medium,2026-01-27,2026-02-07,2026-02-08,True,False,27,53.4,55.6,1.0,Roy Schultz,Engineering,Junior Dev,2024-12-17,10.3,EMP0008,Mumbai
TASK00057,EMP0079,Sales,Bug Fix,Low,2025-05-03,2025-05-07,2025-05-09,True,False,20,19.8,85.0,4.0,Darryl Blanchard,Sales,Sales Rep,2021-12-30,5.0,EMP0002,Delhi
TASK00058,EMP0039,Support,Testing,High,2025-10-15,2025-10-18,2025-10-19,True,False,34,45.5,89.2,1.0,Katherine Stanley,Support,Customer Success,2023-08-12,5.9,EMP0017,Hyderabad
TASK00059,EMP0151,Engineering,Testing,Medium,2025-04-26,2025-05-08,2025-05-06,True,True,31,58.3,81.9,5.0,Tony Allen,Engineering,Tech Lead,2025-03-10,14.2,EMP0003,Mumbai
TASK00060,EMP0134,Sales,Bug Fix,Medium,2025-09-08,2025-09-15,2025-09-19,True,False,20,13.5,79.0,3.0,Mary Atkins,Sales,Sales Rep,2021-06-14,7.4,EMP0004,Remote
TASK00061,EMP0049,Sales,Feature Dev,Low,2025-08-21,2025-08-31,2025-09-03,True,False,7,8.1,83.3,2.0,Todd Adams,Sales,Sales Rep,2022-10-12,8.3,EMP0005,Hyderabad
TASK00062,EMP0099,Finance,Documentation,Medium,2025-12-20,2025-12-27,2025-12-31,True,False,21,34.0,77.5,3.0,Lisa Mcfarland,Finance,Finance Manager,2023-05-08,4.9,EMP0018,Bangalore
TASK00063,EMP0082,Sales,Testing,High,2025-09-20,2025-09-22,2025-09-21,True,True,35,44.3,100.0,3.0,Theresa Robinson,Sales,Sales Rep,2024-04-17,13.3,EMP0001,Mumbai
TASK00064,EMP0016,Finance,Meeting,High,2026-03-06,2026-03-20,2026-03-20,True,True,17,11.1,86.8,2.0,Eric Scott,Finance,Finance Manager,2021-11-07,3.0,EMP0008,Mumbai
TASK00065,EMP0144,Support,Report,Low,2025-12-26,2025-12-29,2025-12-28,True,True,13,25.1,69.2,4.0,John Duncan,Support,Support Agent,2021-08-27,6.8,EMP0017,Delhi
TASK00066,EMP0083,Support,Feature Dev,High,2025-10-22,2025-11-04,2025-11-07,True,False,22,16.0,87.4,4.0,Dillon Bernard,Support,Support Lead,2024-10-08,11.8,EMP0014,Mumbai
TASK00067,EMP0153,Support,Meeting,Medium,2026-04-09,2026-04-14,2026-04-12,True,True,24,30.3,96.8,4.0,James Johnson,Support,Customer Success,2022-11-28,7.6,EMP0001,Bangalore
TASK00068,EMP0094,Finance,Feature Dev,Medium,2026-03-20,2026-03-21,2026-03-23,True,False,6,8.8,88.6,5.0,Anthony Nelson,Finance,Finance Manager,2025-10-25,10.9,EMP0007,Delhi
TASK00069,EMP0091,HR,Documentation,Medium,2026-03-13,2026-03-20,2026-03-18,True,True,30,55.9,66.9,3.0,Heather Wright,HR,Recruiter,2022-09-23,11.9,EMP0014,Remote
TASK00070,EMP0136,Finance,Testing,Medium,2025-05-26,2025-06-04,2025-06-02,True,True,30,19.7,80.8,1.0,Elizabeth Smith,Finance,Finance Manager,2021-07-29,14.5,EMP0004,Mumbai
TASK00071,EMP0055,Marketing,Code Review,Medium,2026-04-04,2026-04-07,2026-04-12,True,False,30,38.6,83.2,3.0,Pamela Powell,Marketing,Marketing Manager,2025-02-16,14.4,EMP0018,Hyderabad
TASK00072,EMP0126,Marketing,Testing,Medium,2025-10-05,2025-10-10,2025-10-13,True,False,40,23.1,76.9,1.0,Sarah Cervantes,Marketing,Marketing Manager,2024-12-01,8.7,EMP0001,Bangalore
TASK00073,EMP0111,Sales,Code Review,Medium,2025-04-28,2025-05-07,2025-05-09,True,False,18,28.5,82.4,3.0,Alex Carter,Sales,Account Manager,2026-04-03,10.2,EMP0018,Remote
TASK00074,EMP0104,Engineering,Client Call,Low,2026-04-05,2026-04-16,2026-04-19,True,False,21,41.0,70.7,2.0,Roy Schultz,Engineering,Junior Dev,2024-12-17,10.3,EMP0008,Mumbai
TASK00075,EMP0027,HR,Training,Medium,2025-12-15,2025-12-17,2025-12-21,True,False,23,39.6,96.6,1.0,Aaron Robinson,HR,Recruiter,2025-12-28,13.0,EMP0001,Bangalore
TASK00076,EMP0063,Finance,Documentation,Medium,2026-01-20,2026-01-27,2026-01-25,True,True,25,24.1,76.5,3.0,Brianna Smith,Finance,Accountant,2023-07-07,14.1,EMP0007,Delhi
TASK00077,EMP0055,Marketing,Feature Dev,Critical,2026-01-24,2026-02-01,2026-02-01,True,True,11,6.8,87.3,5.0,Pamela Powell,Marketing,Marketing Manager,2025-02-16,14.4,EMP0018,Hyderabad
TASK00078,EMP0171,Finance,Code Review,High,2025-09-09,2025-09-23,2025-09-21,True,True,23,41.7,75.7,5.0,Amy Woodward,Finance,Accountant,2024-05-08,7.0,EMP0015,Delhi
TASK00079,EMP0133,Sales,Testing,Medium,2025-07-04,2025-07-07,2025-07-07,True,True,30,17.0,84.1,2.0,Michael Rollins,Sales,Sales Rep,2025-08-12,12.7,EMP0020,Mumbai
TASK00080,EMP0051,Finance,Meeting,Critical,2026-03-23,2026-04-02,2026-04-07,True,False,16,20.8,93.2,4.0,Lisa Sutton,Finance,Analyst,2022-05-10,1.2,EMP0018,Bangalore
TASK00081,EMP0020,Finance,Client Call,Critical,2026-03-01,2026-03-05,2026-03-10,True,False,31,51.3,66.6,5.0,Sydney Cole,Finance,Finance Manager,2021-08-01,5.1,EMP0016,Hyderabad
TASK00082,EMP0099,Finance,Report,Medium,2025-07-06,2025-07-09,2025-07-09,True,True,18,10.4,99.1,3.0,Lisa Mcfarland,Finance,Finance Manager,2023-05-08,4.9,EMP0018,Bangalore
TASK00083,EMP0016,Finance,Code Review,Medium,2026-04-12,2026-04-14,2026-04-13,True,True,20,12.5,64.6,3.0,Eric Scott,Finance,Finance Manager,2021-11-07,3.0,EMP0008,Mumbai
TASK00084,EMP0054,Engineering,Documentation,Medium,2025-08-24,2025-09-02,2025-09-06,True,False,7,13.4,73.6,4.0,Melissa Lang,Engineering,Senior Dev,2026-02-22,4.3,EMP0015,Delhi
TASK00085,EMP0092,Finance,Client Call,High,2025-05-26,2025-05-27,2025-05-31,True,False,34,36.1,75.7,1.0,Bryce Valentine,Finance,Analyst,2021-09-30,6.1,EMP0019,Mumbai
TASK00086,EMP0089,Engineering,Code Review,Medium,2025-09-17,2025-09-18,2025-09-18,True,True,23,38.8,55.9,1.0,Gwendolyn Munoz,Engineering,Junior Dev,2023-08-28,13.2,EMP0009,Mumbai
TASK00087,EMP0058,Engineering,Bug Fix,Low,2025-11-04,2025-11-18,2025-11-18,True,True,32,37.5,95.4,1.0,Benjamin Buchanan,Engineering,Tech Lead,2024-02-09,7.4,EMP0017,Mumbai
TASK00088,EMP0066,Engineering,Training,Low,2025-05-21,2025-05-25,,False,False,37,0.0,0.0,,Miguel Jimenez,Engineering,Junior Dev,2025-01-20,8.3,EMP0017,Delhi
TASK00089,EMP0086,HR,Client Call,Medium,2026-03-18,2026-03-31,2026-04-02,True,False,9,5.1,63.1,5.0,Kelly Rios DDS,HR,HR Coordinator,2022-07-03,3.7,EMP0007,Hyderabad
TASK00090,EMP0137,HR,Training,Medium,2026-02-18,2026-02-20,2026-02-25,True,False,40,52.2,73.0,5.0,Paul Baker,HR,HR Coordinator,2023-04-25,8.9,EMP0010,Remote
TASK00091,EMP0198,Support,Client Call,Low,2025-07-10,2025-07-13,2025-07-11,True,True,24,20.7,71.1,2.0,Jennifer Moody,Support,Support Agent,2026-04-13,5.0,EMP0001,Remote
TASK00092,EMP0116,Support,Training,Medium,2025-11-16,2025-11-18,2025-11-21,True,False,6,11.6,80.6,5.0,Colleen Olsen,Support,Support Lead,2024-05-31,3.9,EMP0011,Delhi
TASK00093,EMP0162,Sales,Client Call,High,2025-08-13,2025-08-22,2025-08-26,True,False,32,18.1,66.5,3.0,Gregory Parker,Sales,Account Manager,2021-08-22,3.1,EMP0001,Remote
TASK00094,EMP0005,Support,Feature Dev,Low,2025-12-11,2025-12-12,2025-12-12,True,True,24,20.7,74.8,5.0,Samantha Lindsey,Support,Customer Success,2025-06-06,10.7,EMP0014,Mumbai
TASK00095,EMP0018,Support,Code Review,High,2025-11-09,2025-11-15,2025-11-18,True,False,36,36.3,84.8,4.0,Sarah Mann,Support,Support Lead,2023-06-05,12.7,EMP0002,Mumbai
TASK00096,EMP0011,Finance,Report,Critical,2026-01-01,2026-01-09,2026-01-09,True,True,6,9.4,92.5,1.0,Brenda Walter,Finance,Accountant,2025-01-27,12.5,EMP0020,Delhi
TASK00097,EMP0184,Engineering,Training,Low,2026-01-10,2026-01-11,2026-01-11,True,True,22,41.8,76.1,4.0,Steven Barton,Engineering,Senior Dev,2022-12-06,11.2,EMP0020,Delhi
TASK00098,EMP0027,HR,Bug Fix,Critical,2025-07-29,2025-08-07,2025-08-05,True,True,14,13.0,57.3,3.0,Aaron Robinson,HR,Recruiter,2025-12-28,13.0,EMP0001,Bangalore
TASK00099,EMP0118,Support,Client Call,Low,2025-05-11,2025-05-24,2025-05-28,True,False,30,55.3,79.3,3.0,George Meadows,Support,Support Agent,2025-07-12,10.7,EMP0003,Hyderabad
TASK00100,EMP0045,Finance,Feature Dev,Critical,2025-06-01,2025-06-09,2025-06-12,True,False,35,31.5,91.6,4.0,Brianna Vega,Finance,Accountant,2023-10-15,4.0,EMP0016,Hyderabad
TASK00101,EMP0165,Engineering,Training,Low,2025-05-28,2025-06-07,,False,False,13,0.0,0.0,,Joshua Mills,Engineering,Tech Lead,2025-12-13,4.6,EMP0016,Hyderabad
TASK00102,EMP0124,Engineering,Client Call,Low,2025-12-03,2025-12-05,2025-12-07,True,False,21,24.5,86.0,2.0,Donna Gutierrez,Engineering,Senior Dev,2022-10-16,5.4,EMP0013,Mumbai
TASK00103,EMP0027,HR,Bug Fix,Medium,2025-08-30,2025-09-05,2025-09-08,True,False,29,26.4,75.7,1.0,Aaron Robinson,HR,Recruiter,2025-12-28,13.0,EMP0001,Bangalore
TASK00104,EMP0162,Sales,Report,Medium,2026-02-01,2026-02-08,2026-02-08,True,True,3,2.1,70.8,1.0,Gregory Parker,Sales,Account Manager,2021-08-22,3.1,EMP0001,Remote
TASK00105,EMP0114,HR,Bug Fix,Low,2025-09-28,2025-10-02,2025-10-05,True,False,25,26.9,82.2,5.0,Kelli Berry,HR,HR Coordinator,2023-03-04,12.7,EMP0009,Remote
TASK00106,EMP0065,HR,Report,Low,2025-05-08,2025-05-16,,False,False,25,0.0,0.0,,Richard Davis,HR,HR Coordinator,2022-04-18,0.6,EMP0020,Remote
TASK00107,EMP0195,Finance,Meeting,High,2025-10-07,2025-10-17,2025-10-20,True,False,27,26.2,74.3,2.0,Andrea Davidson,Finance,Accountant,2023-12-10,9.6,EMP0002,Mumbai
TASK00108,EMP0026,Engineering,Training,Critical,2025-08-17,2025-08-18,2025-08-23,True,False,35,37.8,74.5,1.0,Calvin Kane,Engineering,Senior Dev,2023-09-23,6.0,EMP0015,Remote
TASK00109,EMP0007,Support,Report,Low,2025-12-30,2026-01-04,2026-01-05,True,False,20,30.8,91.4,2.0,Jacqueline Christensen,Support,Support Lead,2024-08-21,5.4,EMP0005,Mumbai
TASK00110,EMP0041,Finance,Testing,Low,2025-11-05,2025-11-19,2025-11-19,True,True,30,59.9,90.2,3.0,James Walters,Finance,Finance Manager,2025-01-15,3.8,EMP0008,Bangalore
TASK00111,EMP0197,Support,Code Review,High,2025-08-28,2025-09-06,2025-09-08,True,False,12,18.8,80.8,3.0,Julie Snow,Support,Support Lead,2025-07-03,2.3,EMP0020,Mumbai
TASK00112,EMP0185,Engineering,Documentation,Medium,2026-03-31,2026-04-02,,False,False,10,0.0,0.0,,Mrs. Toni Webb,Engineering,Junior Dev,2021-05-01,3.8,EMP0019,Remote
TASK00113,EMP0029,HR,Training,High,2026-01-29,2026-01-30,2026-02-02,True,False,31,52.9,84.9,2.0,Daniel Lewis,HR,HR Manager,2023-12-07,2.8,EMP0001,Delhi
TASK00114,EMP0090,Finance,Client Call,Medium,2025-07-24,2025-07-26,2025-07-30,True,False,32,41.2,99.8,5.0,Joann Sanders,Finance,Accountant,2023-07-16,1.1,EMP0020,Hyderabad
TASK00115,EMP0061,Engineering,Testing,Low,2026-03-29,2026-04-04,2026-04-09,True,False,31,47.1,77.3,2.0,Maria Rodriguez,Engineering,Tech Lead,2024-02-04,4.1,EMP0020,Bangalore
TASK00116,EMP0121,Finance,Bug Fix,High,2025-11-02,2025-11-15,2025-11-15,True,True,10,11.5,88.5,1.0,Michael Dyer,Finance,Accountant,2023-05-31,7.4,EMP0012,Delhi
TASK00117,EMP0069,Finance,Training,Medium,2025-09-07,2025-09-12,2025-09-15,True,False,16,16.3,84.7,3.0,Christian Henry,Finance,Finance Manager,2022-05-02,8.2,EMP0018,Delhi
TASK00118,EMP0067,Sales,Training,High,2025-07-19,2025-07-24,2025-07-26,True,False,10,14.4,89.7,1.0,Devon Jackson,Sales,Account Manager,2024-03-31,13.3,EMP0008,Delhi
TASK00119,EMP0009,HR,Testing,Medium,2025-11-24,2025-11-27,2025-11-27,True,True,12,17.9,92.7,5.0,Ryan Norman DVM,HR,Recruiter,2023-01-14,4.3,EMP0002,Hyderabad
TASK00120,EMP0068,HR,Documentation,Low,2025-09-13,2025-09-27,2025-09-25,True,True,38,34.1,81.8,5.0,Shelley Khan,HR,HR Coordinator,2023-11-09,6.9,EMP0018,Delhi
TASK00121,EMP0045,Finance,Client Call,Medium,2025-06-10,2025-06-21,2025-06-23,True,False,21,25.7,85.1,3.0,Brianna Vega,Finance,Accountant,2023-10-15,4.0,EMP0016,Hyderabad
TASK00122,EMP0112,HR,Documentation,Medium,2025-06-20,2025-07-02,2025-07-07,True,False,28,34.3,74.2,3.0,Dominique Perez,HR,HR Manager,2023-01-31,9.4,EMP0017,Hyderabad
TASK00123,EMP0197,Support,Code Review,Medium,2025-05-28,2025-06-03,2025-06-06,True,False,24,47.1,75.4,3.0,Julie Snow,Support,Support Lead,2025-07-03,2.3,EMP0020,Mumbai
TASK00124,EMP0044,Support,Documentation,Medium,2025-06-02,2025-06-04,2025-06-09,True,False,9,8.1,78.1,2.0,Debbie Gordon,Support,Support Lead,2025-03-03,3.6,EMP0005,Remote
TASK00125,EMP0174,HR,Documentation,Low,2026-03-08,2026-03-13,,False,False,28,0.0,0.0,,Richard Henry,HR,Recruiter,2023-03-29,1.7,EMP0008,Mumbai
TASK00126,EMP0199,Marketing,Report,Critical,2025-12-16,2025-12-19,2025-12-22,True,False,14,23.0,66.3,5.0,Kimberly King,Marketing,Content Writer,2025-07-24,3.8,EMP0004,Hyderabad
TASK00127,EMP0191,Support,Documentation,Medium,2025-06-14,2025-06-19,2025-06-18,True,True,27,34.0,73.3,2.0,Tamara Ramirez,Support,Support Lead,2021-06-04,12.3,EMP0018,Bangalore
TASK00128,EMP0185,Engineering,Report,Medium,2025-07-27,2025-07-28,2025-08-02,True,False,40,72.9,53.0,3.0,Mrs. Toni Webb,Engineering,Junior Dev,2021-05-01,3.8,EMP0019,Remote
TASK00129,EMP0193,Marketing,Client Call,Medium,2025-11-20,2025-12-04,2025-12-04,True,True,18,28.6,89.5,3.0,Patricia Graves,Marketing,Marketing Manager,2026-01-07,12.5,EMP0001,Remote
TASK00130,EMP0016,Finance,Feature Dev,Low,2026-04-12,2026-04-13,2026-04-14,True,False,25,33.2,84.2,4.0,Eric Scott,Finance,Finance Manager,2021-11-07,3.0,EMP0008,Mumbai
TASK00131,EMP0053,Sales,Client Call,Medium,2025-06-03,2025-06-16,2025-06-15,True,True,10,19.6,79.5,3.0,Charlotte Wells DVM,Sales,Account Manager,2023-06-24,13.6,EMP0006,Hyderabad
TASK00132,EMP0191,Support,Training,High,2025-05-01,2025-05-07,2025-05-10,True,False,11,8.8,82.7,4.0,Tamara Ramirez,Support,Support Lead,2021-06-04,12.3,EMP0018,Bangalore
TASK00133,EMP0157,HR,Code Review,Medium,2025-11-17,2025-11-18,2025-11-21,True,False,32,40.9,83.1,5.0,James Garza,HR,Recruiter,2023-07-31,7.1,EMP0010,Delhi
TASK00134,EMP0045,Finance,Meeting,High,2025-12-28,2025-12-31,2026-01-03,True,False,12,13.1,93.0,5.0,Brianna Vega,Finance,Accountant,2023-10-15,4.0,EMP0016,Hyderabad
TASK00135,EMP0093,HR,Bug Fix,Medium,2025-06-18,2025-07-02,2025-07-07,True,False,38,36.1,77.6,3.0,Terri Grimes,HR,HR Coordinator,2025-11-19,10.8,EMP0001,Remote
TASK00136,EMP0028,Support,Meeting,Medium,2026-03-24,2026-03-26,,False,False,39,0.0,0.0,,Michelle Goodwin,Support,Customer Success,2021-09-04,11.4,EMP0011,Bangalore
TASK00137,EMP0153,Support,Documentation,High,2025-10-20,2025-11-01,2025-10-30,True,True,40,48.5,89.2,1.0,James Johnson,Support,Customer Success,2022-11-28,7.6,EMP0001,Bangalore
TASK00138,EMP0124,Engineering,Documentation,Medium,2025-10-07,2025-10-10,2025-10-14,True,False,11,19.1,86.3,1.0,Donna Gutierrez,Engineering,Senior Dev,2022-10-16,5.4,EMP0013,Mumbai
TASK00139,EMP0088,Support,Code Review,Medium,2025-09-08,2025-09-20,2025-09-18,True,True,30,29.1,82.4,4.0,Nicole Taylor,Support,Customer Success,2022-01-16,6.3,EMP0018,Delhi
TASK00140,EMP0051,Finance,Training,Medium,2025-05-08,2025-05-15,2025-05-20,True,False,5,7.8,83.7,2.0,Lisa Sutton,Finance,Analyst,2022-05-10,1.2,EMP0018,Bangalore
TASK00141,EMP0004,Sales,Report,Medium,2026-01-18,2026-01-29,2026-02-02,True,False,22,42.6,84.5,5.0,Garrett Lynch,Sales,Sales Lead,2025-01-08,9.2,EMP0018,Mumbai
TASK00142,EMP0078,Engineering,Documentation,Medium,2025-12-21,2025-12-27,2025-12-29,True,False,32,25.2,79.9,3.0,Angela Stone,Engineering,Senior Dev,2024-09-17,8.9,EMP0005,Hyderabad
TASK00143,EMP0160,Sales,Meeting,Medium,2026-02-16,2026-02-20,,False,False,21,0.0,0.0,,Angela Benton,Sales,Sales Lead,2023-03-07,7.5,EMP0019,Remote
TASK00144,EMP0148,Finance,Meeting,High,2025-10-05,2025-10-17,2025-10-20,True,False,32,32.7,77.0,3.0,John Johnson,Finance,Finance Manager,2023-12-08,6.0,EMP0001,Hyderabad
TASK00145,EMP0011,Finance,Code Review,Low,2025-09-08,2025-09-19,2025-09-23,True,False,24,46.4,71.9,3.0,Brenda Walter,Finance,Accountant,2025-01-27,12.5,EMP0020,Delhi
TASK00146,EMP0197,Support,Documentation,Low,2026-02-10,2026-02-22,2026-02-27,True,False,18,29.2,71.9,2.0,Julie Snow,Support,Support Lead,2025-07-03,2.3,EMP0020,Mumbai
TASK00147,EMP0185,Engineering,Code Review,High,2025-11-21,2025-11-26,,False,False,19,0.0,0.0,,Mrs. Toni Webb,Engineering,Junior Dev,2021-05-01,3.8,EMP0019,Remote
TASK00148,EMP0193,Marketing,Training,Low,2026-03-28,2026-04-09,2026-04-10,True,False,5,7.5,82.9,2.0,Patricia Graves,Marketing,Marketing Manager,2026-01-07,12.5,EMP0001,Remote
TASK00149,EMP0107,Support,Code Review,Medium,2025-05-01,2025-05-02,2025-05-05,True,False,32,20.8,98.9,1.0,Lisa Shepard,Support,Customer Success,2024-05-01,6.1,EMP0013,Mumbai
TASK00150,EMP0070,Support,Meeting,Critical,2026-03-11,2026-03-14,2026-03-19,True,False,32,47.2,84.5,3.0,Travis Webb,Support,Support Agent,2025-04-03,14.1,EMP0005,Delhi
TASK00151,EMP0012,Finance,Documentation,Low,2026-03-05,2026-03-06,,False,False,7,0.0,0.0,,Leslie Ramos,Finance,Analyst,2022-07-08,10.7,EMP0002,Mumbai
TASK00152,EMP0165,Engineering,Code Review,Medium,2025-07-18,2025-07-30,,False,False,4,0.0,0.0,,Joshua Mills,Engineering,Tech Lead,2025-12-13,4.6,EMP0016,Hyderabad
TASK00153,EMP0177,HR,Code Review,Medium,2026-04-01,2026-04-15,2026-04-13,True,True,27,45.4,75.7,3.0,Douglas Yates,HR,Recruiter,2023-01-07,4.6,EMP0015,Bangalore
TASK00154,EMP0076,Sales,Training,High,2026-01-23,2026-01-24,2026-01-24,True,True,23,21.3,89.6,5.0,Brianna Black,Sales,Sales Lead,2024-03-04,6.9,EMP0014,Remote
TASK00155,EMP0034,HR,Feature Dev,Medium,2025-10-17,2025-10-20,2025-10-25,True,False,19,15.0,89.9,3.0,Jeffery Griffith,HR,HR Coordinator,2023-08-25,1.3,EMP0019,Bangalore
TASK00156,EMP0091,HR,Meeting,Low,2025-07-23,2025-07-31,2025-07-31,True,True,2,3.2,70.0,5.0,Heather Wright,HR,Recruiter,2022-09-23,11.9,EMP0014,Remote
TASK00157,EMP0112,HR,Feature Dev,Medium,2025-05-12,2025-05-16,2025-05-20,True,False,29,36.9,85.7,4.0,Dominique Perez,HR,HR Manager,2023-01-31,9.4,EMP0017,Hyderabad
TASK00158,EMP0041,Finance,Testing,Medium,2025-05-29,2025-06-01,,False,False,32,0.0,0.0,,James Walters,Finance,Finance Manager,2025-01-15,3.8,EMP0008,Bangalore
TASK00159,EMP0100,HR,Testing,Critical,2026-01-31,2026-02-01,2026-02-02,True,False,30,48.9,89.8,3.0,Anne Williams,HR,HR Manager,2022-05-31,3.5,EMP0019,Remote
TASK00160,EMP0055,Marketing,Feature Dev,Medium,2026-03-14,2026-03-24,2026-03-27,True,False,17,10.1,100.0,4.0,Pamela Powell,Marketing,Marketing Manager,2025-02-16,14.4,EMP0018,Hyderabad
TASK00161,EMP0119,Marketing,Meeting,Medium,2025-08-28,2025-09-04,2025-09-06,True,False,9,13.1,85.6,3.0,William Campbell,Marketing,SEO Specialist,2023-12-09,8.4,EMP0014,Bangalore
TASK00162,EMP0101,Support,Code Review,Medium,2025-10-28,2025-11-01,,False,False,32,0.0,0.0,,Nicholas Keller,Support,Support Lead,2024-09-21,7.2,EMP0015,Mumbai
TASK00163,EMP0180,Sales,Documentation,Medium,2025-11-27,2025-12-07,2025-12-12,True,False,36,61.3,82.7,2.0,Daniel Ryan,Sales,Sales Rep,2022-06-28,1.4,EMP0010,Remote
TASK00164,EMP0085,Engineering,Training,Medium,2025-07-28,2025-08-07,,False,False,7,0.0,0.0,,Natalie Rice,Engineering,Senior Dev,2025-09-12,3.7,EMP0015,Delhi
TASK00165,EMP0029,HR,Training,Medium,2025-05-24,2025-06-05,2025-06-04,True,True,5,8.7,85.8,2.0,Daniel Lewis,HR,HR Manager,2023-12-07,2.8,EMP0001,Delhi
TASK00166,EMP0136,Finance,Report,Medium,2026-03-29,2026-04-01,2026-04-06,True,False,9,13.7,79.9,1.0,Elizabeth Smith,Finance,Finance Manager,2021-07-29,14.5,EMP0004,Mumbai
TASK00167,EMP0195,Finance,Report,High,2025-05-14,2025-05-22,2025-05-27,True,False,10,12.7,74.5,5.0,Andrea Davidson,Finance,Accountant,2023-12-10,9.6,EMP0002,Mumbai
TASK00168,EMP0116,Support,Bug Fix,Low,2026-04-03,2026-04-11,2026-04-13,True,False,3,3.3,72.6,2.0,Colleen Olsen,Support,Support Lead,2024-05-31,3.9,EMP0011,Delhi
TASK00169,EMP0100,HR,Feature Dev,Medium,2025-05-15,2025-05-16,2025-05-16,True,True,36,71.7,83.6,4.0,Anne Williams,HR,HR Manager,2022-05-31,3.5,EMP0019,Remote
TASK00170,EMP0099,Finance,Client Call,Low,2025-06-01,2025-06-08,2025-06-08,True,True,28,29.7,81.8,4.0,Lisa Mcfarland,Finance,Finance Manager,2023-05-08,4.9,EMP0018,Bangalore
TASK00171,EMP0096,HR,Training,High,2025-09-26,2025-10-03,2025-10-03,True,True,24,16.3,78.3,4.0,Rachael Li,HR,Recruiter,2026-01-31,12.8,EMP0010,Remote
TASK00172,EMP0029,HR,Bug Fix,Medium,2026-03-11,2026-03-23,,False,False,2,0.0,0.0,,Daniel Lewis,HR,HR Manager,2023-12-07,2.8,EMP0001,Delhi
TASK00173,EMP0049,Sales,Documentation,Critical,2026-01-05,2026-01-13,2026-01-17,True,False,36,38.5,87.1,2.0,Todd Adams,Sales,Sales Rep,2022-10-12,8.3,EMP0005,Hyderabad
TASK00174,EMP0094,Finance,Client Call,Medium,2026-03-03,2026-03-06,2026-03-05,True,True,4,6.9,83.9,5.0,Anthony Nelson,Finance,Finance Manager,2025-10-25,10.9,EMP0007,Delhi
TASK00175,EMP0198,Support,Report,High,2025-08-31,2025-09-01,2025-09-01,True,True,8,11.1,95.6,5.0,Jennifer Moody,Support,Support Agent,2026-04-13,5.0,EMP0001,Remote
TASK00176,EMP0010,Finance,Training,Medium,2025-09-17,2025-10-01,2025-09-29,True,True,27,31.3,97.1,2.0,Kelsey Monroe,Finance,Analyst,2021-09-09,14.6,EMP0013,Bangalore
TASK00177,EMP0115,Marketing,Testing,High,2026-03-19,2026-04-01,2026-04-03,True,False,16,27.6,63.8,5.0,Jessica Moore,Marketing,Marketing Manager,2022-03-28,4.0,EMP0015,Bangalore
TASK00178,EMP0073,Support,Training,Medium,2025-09-25,2025-10-06,2025-10-07,True,False,21,38.1,87.0,2.0,Courtney Reyes,Support,Customer Success,2023-02-03,12.9,EMP0017,Hyderabad
TASK00179,EMP0052,Engineering,Bug Fix,Medium,2025-12-27,2026-01-01,2026-01-01,True,True,29,38.7,74.7,3.0,Patrick Mercer,Engineering,Junior Dev,2021-08-27,2.9,EMP0016,Hyderabad
TASK00180,EMP0177,HR,Meeting,Critical,2025-09-28,2025-10-09,2025-10-12,True,False,28,31.1,85.2,4.0,Douglas Yates,HR,Recruiter,2023-01-07,4.6,EMP0015,Bangalore
TASK00181,EMP0046,Sales,Code Review,Low,2025-05-25,2025-06-03,2025-06-04,True,False,21,37.5,100.0,4.0,Andrew Reed Jr.,Sales,Sales Rep,2022-04-27,1.9,EMP0014,Delhi
TASK00182,EMP0109,Sales,Client Call,Critical,2026-02-02,2026-02-11,2026-02-15,True,False,37,47.9,86.0,2.0,Scott Ewing,Sales,Sales Rep,2022-04-09,12.2,EMP0017,Hyderabad
TASK00183,EMP0078,Engineering,Documentation,Low,2026-02-21,2026-02-27,2026-03-04,True,False,25,16.0,72.3,1.0,Angela Stone,Engineering,Senior Dev,2024-09-17,8.9,EMP0005,Hyderabad
TASK00184,EMP0143,Marketing,Training,Low,2026-03-05,2026-03-16,2026-03-14,True,True,6,4.7,78.5,2.0,Kevin Baker,Marketing,Content Writer,2022-07-02,6.8,EMP0012,Hyderabad
TASK00185,EMP0193,Marketing,Bug Fix,Medium,2025-09-04,2025-09-18,,False,False,21,0.0,0.0,,Patricia Graves,Marketing,Marketing Manager,2026-01-07,12.5,EMP0001,Remote
TASK00186,EMP0016,Finance,Report,Low,2025-04-23,2025-04-27,,False,False,9,0.0,0.0,,Eric Scott,Finance,Finance Manager,2021-11-07,3.0,EMP0008,Mumbai
TASK00187,EMP0174,HR,Training,Critical,2026-03-14,2026-03-26,2026-03-27,True,False,27,50.6,66.6,3.0,Richard Henry,HR,Recruiter,2023-03-29,1.7,EMP0008,Mumbai
TASK00188,EMP0161,Finance,Training,High,2025-04-30,2025-05-07,2025-05-10,True,False,21,18.7,92.5,4.0,Jessica Scott,Finance,Accountant,2021-09-12,14.7,EMP0007,Delhi
TASK00189,EMP0151,Engineering,Testing,Medium,2026-01-25,2026-02-07,,False,False,32,0.0,0.0,,Tony Allen,Engineering,Tech Lead,2025-03-10,14.2,EMP0003,Mumbai
TASK00190,EMP0057,Support,Code Review,Critical,2026-04-06,2026-04-12,2026-04-10,True,True,38,68.3,94.1,1.0,Scott Harper,Support,Customer Success,2023-04-07,1.4,EMP0011,Bangalore
TASK00191,EMP0092,Finance,Testing,Low,2025-12-19,2025-12-29,2026-01-02,True,False,20,14.6,74.7,2.0,Bryce Valentine,Finance,Analyst,2021-09-30,6.1,EMP0019,Mumbai
TASK00192,EMP0106,Engineering,Report,Medium,2025-10-02,2025-10-16,2025-10-19,True,False,18,29.6,81.0,4.0,Jennifer Young,Engineering,Senior Dev,2024-12-07,6.5,EMP0019,Mumbai
TASK00193,EMP0106,Engineering,Report,Medium,2025-10-26,2025-11-07,2025-11-07,True,True,10,15.8,85.4,2.0,Jennifer Young,Engineering,Senior Dev,2024-12-07,6.5,EMP0019,Mumbai
TASK00194,EMP0025,Support,Training,Critical,2026-04-09,2026-04-18,,False,False,5,0.0,0.0,,Shannon Orozco,Support,Support Agent,2022-02-25,12.0,EMP0014,Remote
TASK00195,EMP0029,HR,Documentation,Low,2026-01-25,2026-02-08,2026-02-06,True,True,2,2.2,78.5,1.0,Daniel Lewis,HR,HR Manager,2023-12-07,2.8,EMP0001,Delhi
TASK00196,EMP0110,Engineering,Report,High,2025-08-07,2025-08-08,2025-08-13,True,False,25,14.8,79.4,4.0,Mary Richards,Engineering,Tech Lead,2026-04-14,4.1,EMP0004,Hyderabad
TASK00197,EMP0109,Sales,Meeting,Low,2026-04-14,2026-04-23,2026-04-21,True,True,3,3.9,81.0,5.0,Scott Ewing,Sales,Sales Rep,2022-04-09,12.2,EMP0017,Hyderabad
TASK00198,EMP0073,Support,Feature Dev,Critical,2025-10-25,2025-10-26,2025-10-30,True,False,13,8.6,71.0,5.0,Courtney Reyes,Support,Customer Success,2023-02-03,12.9,EMP0017,Hyderabad
TASK00199,EMP0127,Support,Client Call,Low,2026-04-08,2026-04-12,2026-04-14,True,False,24,21.6,85.1,1.0,Timothy Stewart,Support,Support Lead,2022-10-07,2.5,EMP0015,Mumbai
TASK00200,EMP0196,HR,Feature Dev,Medium,2025-12-30,2026-01-06,2026-01-07,True,False,16,15.2,87.0,1.0,Lisa Martinez,HR,Recruiter,2022-06-20,2.4,EMP0010,Hyderabad
TASK00201,EMP0176,Support,Code Review,Low,2026-01-07,2026-01-14,2026-01-19,True,False,5,7.3,72.6,1.0,William Fox,Support,Customer Success,2024-04-15,7.3,EMP0002,Mumbai
TASK00202,EMP0042,Engineering,Feature Dev,Medium,2025-09-25,2025-10-02,2025-10-05,True,False,38,74.7,81.1,5.0,Elizabeth Hayes,Engineering,Tech Lead,2024-12-22,9.7,EMP0008,Bangalore
TASK00203,EMP0122,Marketing,Feature Dev,Critical,2025-06-21,2025-06-25,2025-06-30,True,False,19,10.8,78.4,3.0,Erin Dixon,Marketing,SEO Specialist,2026-04-01,8.3,EMP0018,Remote
TASK00204,EMP0071,Engineering,Documentation,High,2026-02-17,2026-02-27,2026-02-27,True,True,22,11.5,81.0,5.0,Elizabeth Decker,Engineering,Junior Dev,2025-10-02,11.3,EMP0005,Delhi
TASK00205,EMP0043,Engineering,Documentation,Low,2025-09-05,2025-09-19,2025-09-23,True,False,6,5.7,93.1,5.0,Melinda Zuniga,Engineering,Senior Dev,2023-04-19,1.5,EMP0008,Delhi
TASK00206,EMP0012,Finance,Code Review,High,2026-02-21,2026-02-28,2026-03-03,True,False,26,42.5,82.9,1.0,Leslie Ramos,Finance,Analyst,2022-07-08,10.7,EMP0002,Mumbai
TASK00207,EMP0049,Sales,Testing,Medium,2025-05-08,2025-05-14,2025-05-18,True,False,16,28.1,74.7,5.0,Todd Adams,Sales,Sales Rep,2022-10-12,8.3,EMP0005,Hyderabad
TASK00208,EMP0099,Finance,Report,High,2025-07-12,2025-07-22,2025-07-25,True,False,3,4.4,89.8,4.0,Lisa Mcfarland,Finance,Finance Manager,2023-05-08,4.9,EMP0018,Bangalore
TASK00209,EMP0084,HR,Code Review,Low,2025-11-20,2025-11-29,,False,False,29,0.0,0.0,,Rachel Huang,HR,HR Coordinator,2025-07-18,11.9,EMP0004,Hyderabad
TASK00210,EMP0013,HR,Feature Dev,Medium,2025-07-24,2025-08-04,2025-08-06,True,False,17,26.7,91.4,3.0,James Walker,HR,HR Coordinator,2022-03-19,12.9,EMP0004,Hyderabad
TASK00211,EMP0139,Finance,Feature Dev,Low,2025-05-22,2025-06-03,2025-06-03,True,True,26,25.4,79.6,1.0,Peter Ware,Finance,Finance Manager,2023-08-18,12.5,EMP0008,Bangalore
TASK00212,EMP0080,Sales,Code Review,Low,2025-10-06,2025-10-11,2025-10-13,True,False,8,5.6,88.4,4.0,Leslie Harris,Sales,Sales Lead,2024-02-29,4.1,EMP0004,Delhi
TASK00213,EMP0150,HR,Training,Medium,2026-03-25,2026-04-03,2026-04-02,True,True,3,1.9,74.7,1.0,Richard Kim,HR,HR Manager,2025-11-04,13.3,EMP0009,Remote
TASK00214,EMP0112,HR,Client Call,Medium,2025-05-30,2025-06-12,2025-06-16,True,False,2,1.9,88.6,1.0,Dominique Perez,HR,HR Manager,2023-01-31,9.4,EMP0017,Hyderabad
TASK00215,EMP0099,Finance,Training,High,2025-12-01,2025-12-10,,False,False,17,0.0,0.0,,Lisa Mcfarland,Finance,Finance Manager,2023-05-08,4.9,EMP0018,Bangalore
TASK00216,EMP0064,Sales,Code Review,Low,2026-03-22,2026-03-29,2026-03-31,True,False,21,19.0,83.6,1.0,William Smith,Sales,Account Manager,2025-01-05,6.2,EMP0010,Hyderabad
TASK00217,EMP0017,Marketing,Documentation,Low,2025-12-01,2025-12-06,2025-12-11,True,False,6,6.3,80.3,4.0,Allison Moore,Marketing,SEO Specialist,2021-09-30,4.4,EMP0018,Mumbai
TASK00218,EMP0180,Sales,Client Call,Medium,2026-01-14,2026-01-18,2026-01-18,True,True,21,10.7,73.7,3.0,Daniel Ryan,Sales,Sales Rep,2022-06-28,1.4,EMP0010,Remote
TASK00219,EMP0191,Support,Code Review,High,2025-09-08,2025-09-15,2025-09-18,True,False,30,30.1,69.6,3.0,Tamara Ramirez,Support,Support Lead,2021-06-04,12.3,EMP0018,Bangalore
TASK00220,EMP0047,Marketing,Testing,Medium,2025-07-08,2025-07-20,2025-07-23,True,False,13,25.3,69.4,3.0,Christopher Conley,Marketing,SEO Specialist,2022-11-08,7.3,EMP0002,Bangalore
TASK00221,EMP0072,HR,Client Call,High,2026-03-23,2026-04-03,2026-04-04,True,False,22,23.4,77.6,3.0,Norman Johnson,HR,Recruiter,2022-01-08,3.6,EMP0011,Mumbai
TASK00222,EMP0111,Sales,Report,Low,2025-11-18,2025-11-28,2025-11-28,True,True,37,20.0,100.0,2.0,Alex Carter,Sales,Account Manager,2026-04-03,10.2,EMP0018,Remote
TASK00223,EMP0135,Sales,Code Review,Medium,2026-02-14,2026-02-19,2026-02-18,True,True,28,42.3,78.1,3.0,Jack Clark,Sales,Account Manager,2022-02-08,10.6,EMP0012,Mumbai
TASK00224,EMP0044,Support,Report,Low,2025-11-09,2025-11-20,2025-11-24,True,False,26,15.9,87.9,5.0,Debbie Gordon,Support,Support Lead,2025-03-03,3.6,EMP0005,Remote
TASK00225,EMP0062,Finance,Training,Medium,2025-04-16,2025-04-25,,False,False,28,0.0,0.0,,Gloria Rodriguez,Finance,Analyst,2024-03-03,6.6,EMP0019,Remote
TASK00226,EMP0040,Engineering,Testing,Low,2026-02-07,2026-02-13,2026-02-12,True,True,8,13.2,84.3,2.0,Andrea Kennedy,Engineering,Junior Dev,2025-03-30,3.8,EMP0011,Bangalore
TASK00227,EMP0014,HR,Client Call,Medium,2025-11-14,2025-11-15,2025-11-19,True,False,23,44.8,88.1,1.0,Kathryn Perez,HR,HR Manager,2023-11-12,9.7,EMP0012,Mumbai
TASK00228,EMP0076,Sales,Report,Low,2025-11-13,2025-11-18,2025-11-19,True,False,30,31.8,99.4,5.0,Brianna Black,Sales,Sales Lead,2024-03-04,6.9,EMP0014,Remote
TASK00229,EMP0047,Marketing,Client Call,Medium,2025-08-30,2025-09-02,2025-08-31,True,True,32,21.0,78.4,1.0,Christopher Conley,Marketing,SEO Specialist,2022-11-08,7.3,EMP0002,Bangalore
TASK00230,EMP0148,Finance,Documentation,Low,2025-12-04,2025-12-16,2025-12-18,True,False,23,27.2,60.7,5.0,John Johnson,Finance,Finance Manager,2023-12-08,6.0,EMP0001,Hyderabad
TASK00231,EMP0103,HR,Bug Fix,Medium,2025-11-20,2025-11-28,2025-12-03,True,False,22,13.2,85.8,1.0,Courtney Nguyen,HR,Recruiter,2022-10-17,10.1,EMP0020,Delhi
TASK00232,EMP0048,Engineering,Training,Low,2025-07-07,2025-07-13,2025-07-13,True,True,17,21.7,95.5,2.0,John Martin,Engineering,Senior Dev,2022-11-09,11.1,EMP0004,Mumbai
TASK00233,EMP0129,HR,Client Call,Medium,2025-10-05,2025-10-12,,False,False,16,0.0,0.0,,Shane Barnes,HR,HR Manager,2022-12-09,11.5,EMP0013,Delhi
TASK00234,EMP0078,Engineering,Documentation,Medium,2025-07-06,2025-07-09,2025-07-13,True,False,27,14.7,95.2,4.0,Angela Stone,Engineering,Senior Dev,2024-09-17,8.9,EMP0005,Hyderabad
TASK00235,EMP0080,Sales,Feature Dev,Medium,2025-12-26,2026-01-02,2026-01-03,True,False,15,13.8,100.0,5.0,Leslie Harris,Sales,Sales Lead,2024-02-29,4.1,EMP0004,Delhi
TASK00236,EMP0066,Engineering,Feature Dev,Low,2025-09-13,2025-09-27,2025-09-30,True,False,22,17.5,81.7,3.0,Miguel Jimenez,Engineering,Junior Dev,2025-01-20,8.3,EMP0017,Delhi
TASK00237,EMP0064,Sales,Client Call,Medium,2025-08-10,2025-08-18,2025-08-21,True,False,40,43.3,77.7,5.0,William Smith,Sales,Account Manager,2025-01-05,6.2,EMP0010,Hyderabad
TASK00238,EMP0184,Engineering,Meeting,Low,2025-06-09,2025-06-15,,False,False,13,0.0,0.0,,Steven Barton,Engineering,Senior Dev,2022-12-06,11.2,EMP0020,Delhi
TASK00239,EMP0050,Sales,Meeting,Critical,2025-09-13,2025-09-23,2025-09-23,True,True,22,14.9,93.7,1.0,Jennifer Lee,Sales,Account Manager,2025-03-31,7.2,EMP0003,Hyderabad
TASK00240,EMP0055,Marketing,Client Call,Low,2025-09-27,2025-10-09,2025-10-13,True,False,28,39.0,61.5,4.0,Pamela Powell,Marketing,Marketing Manager,2025-02-16,14.4,EMP0018,Hyderabad
TASK00241,EMP0117,Finance,Meeting,Low,2025-05-10,2025-05-21,2025-05-21,True,True,37,27.8,92.7,2.0,Gregory Christensen,Finance,Analyst,2022-01-23,2.5,EMP0008,Hyderabad
TASK00242,EMP0060,Finance,Report,Low,2026-01-23,2026-02-06,2026-02-04,True,True,24,46.3,81.8,2.0,Phillip Cummings,Finance,Analyst,2025-05-31,10.3,EMP0008,Hyderabad
TASK00243,EMP0052,Engineering,Report,Low,2026-01-05,2026-01-12,,False,False,34,0.0,0.0,,Patrick Mercer,Engineering,Junior Dev,2021-08-27,2.9,EMP0016,Hyderabad
TASK00244,EMP0012,Finance,Bug Fix,Medium,2026-01-05,2026-01-13,2026-01-18,True,False,33,24.8,80.6,2.0,Leslie Ramos,Finance,Analyst,2022-07-08,10.7,EMP0002,Mumbai
TASK00245,EMP0165,Engineering,Report,Low,2025-08-22,2025-08-27,2025-08-29,True,False,12,20.1,48.2,5.0,Joshua Mills,Engineering,Tech Lead,2025-12-13,4.6,EMP0016,Hyderabad
TASK00246,EMP0098,Finance,Bug Fix,Medium,2025-11-07,2025-11-17,2025-11-20,True,False,36,62.4,84.3,4.0,Angela Aguilar,Finance,Analyst,2022-06-15,3.3,EMP0013,Mumbai
TASK00247,EMP0110,Engineering,Bug Fix,Medium,2025-08-19,2025-08-26,2025-08-27,True,False,21,38.1,67.2,4.0,Mary Richards,Engineering,Tech Lead,2026-04-14,4.1,EMP0004,Hyderabad
TASK00248,EMP0185,Engineering,Documentation,Low,2025-09-03,2025-09-17,2025-09-22,True,False,9,15.0,58.7,2.0,Mrs. Toni Webb,Engineering,Junior Dev,2021-05-01,3.8,EMP0019,Remote
TASK00249,EMP0074,HR,Documentation,High,2026-04-09,2026-04-19,2026-04-23,True,False,12,17.1,71.0,2.0,Sheena Chandler,HR,HR Coordinator,2024-05-03,1.8,EMP0014,Delhi
TASK00250,EMP0127,Support,Testing,High,2025-10-11,2025-10-21,2025-10-23,True,False,40,52.3,98.3,3.0,Timothy Stewart,Support,Support Lead,2022-10-07,2.5,EMP0015,Mumbai
TASK00251,EMP0106,Engineering,Feature Dev,Low,2025-08-24,2025-08-29,,False,False,34,0.0,0.0,,Jennifer Young,Engineering,Senior Dev,2024-12-07,6.5,EMP0019,Mumbai
TASK00252,EMP0091,HR,Code Review,Low,2026-03-02,2026-03-15,2026-03-13,True,True,19,34.2,94.3,2.0,Heather Wright,HR,Recruiter,2022-09-23,11.9,EMP0014,Remote
TASK00253,EMP0123,Sales,Meeting,Low,2026-01-09,2026-01-21,2026-01-22,True,False,27,33.3,83.1,4.0,Collin Weber,Sales,Account Manager,2024-12-22,3.7,EMP0014,Hyderabad
TASK00254,EMP0032,Sales,Meeting,Medium,2025-12-28,2025-12-30,2025-12-29,True,True,27,34.4,74.6,3.0,Olivia Griffin,Sales,Sales Lead,2025-11-28,14.3,EMP0017,Bangalore
TASK00255,EMP0060,Finance,Report,Medium,2026-02-05,2026-02-13,2026-02-11,True,True,7,11.2,78.7,3.0,Phillip Cummings,Finance,Analyst,2025-05-31,10.3,EMP0008,Hyderabad
TASK00256,EMP0164,HR,Report,High,2025-07-05,2025-07-18,2025-07-19,True,False,29,50.4,99.1,3.0,Jennifer Powers,HR,Recruiter,2024-04-02,14.2,EMP0016,Bangalore
TASK00257,EMP0151,Engineering,Testing,Medium,2025-11-05,2025-11-10,2025-11-10,True,True,38,67.6,62.1,1.0,Tony Allen,Engineering,Tech Lead,2025-03-10,14.2,EMP0003,Mumbai
TASK00258,EMP0131,Support,Code Review,Low,2025-11-28,2025-12-09,2025-12-14,True,False,3,2.1,88.0,4.0,Robin Jones,Support,Customer Success,2023-05-11,1.3,EMP0012,Mumbai
TASK00259,EMP0157,HR,Meeting,Medium,2025-06-01,2025-06-08,2025-06-08,True,True,21,15.5,78.7,1.0,James Garza,HR,Recruiter,2023-07-31,7.1,EMP0010,Delhi
TASK00260,EMP0156,HR,Meeting,Medium,2025-10-07,2025-10-12,2025-10-12,True,True,5,5.5,79.9,2.0,Jason Jarvis,HR,HR Manager,2026-01-05,15.0,EMP0018,Delhi
TASK00261,EMP0173,Finance,Code Review,Medium,2026-02-08,2026-02-10,2026-02-09,True,True,15,18.2,71.3,5.0,Jasmine Lewis,Finance,Finance Manager,2022-01-09,1.9,EMP0007,Mumbai
TASK00262,EMP0052,Engineering,Client Call,Low,2025-10-25,2025-11-05,2025-11-03,True,True,23,39.7,77.0,2.0,Patrick Mercer,Engineering,Junior Dev,2021-08-27,2.9,EMP0016,Hyderabad
TASK00263,EMP0073,Support,Meeting,Medium,2025-06-05,2025-06-09,2025-06-08,True,True,8,7.8,65.1,2.0,Courtney Reyes,Support,Customer Success,2023-02-03,12.9,EMP0017,Hyderabad
TASK00264,EMP0111,Sales,Bug Fix,Medium,2026-02-15,2026-03-01,2026-03-01,True,True,11,6.6,90.2,5.0,Alex Carter,Sales,Account Manager,2026-04-03,10.2,EMP0018,Remote
TASK00265,EMP0191,Support,Report,Medium,2025-08-28,2025-09-05,2025-09-06,True,False,11,20.7,76.3,2.0,Tamara Ramirez,Support,Support Lead,2021-06-04,12.3,EMP0018,Bangalore
TASK00266,EMP0178,Support,Testing,Low,2025-09-21,2025-09-23,2025-09-22,True,True,39,62.2,84.8,4.0,Thomas Hernandez,Support,Support Agent,2025-01-27,13.9,EMP0019,Mumbai
TASK00267,EMP0193,Marketing,Meeting,Medium,2025-06-03,2025-06-06,2025-06-05,True,True,17,22.6,76.9,1.0,Patricia Graves,Marketing,Marketing Manager,2026-01-07,12.5,EMP0001,Remote
TASK00268,EMP0120,Sales,Documentation,High,2026-01-26,2026-02-06,2026-02-07,True,False,35,49.4,78.5,4.0,Lawrence Charles,Sales,Account Manager,2023-03-04,6.1,EMP0019,Bangalore
TASK00269,EMP0110,Engineering,Documentation,Low,2025-06-13,2025-06-14,2025-06-15,True,False,33,35.6,56.7,4.0,Mary Richards,Engineering,Tech Lead,2026-04-14,4.1,EMP0004,Hyderabad
TASK00270,EMP0148,Finance,Code Review,Medium,2026-02-06,2026-02-08,2026-02-07,True,True,25,47.5,81.7,4.0,John Johnson,Finance,Finance Manager,2023-12-08,6.0,EMP0001,Hyderabad
TASK00271,EMP0149,HR,Feature Dev,High,2025-06-22,2025-07-02,2025-07-02,True,True,32,61.8,85.3,1.0,Amber Nelson,HR,HR Coordinator,2022-12-28,7.6,EMP0012,Delhi
TASK00272,EMP0120,Sales,Client Call,Medium,2025-05-18,2025-05-19,2025-05-19,True,True,5,9.6,96.2,5.0,Lawrence Charles,Sales,Account Manager,2023-03-04,6.1,EMP0019,Bangalore
TASK00273,EMP0071,Engineering,Feature Dev,Low,2025-07-28,2025-08-09,2025-08-13,True,False,29,45.0,71.6,5.0,Elizabeth Decker,Engineering,Junior Dev,2025-10-02,11.3,EMP0005,Delhi
TASK00274,EMP0038,Finance,Documentation,Medium,2026-04-02,2026-04-05,2026-04-07,True,False,7,8.9,70.9,2.0,Matthew Hughes,Finance,Finance Manager,2025-03-08,10.5,EMP0010,Hyderabad
TASK00275,EMP0067,Sales,Documentation,Medium,2025-09-06,2025-09-13,2025-09-12,True,True,21,32.5,88.3,1.0,Devon Jackson,Sales,Account Manager,2024-03-31,13.3,EMP0008,Delhi
TASK00276,EMP0159,Support,Code Review,Low,2025-07-09,2025-07-16,2025-07-14,True,True,21,31.5,86.5,1.0,Carol Lee,Support,Customer Success,2021-08-08,14.3,EMP0006,Mumbai
TASK00277,EMP0114,HR,Training,Low,2026-03-25,2026-03-28,2026-03-28,True,True,33,63.7,74.0,5.0,Kelli Berry,HR,HR Coordinator,2023-03-04,12.7,EMP0009,Remote
TASK00278,EMP0116,Support,Meeting,High,2025-11-16,2025-11-28,2025-12-01,True,False,10,16.2,78.0,1.0,Colleen Olsen,Support,Support Lead,2024-05-31,3.9,EMP0011,Delhi
TASK00279,EMP0061,Engineering,Meeting,High,2026-01-24,2026-01-25,2026-01-29,True,False,19,24.4,77.4,5.0,Maria Rodriguez,Engineering,Tech Lead,2024-02-04,4.1,EMP0020,Bangalore
TASK00280,EMP0142,Engineering,Code Review,Medium,2025-09-09,2025-09-17,2025-09-20,True,False,5,6.2,77.4,3.0,Jacob Stein,Engineering,Tech Lead,2025-10-06,9.9,EMP0001,Hyderabad
TASK00281,EMP0038,Finance,Bug Fix,Low,2025-05-13,2025-05-26,2025-05-25,True,True,16,25.8,62.4,1.0,Matthew Hughes,Finance,Finance Manager,2025-03-08,10.5,EMP0010,Hyderabad
TASK00282,EMP0178,Support,Code Review,High,2025-06-17,2025-06-18,2025-06-23,True,False,25,26.9,74.7,2.0,Thomas Hernandez,Support,Support Agent,2025-01-27,13.9,EMP0019,Mumbai
TASK00283,EMP0098,Finance,Client Call,Critical,2025-08-02,2025-08-16,2025-08-20,True,False,16,15.7,95.9,3.0,Angela Aguilar,Finance,Analyst,2022-06-15,3.3,EMP0013,Mumbai
TASK00284,EMP0059,Engineering,Bug Fix,Low,2025-08-07,2025-08-09,2025-08-08,True,True,34,51.3,91.8,2.0,Richard Barker,Engineering,Tech Lead,2021-12-24,1.7,EMP0006,Bangalore
TASK00285,EMP0017,Marketing,Feature Dev,Low,2025-08-28,2025-09-06,,False,False,27,0.0,0.0,,Allison Moore,Marketing,SEO Specialist,2021-09-30,4.4,EMP0018,Mumbai
TASK00286,EMP0184,Engineering,Report,High,2025-06-25,2025-07-09,2025-07-11,True,False,22,13.9,61.6,1.0,Steven Barton,Engineering,Senior Dev,2022-12-06,11.2,EMP0020,Delhi
TASK00287,EMP0046,Sales,Report,Medium,2025-06-22,2025-06-27,2025-06-29,True,False,17,20.3,100.0,2.0,Andrew Reed Jr.,Sales,Sales Rep,2022-04-27,1.9,EMP0014,Delhi
TASK00288,EMP0003,Finance,Client Call,High,2025-09-16,2025-09-25,2025-09-26,True,False,11,5.6,90.2,1.0,Christopher Barber,Finance,Accountant,2024-04-21,1.0,EMP0003,Mumbai
TASK00289,EMP0179,Marketing,Client Call,Low,2025-10-24,2025-10-30,2025-10-28,True,True,23,11.6,72.0,3.0,Justin White,Marketing,Content Writer,2023-03-29,8.4,EMP0005,Delhi
TASK00290,EMP0112,HR,Report,Low,2025-07-29,2025-08-07,,False,False,28,0.0,0.0,,Dominique Perez,HR,HR Manager,2023-01-31,9.4,EMP0017,Hyderabad
TASK00291,EMP0128,Engineering,Training,Critical,2025-09-30,2025-10-03,2025-10-02,True,True,4,7.5,76.4,4.0,Jennifer Perez,Engineering,Senior Dev,2025-09-24,6.0,EMP0007,Hyderabad
TASK00292,EMP0017,Marketing,Code Review,High,2025-10-21,2025-10-27,2025-10-26,True,True,39,25.1,82.9,4.0,Allison Moore,Marketing,SEO Specialist,2021-09-30,4.4,EMP0018,Mumbai
TASK00293,EMP0139,Finance,Testing,Low,2025-10-30,2025-11-09,2025-11-09,True,True,17,15.9,80.0,4.0,Peter Ware,Finance,Finance Manager,2023-08-18,12.5,EMP0008,Bangalore
TASK00294,EMP0185,Engineering,Documentation,High,2026-03-04,2026-03-16,2026-03-21,True,False,19,16.2,67.9,2.0,Mrs. Toni Webb,Engineering,Junior Dev,2021-05-01,3.8,EMP0019,Remote
TASK00295,EMP0159,Support,Testing,High,2025-10-13,2025-10-23,2025-10-22,True,True,12,14.1,84.4,4.0,Carol Lee,Support,Customer Success,2021-08-08,14.3,EMP0006,Mumbai
TASK00296,EMP0091,HR,Report,Low,2025-12-13,2025-12-19,,False,False,15,0.0,0.0,,Heather Wright,HR,Recruiter,2022-09-23,11.9,EMP0014,Remote
TASK00297,EMP0062,Finance,Meeting,Medium,2025-08-25,2025-08-30,2025-08-29,True,True,12,20.5,74.9,5.0,Gloria Rodriguez,Finance,Analyst,2024-03-03,6.6,EMP0019,Remote
TASK00298,EMP0107,Support,Testing,Low,2025-04-26,2025-05-10,2025-05-10,True,True,7,11.0,78.9,4.0,Lisa Shepard,Support,Customer Success,2024-05-01,6.1,EMP0013,Mumbai
TASK00299,EMP0160,Sales,Report,Medium,2025-08-22,2025-09-02,2025-09-02,True,True,3,5.8,91.1,5.0,Angela Benton,Sales,Sales Lead,2023-03-07,7.5,EMP0019,Remote
TASK00300,EMP0160,Sales,Bug Fix,High,2025-12-16,2025-12-20,2025-12-19,True,True,10,6.8,73.2,2.0,Angela Benton,Sales,Sales Lead,2023-03-07,7.5,EMP0019,Remote
TASK00301,EMP0178,Support,Feature Dev,Low,2026-01-15,2026-01-29,2026-01-28,True,True,39,53.8,79.8,1.0,Thomas Hernandez,Support,Support Agent,2025-01-27,13.9,EMP0019,Mumbai
TASK00302,EMP0139,Finance,Code Review,Critical,2025-06-08,2025-06-12,,False,False,30,0.0,0.0,,Peter Ware,Finance,Finance Manager,2023-08-18,12.5,EMP0008,Bangalore
TASK00303,EMP0161,Finance,Report,Low,2025-07-08,2025-07-22,2025-07-25,True,False,9,5.1,88.8,1.0,Jessica Scott,Finance,Accountant,2021-09-12,14.7,EMP0007,Delhi
TASK00304,EMP0075,Engineering,Client Call,Low,2025-12-29,2026-01-08,2026-01-12,True,False,33,18.0,66.1,2.0,Deborah Ramos,Engineering,Junior Dev,2025-09-30,5.3,EMP0005,Delhi
TASK00305,EMP0041,Finance,Documentation,Medium,2025-07-25,2025-07-28,2025-08-02,True,False,11,6.1,72.9,3.0,James Walters,Finance,Finance Manager,2025-01-15,3.8,EMP0008,Bangalore
TASK00306,EMP0026,Engineering,Client Call,Medium,2025-09-22,2025-10-01,2025-09-30,True,True,19,20.4,72.7,2.0,Calvin Kane,Engineering,Senior Dev,2023-09-23,6.0,EMP0015,Remote
TASK00307,EMP0195,Finance,Testing,Medium,2025-10-21,2025-11-03,2025-11-01,True,True,26,43.5,78.9,4.0,Andrea Davidson,Finance,Accountant,2023-12-10,9.6,EMP0002,Mumbai
TASK00308,EMP0186,Engineering,Bug Fix,Medium,2025-12-29,2026-01-06,2026-01-09,True,False,26,23.5,73.7,3.0,Jamie Herman,Engineering,Tech Lead,2022-01-16,12.4,EMP0019,Bangalore
TASK00309,EMP0176,Support,Bug Fix,Medium,2025-05-09,2025-05-10,,False,False,19,0.0,0.0,,William Fox,Support,Customer Success,2024-04-15,7.3,EMP0002,Mumbai
TASK00310,EMP0052,Engineering,Documentation,High,2026-01-27,2026-02-04,2026-02-05,True,False,12,7.8,77.4,3.0,Patrick Mercer,Engineering,Junior Dev,2021-08-27,2.9,EMP0016,Hyderabad
TASK00311,EMP0071,Engineering,Documentation,Medium,2025-08-11,2025-08-24,,False,False,5,0.0,0.0,,Elizabeth Decker,Engineering,Junior Dev,2025-10-02,11.3,EMP0005,Delhi
TASK00312,EMP0187,Sales,Testing,Medium,2025-08-06,2025-08-19,2025-08-19,True,True,13,11.1,83.8,3.0,Daniel Nguyen,Sales,Account Manager,2022-08-03,8.0,EMP0015,Delhi
TASK00313,EMP0055,Marketing,Documentation,Critical,2025-09-13,2025-09-14,2025-09-17,True,False,38,51.1,81.6,4.0,Pamela Powell,Marketing,Marketing Manager,2025-02-16,14.4,EMP0018,Hyderabad
TASK00314,EMP0062,Finance,Documentation,Medium,2025-04-18,2025-04-21,2025-04-20,True,True,5,4.2,78.1,1.0,Gloria Rodriguez,Finance,Analyst,2024-03-03,6.6,EMP0019,Remote
TASK00315,EMP0053,Sales,Code Review,Medium,2025-12-02,2025-12-03,2025-12-04,True,False,10,10.1,88.9,3.0,Charlotte Wells DVM,Sales,Account Manager,2023-06-24,13.6,EMP0006,Hyderabad
TASK00316,EMP0121,Finance,Testing,Low,2026-02-08,2026-02-11,2026-02-11,True,True,9,15.9,73.6,1.0,Michael Dyer,Finance,Accountant,2023-05-31,7.4,EMP0012,Delhi
TASK00317,EMP0121,Finance,Code Review,Medium,2025-05-29,2025-06-09,2025-06-08,True,True,23,21.9,83.7,2.0,Michael Dyer,Finance,Accountant,2023-05-31,7.4,EMP0012,Delhi
TASK00318,EMP0180,Sales,Training,High,2026-04-11,2026-04-18,2026-04-23,True,False,22,16.7,86.7,5.0,Daniel Ryan,Sales,Sales Rep,2022-06-28,1.4,EMP0010,Remote
TASK00319,EMP0047,Marketing,Meeting,High,2026-02-17,2026-02-21,2026-02-21,True,True,26,25.0,82.0,2.0,Christopher Conley,Marketing,SEO Specialist,2022-11-08,7.3,EMP0002,Bangalore
TASK00320,EMP0149,HR,Client Call,Low,2025-05-20,2025-05-21,,False,False,38,0.0,0.0,,Amber Nelson,HR,HR Coordinator,2022-12-28,7.6,EMP0012,Delhi
TASK00321,EMP0017,Marketing,Code Review,High,2025-08-05,2025-08-18,,False,False,4,0.0,0.0,,Allison Moore,Marketing,SEO Specialist,2021-09-30,4.4,EMP0018,Mumbai
TASK00322,EMP0024,Marketing,Feature Dev,Medium,2025-07-16,2025-07-29,,False,False,16,0.0,0.0,,Briana Dawson,Marketing,Content Writer,2023-01-29,11.5,EMP0004,Mumbai
TASK00323,EMP0039,Support,Testing,Critical,2025-08-06,2025-08-09,2025-08-08,True,True,17,17.3,71.2,2.0,Katherine Stanley,Support,Customer Success,2023-08-12,5.9,EMP0017,Hyderabad
TASK00324,EMP0130,Marketing,Documentation,Medium,2026-01-09,2026-01-11,2026-01-14,True,False,30,15.5,78.7,2.0,Willie Johnson,Marketing,SEO Specialist,2024-07-24,12.6,EMP0016,Bangalore
TASK00325,EMP0064,Sales,Report,Medium,2025-05-12,2025-05-18,2025-05-17,True,True,2,1.1,87.7,4.0,William Smith,Sales,Account Manager,2025-01-05,6.2,EMP0010,Hyderabad
TASK00326,EMP0102,Finance,Feature Dev,Critical,2025-05-03,2025-05-10,2025-05-14,True,False,24,31.7,100.0,4.0,Kimberly Brown,Finance,Accountant,2022-08-11,12.0,EMP0006,Bangalore
TASK00327,EMP0114,HR,Bug Fix,High,2025-10-09,2025-10-19,2025-10-20,True,False,12,14.1,76.7,3.0,Kelli Berry,HR,HR Coordinator,2023-03-04,12.7,EMP0009,Remote
TASK00328,EMP0045,Finance,Testing,Low,2025-09-07,2025-09-12,,False,False,6,0.0,0.0,,Brianna Vega,Finance,Accountant,2023-10-15,4.0,EMP0016,Hyderabad
TASK00329,EMP0036,Sales,Feature Dev,Low,2025-07-10,2025-07-17,2025-07-16,True,True,37,70.8,80.1,3.0,Jamie Swanson,Sales,Sales Rep,2023-10-11,10.1,EMP0018,Mumbai
TASK00330,EMP0182,Marketing,Client Call,Medium,2025-07-06,2025-07-16,,False,False,3,0.0,0.0,,Alexander Garcia,Marketing,Marketing Manager,2021-10-21,4.9,EMP0013,Delhi
TASK00331,EMP0077,Engineering,Testing,Critical,2025-09-27,2025-09-30,2025-10-04,True,False,12,7.0,72.3,2.0,Matthew Pitts,Engineering,Junior Dev,2025-08-03,1.6,EMP0005,Remote
TASK00332,EMP0163,Sales,Feature Dev,Critical,2025-11-01,2025-11-08,2025-11-10,True,False,20,18.9,77.8,1.0,Drew Mckinney,Sales,Account Manager,2021-11-24,1.2,EMP0002,Remote
TASK00333,EMP0191,Support,Client Call,Medium,2025-07-12,2025-07-21,2025-07-21,True,True,5,5.2,61.6,1.0,Tamara Ramirez,Support,Support Lead,2021-06-04,12.3,EMP0018,Bangalore
TASK00334,EMP0061,Engineering,Documentation,Low,2025-12-17,2025-12-28,2026-01-02,True,False,14,9.0,88.4,2.0,Maria Rodriguez,Engineering,Tech Lead,2024-02-04,4.1,EMP0020,Bangalore
TASK00335,EMP0172,Finance,Report,Medium,2025-11-26,2025-11-28,2025-11-27,True,True,21,35.2,89.9,4.0,Denise Medina,Finance,Accountant,2022-08-13,4.9,EMP0020,Bangalore
TASK00336,EMP0051,Finance,Client Call,High,2025-07-20,2025-07-25,2025-07-29,True,False,13,13.7,65.1,3.0,Lisa Sutton,Finance,Analyst,2022-05-10,1.2,EMP0018,Bangalore
TASK00337,EMP0075,Engineering,Meeting,Low,2026-01-25,2026-01-26,2026-01-31,True,False,18,15.1,74.8,5.0,Deborah Ramos,Engineering,Junior Dev,2025-09-30,5.3,EMP0005,Delhi
TASK00338,EMP0156,HR,Training,Low,2025-07-02,2025-07-15,2025-07-14,True,True,7,10.5,81.5,4.0,Jason Jarvis,HR,HR Manager,2026-01-05,15.0,EMP0018,Delhi
TASK00339,EMP0047,Marketing,Client Call,Critical,2025-08-27,2025-09-06,2025-09-04,True,True,26,44.9,77.9,5.0,Christopher Conley,Marketing,SEO Specialist,2022-11-08,7.3,EMP0002,Bangalore
TASK00340,EMP0145,Finance,Client Call,Medium,2025-09-20,2025-09-28,2025-09-29,True,False,32,30.3,71.8,1.0,Melissa Barnes,Finance,Finance Manager,2024-03-19,11.7,EMP0015,Hyderabad
TASK00341,EMP0107,Support,Report,Medium,2025-10-06,2025-10-15,2025-10-15,True,True,9,17.3,88.9,2.0,Lisa Shepard,Support,Customer Success,2024-05-01,6.1,EMP0013,Mumbai
TASK00342,EMP0019,Engineering,Code Review,Critical,2025-08-24,2025-08-27,,False,False,14,0.0,0.0,,Christopher Lester,Engineering,Senior Dev,2024-07-20,6.3,EMP0003,Mumbai
TASK00343,EMP0143,Marketing,Documentation,Low,2025-12-26,2025-12-28,,False,False,29,0.0,0.0,,Kevin Baker,Marketing,Content Writer,2022-07-02,6.8,EMP0012,Hyderabad
TASK00344,EMP0076,Sales,Feature Dev,Critical,2025-12-05,2025-12-16,2025-12-18,True,False,22,41.1,88.1,1.0,Brianna Black,Sales,Sales Lead,2024-03-04,6.9,EMP0014,Remote
TASK00345,EMP0189,Marketing,Bug Fix,Medium,2025-05-26,2025-06-02,2025-06-04,True,False,35,41.6,87.0,5.0,Jennifer Travis,Marketing,SEO Specialist,2022-08-13,6.4,EMP0011,Bangalore
TASK00346,EMP0026,Engineering,Feature Dev,Medium,2025-06-26,2025-07-09,2025-07-13,True,False,11,7.9,49.4,1.0,Calvin Kane,Engineering,Senior Dev,2023-09-23,6.0,EMP0015,Remote
TASK00347,EMP0096,HR,Report,Medium,2025-07-19,2025-07-21,2025-07-24,True,False,28,25.1,72.1,5.0,Rachael Li,HR,Recruiter,2026-01-31,12.8,EMP0010,Remote
TASK00348,EMP0055,Marketing,Client Call,Medium,2025-06-25,2025-06-26,2025-06-30,True,False,11,15.7,79.2,1.0,Pamela Powell,Marketing,Marketing Manager,2025-02-16,14.4,EMP0018,Hyderabad
TASK00349,EMP0111,Sales,Testing,Medium,2025-12-19,2025-12-25,2025-12-23,True,True,32,60.2,84.4,1.0,Alex Carter,Sales,Account Manager,2026-04-03,10.2,EMP0018,Remote
TASK00350,EMP0188,Sales,Feature Dev,Medium,2025-06-12,2025-06-25,2025-06-27,True,False,33,59.0,91.0,2.0,Robert Love,Sales,Sales Lead,2022-11-26,6.8,EMP0016,Bangalore
TASK00351,EMP0108,Sales,Feature Dev,Low,2025-06-12,2025-06-24,2025-06-27,True,False,19,30.3,81.7,2.0,Marc Jackson,Sales,Sales Lead,2021-10-26,10.5,EMP0004,Hyderabad
TASK00352,EMP0006,Marketing,Bug Fix,Medium,2025-11-11,2025-11-25,2025-11-30,True,False,35,63.0,80.5,5.0,Paula White,Marketing,Marketing Manager,2023-08-11,4.5,EMP0001,Mumbai
TASK00353,EMP0136,Finance,Training,High,2025-10-03,2025-10-05,2025-10-09,True,False,10,16.7,82.3,5.0,Elizabeth Smith,Finance,Finance Manager,2021-07-29,14.5,EMP0004,Mumbai
TASK00354,EMP0045,Finance,Report,Low,2025-08-31,2025-09-04,2025-09-05,True,False,5,4.4,83.2,1.0,Brianna Vega,Finance,Accountant,2023-10-15,4.0,EMP0016,Hyderabad
TASK00355,EMP0050,Sales,Feature Dev,Critical,2025-12-11,2025-12-23,2025-12-26,True,False,31,39.0,90.8,1.0,Jennifer Lee,Sales,Account Manager,2025-03-31,7.2,EMP0003,Hyderabad
TASK00356,EMP0020,Finance,Testing,Low,2025-06-26,2025-07-04,2025-07-04,True,True,32,44.2,70.4,3.0,Sydney Cole,Finance,Finance Manager,2021-08-01,5.1,EMP0016,Hyderabad
TASK00357,EMP0049,Sales,Bug Fix,Low,2025-04-27,2025-05-02,2025-05-01,True,True,20,10.8,74.6,2.0,Todd Adams,Sales,Sales Rep,2022-10-12,8.3,EMP0005,Hyderabad
TASK00358,EMP0192,Marketing,Documentation,High,2025-05-21,2025-06-03,,False,False,16,0.0,0.0,,Jordan Barr,Marketing,Content Writer,2023-02-20,5.1,EMP0011,Bangalore
TASK00359,EMP0137,HR,Code Review,Medium,2025-10-17,2025-10-22,2025-10-20,True,True,2,2.4,72.9,2.0,Paul Baker,HR,HR Coordinator,2023-04-25,8.9,EMP0010,Remote
TASK00360,EMP0158,Sales,Client Call,Medium,2026-01-10,2026-01-11,2026-01-13,True,False,19,21.6,88.6,3.0,Sara Luna,Sales,Sales Rep,2023-11-07,11.0,EMP0011,Bangalore
TASK00361,EMP0061,Engineering,Training,Medium,2026-03-04,2026-03-08,2026-03-12,True,False,39,25.5,81.2,3.0,Maria Rodriguez,Engineering,Tech Lead,2024-02-04,4.1,EMP0020,Bangalore
TASK00362,EMP0054,Engineering,Testing,Medium,2025-11-23,2025-12-03,2025-12-05,True,False,8,9.8,78.4,3.0,Melissa Lang,Engineering,Senior Dev,2026-02-22,4.3,EMP0015,Delhi
TASK00363,EMP0079,Sales,Documentation,Medium,2025-08-03,2025-08-17,2025-08-19,True,False,14,10.1,88.8,1.0,Darryl Blanchard,Sales,Sales Rep,2021-12-30,5.0,EMP0002,Delhi
TASK00364,EMP0065,HR,Bug Fix,High,2026-03-16,2026-03-29,2026-04-02,True,False,22,33.5,71.1,4.0,Richard Davis,HR,HR Coordinator,2022-04-18,0.6,EMP0020,Remote
TASK00365,EMP0008,HR,Client Call,Critical,2025-07-16,2025-07-21,,False,False,27,0.0,0.0,,Alison Hayes,HR,HR Coordinator,2022-11-19,1.8,EMP0004,Delhi
TASK00366,EMP0098,Finance,Documentation,High,2026-03-30,2026-04-09,2026-04-10,True,False,23,36.6,93.2,5.0,Angela Aguilar,Finance,Analyst,2022-06-15,3.3,EMP0013,Mumbai
TASK00367,EMP0048,Engineering,Training,Medium,2025-11-11,2025-11-19,,False,False,24,0.0,0.0,,John Martin,Engineering,Senior Dev,2022-11-09,11.1,EMP0004,Mumbai
TASK00368,EMP0069,Finance,Code Review,Medium,2025-08-21,2025-08-24,2025-08-24,True,True,20,12.9,88.4,3.0,Christian Henry,Finance,Finance Manager,2022-05-02,8.2,EMP0018,Delhi
TASK00369,EMP0020,Finance,Documentation,High,2025-09-19,2025-09-28,2025-09-28,True,True,23,34.1,72.8,3.0,Sydney Cole,Finance,Finance Manager,2021-08-01,5.1,EMP0016,Hyderabad
TASK00370,EMP0019,Engineering,Meeting,Low,2025-04-24,2025-05-08,2025-05-11,True,False,25,22.3,79.4,4.0,Christopher Lester,Engineering,Senior Dev,2024-07-20,6.3,EMP0003,Mumbai
TASK00371,EMP0099,Finance,Training,High,2026-03-23,2026-03-31,2026-03-30,True,True,32,58.7,94.4,1.0,Lisa Mcfarland,Finance,Finance Manager,2023-05-08,4.9,EMP0018,Bangalore
TASK00372,EMP0185,Engineering,Code Review,High,2025-07-17,2025-07-24,2025-07-28,True,False,5,9.0,81.4,2.0,Mrs. Toni Webb,Engineering,Junior Dev,2021-05-01,3.8,EMP0019,Remote
TASK00373,EMP0021,Support,Code Review,Critical,2025-07-12,2025-07-18,2025-07-23,True,False,11,10.7,72.9,1.0,Brianna Gilmore,Support,Support Lead,2021-12-30,2.6,EMP0005,Mumbai
TASK00374,EMP0055,Marketing,Bug Fix,Medium,2025-05-22,2025-06-02,,False,False,22,0.0,0.0,,Pamela Powell,Marketing,Marketing Manager,2025-02-16,14.4,EMP0018,Hyderabad
TASK00375,EMP0118,Support,Report,Low,2025-05-23,2025-05-28,2025-05-28,True,True,38,62.6,62.8,1.0,George Meadows,Support,Support Agent,2025-07-12,10.7,EMP0003,Hyderabad
TASK00376,EMP0066,Engineering,Client Call,Low,2026-02-02,2026-02-09,2026-02-13,True,False,29,56.5,66.6,1.0,Miguel Jimenez,Engineering,Junior Dev,2025-01-20,8.3,EMP0017,Delhi
TASK00377,EMP0157,HR,Training,Low,2025-07-02,2025-07-06,2025-07-04,True,True,22,36.0,75.1,2.0,James Garza,HR,Recruiter,2023-07-31,7.1,EMP0010,Delhi
TASK00378,EMP0190,Sales,Testing,Low,2026-01-29,2026-01-30,2026-01-31,True,False,16,24.6,77.7,3.0,Rachel Francis,Sales,Account Manager,2022-02-28,6.5,EMP0016,Delhi
TASK00379,EMP0117,Finance,Bug Fix,Low,2026-01-10,2026-01-17,2026-01-19,True,False,12,7.2,83.5,3.0,Gregory Christensen,Finance,Analyst,2022-01-23,2.5,EMP0008,Hyderabad
TASK00380,EMP0118,Support,Code Review,Critical,2025-12-08,2025-12-16,2025-12-19,True,False,29,53.1,89.6,3.0,George Meadows,Support,Support Agent,2025-07-12,10.7,EMP0003,Hyderabad
TASK00381,EMP0112,HR,Client Call,Critical,2025-10-21,2025-10-29,2025-10-30,True,False,12,23.1,71.2,1.0,Dominique Perez,HR,HR Manager,2023-01-31,9.4,EMP0017,Hyderabad
TASK00382,EMP0103,HR,Bug Fix,Low,2025-06-04,2025-06-16,,False,False,15,0.0,0.0,,Courtney Nguyen,HR,Recruiter,2022-10-17,10.1,EMP0020,Delhi
TASK00383,EMP0035,Engineering,Meeting,Medium,2025-09-16,2025-09-19,2025-09-17,True,True,26,47.2,73.8,5.0,Isabel Williams,Engineering,Tech Lead,2024-10-23,7.5,EMP0003,Remote
TASK00384,EMP0178,Support,Bug Fix,Medium,2026-04-05,2026-04-15,,False,False,8,0.0,0.0,,Thomas Hernandez,Support,Support Agent,2025-01-27,13.9,EMP0019,Mumbai
TASK00385,EMP0130,Marketing,Report,Low,2025-11-11,2025-11-13,2025-11-17,True,False,9,11.9,81.9,2.0,Willie Johnson,Marketing,SEO Specialist,2024-07-24,12.6,EMP0016,Bangalore
TASK00386,EMP0067,Sales,Training,Low,2026-03-22,2026-04-02,2026-04-04,True,False,28,41.8,78.4,3.0,Devon Jackson,Sales,Account Manager,2024-03-31,13.3,EMP0008,Delhi
TASK00387,EMP0093,HR,Feature Dev,Medium,2025-11-07,2025-11-19,2025-11-18,True,True,34,53.7,89.9,3.0,Terri Grimes,HR,HR Coordinator,2025-11-19,10.8,EMP0001,Remote
TASK00388,EMP0123,Sales,Documentation,Low,2025-12-09,2025-12-11,2025-12-12,True,False,18,31.5,87.6,3.0,Collin Weber,Sales,Account Manager,2024-12-22,3.7,EMP0014,Hyderabad
TASK00389,EMP0034,HR,Report,High,2025-08-25,2025-08-30,2025-09-04,True,False,15,23.0,84.6,3.0,Jeffery Griffith,HR,HR Coordinator,2023-08-25,1.3,EMP0019,Bangalore
TASK00390,EMP0003,Finance,Code Review,Low,2025-07-31,2025-08-01,2025-08-01,True,True,38,57.1,83.6,1.0,Christopher Barber,Finance,Accountant,2024-04-21,1.0,EMP0003,Mumbai
TASK00391,EMP0143,Marketing,Report,High,2026-03-25,2026-03-27,2026-03-26,True,True,18,26.4,81.1,3.0,Kevin Baker,Marketing,Content Writer,2022-07-02,6.8,EMP0012,Hyderabad
TASK00392,EMP0005,Support,Testing,Low,2025-05-16,2025-05-17,2025-05-17,True,True,4,7.1,64.9,3.0,Samantha Lindsey,Support,Customer Success,2025-06-06,10.7,EMP0014,Mumbai
TASK00393,EMP0030,Finance,Code Review,Medium,2025-11-10,2025-11-12,2025-11-11,True,True,2,3.6,76.6,3.0,Joshua Duncan,Finance,Analyst,2025-02-02,7.9,EMP0004,Delhi
TASK00394,EMP0098,Finance,Feature Dev,Medium,2025-07-16,2025-07-24,,False,False,19,0.0,0.0,,Angela Aguilar,Finance,Analyst,2022-06-15,3.3,EMP0013,Mumbai
TASK00395,EMP0099,Finance,Meeting,Medium,2025-09-21,2025-09-27,2025-10-01,True,False,27,52.5,88.0,4.0,Lisa Mcfarland,Finance,Finance Manager,2023-05-08,4.9,EMP0018,Bangalore
TASK00396,EMP0102,Finance,Bug Fix,Medium,2026-02-07,2026-02-15,2026-02-15,True,True,9,6.3,95.5,2.0,Kimberly Brown,Finance,Accountant,2022-08-11,12.0,EMP0006,Bangalore
TASK00397,EMP0080,Sales,Testing,Low,2026-04-13,2026-04-23,2026-04-28,True,False,13,18.4,91.7,5.0,Leslie Harris,Sales,Sales Lead,2024-02-29,4.1,EMP0004,Delhi
TASK00398,EMP0020,Finance,Feature Dev,Low,2026-03-20,2026-03-31,2026-03-31,True,True,32,60.2,85.1,4.0,Sydney Cole,Finance,Finance Manager,2021-08-01,5.1,EMP0016,Hyderabad
TASK00399,EMP0117,Finance,Training,Medium,2025-07-18,2025-07-20,2025-07-23,True,False,2,3.1,78.6,5.0,Gregory Christensen,Finance,Analyst,2022-01-23,2.5,EMP0008,Hyderabad
TASK00400,EMP0040,Engineering,Training,High,2026-03-01,2026-03-05,,False,False,23,0.0,0.0,,Andrea Kennedy,Engineering,Junior Dev,2025-03-30,3.8,EMP0011,Bangalore
TASK00401,EMP0134,Sales,Client Call,Medium,2025-07-12,2025-07-24,2025-07-28,True,False,17,20.8,86.1,2.0,Mary Atkins,Sales,Sales Rep,2021-06-14,7.4,EMP0004,Remote
TASK00402,EMP0025,Support,Bug Fix,High,2025-04-18,2025-04-27,,False,False,5,0.0,0.0,,Shannon Orozco,Support,Support Agent,2022-02-25,12.0,EMP0014,Remote
TASK00403,EMP0158,Sales,Feature Dev,Medium,2025-07-27,2025-07-30,2025-08-04,True,False,33,59.5,86.3,4.0,Sara Luna,Sales,Sales Rep,2023-11-07,11.0,EMP0011,Bangalore
TASK00404,EMP0016,Finance,Training,Medium,2025-07-16,2025-07-22,,False,False,5,0.0,0.0,,Eric Scott,Finance,Finance Manager,2021-11-07,3.0,EMP0008,Mumbai
TASK00405,EMP0010,Finance,Report,Low,2026-02-13,2026-02-24,2026-02-25,True,False,7,8.3,75.7,1.0,Kelsey Monroe,Finance,Analyst,2021-09-09,14.6,EMP0013,Bangalore
TASK00406,EMP0127,Support,Client Call,High,2026-02-11,2026-02-19,2026-02-24,True,False,3,2.0,93.9,1.0,Timothy Stewart,Support,Support Lead,2022-10-07,2.5,EMP0015,Mumbai
TASK00407,EMP0124,Engineering,Meeting,Medium,2025-11-15,2025-11-16,,False,False,40,0.0,0.0,,Donna Gutierrez,Engineering,Senior Dev,2022-10-16,5.4,EMP0013,Mumbai
TASK00408,EMP0029,HR,Bug Fix,High,2025-12-06,2025-12-15,2025-12-20,True,False,23,24.0,77.0,2.0,Daniel Lewis,HR,HR Manager,2023-12-07,2.8,EMP0001,Delhi
TASK00409,EMP0166,HR,Feature Dev,High,2025-06-17,2025-06-23,2025-06-28,True,False,25,39.3,74.0,1.0,Dylan Kirk,HR,HR Coordinator,2023-01-20,14.5,EMP0009,Hyderabad
TASK00410,EMP0170,Marketing,Testing,High,2026-02-10,2026-02-14,2026-02-17,True,False,20,26.4,87.7,1.0,William Lloyd,Marketing,Marketing Manager,2021-05-01,9.1,EMP0020,Mumbai
TASK00411,EMP0003,Finance,Documentation,Low,2025-04-18,2025-04-21,2025-04-25,True,False,8,7.1,86.8,2.0,Christopher Barber,Finance,Accountant,2024-04-21,1.0,EMP0003,Mumbai
TASK00412,EMP0138,Support,Feature Dev,Low,2025-08-03,2025-08-17,2025-08-22,True,False,14,22.1,70.4,4.0,Joshua Martinez,Support,Support Lead,2022-02-25,6.3,EMP0007,Bangalore
TASK00413,EMP0101,Support,Training,Low,2025-08-15,2025-08-26,2025-08-25,True,True,30,35.6,73.9,2.0,Nicholas Keller,Support,Support Lead,2024-09-21,7.2,EMP0015,Mumbai
TASK00414,EMP0053,Sales,Report,Critical,2025-10-06,2025-10-07,2025-10-07,True,True,37,70.4,86.0,5.0,Charlotte Wells DVM,Sales,Account Manager,2023-06-24,13.6,EMP0006,Hyderabad
TASK00415,EMP0067,Sales,Testing,High,2026-01-08,2026-01-11,2026-01-11,True,True,10,6.6,76.7,5.0,Devon Jackson,Sales,Account Manager,2024-03-31,13.3,EMP0008,Delhi
TASK00416,EMP0019,Engineering,Meeting,High,2026-01-07,2026-01-14,,False,False,17,0.0,0.0,,Christopher Lester,Engineering,Senior Dev,2024-07-20,6.3,EMP0003,Mumbai
TASK00417,EMP0024,Marketing,Code Review,Medium,2025-11-20,2025-11-26,,False,False,30,0.0,0.0,,Briana Dawson,Marketing,Content Writer,2023-01-29,11.5,EMP0004,Mumbai
TASK00418,EMP0031,Support,Training,Low,2026-01-02,2026-01-12,2026-01-14,True,False,37,66.3,80.0,2.0,Laura Ibarra,Support,Customer Success,2026-03-02,9.3,EMP0005,Delhi
TASK00419,EMP0010,Finance,Code Review,Low,2025-08-30,2025-09-09,2025-09-12,True,False,10,19.7,74.1,5.0,Kelsey Monroe,Finance,Analyst,2021-09-09,14.6,EMP0013,Bangalore
TASK00420,EMP0120,Sales,Client Call,Medium,2025-11-20,2025-12-01,2025-11-30,True,True,24,32.2,100.0,5.0,Lawrence Charles,Sales,Account Manager,2023-03-04,6.1,EMP0019,Bangalore
TASK00421,EMP0055,Marketing,Client Call,Low,2025-12-22,2026-01-05,2026-01-03,True,True,35,23.1,82.6,2.0,Pamela Powell,Marketing,Marketing Manager,2025-02-16,14.4,EMP0018,Hyderabad
TASK00422,EMP0139,Finance,Code Review,Low,2025-10-15,2025-10-16,2025-10-16,True,True,20,30.5,81.9,1.0,Peter Ware,Finance,Finance Manager,2023-08-18,12.5,EMP0008,Bangalore
TASK00423,EMP0063,Finance,Feature Dev,Medium,2025-10-08,2025-10-13,2025-10-11,True,True,24,41.3,71.2,5.0,Brianna Smith,Finance,Accountant,2023-07-07,14.1,EMP0007,Delhi
TASK00424,EMP0194,Marketing,Training,High,2026-02-14,2026-02-26,2026-02-27,True,False,37,40.1,70.1,3.0,Jennifer Cain,Marketing,SEO Specialist,2024-03-15,1.3,EMP0017,Delhi
TASK00425,EMP0044,Support,Client Call,Medium,2025-07-19,2025-07-20,,False,False,26,0.0,0.0,,Debbie Gordon,Support,Support Lead,2025-03-03,3.6,EMP0005,Remote
TASK00426,EMP0059,Engineering,Documentation,Critical,2025-12-31,2026-01-11,2026-01-09,True,True,2,3.2,81.1,5.0,Richard Barker,Engineering,Tech Lead,2021-12-24,1.7,EMP0006,Bangalore
TASK00427,EMP0039,Support,Training,High,2025-06-12,2025-06-26,2025-06-27,True,False,25,40.8,66.6,5.0,Katherine Stanley,Support,Customer Success,2023-08-12,5.9,EMP0017,Hyderabad
TASK00428,EMP0069,Finance,Report,Low,2025-09-23,2025-10-05,,False,False,20,0.0,0.0,,Christian Henry,Finance,Finance Manager,2022-05-02,8.2,EMP0018,Delhi
TASK00429,EMP0105,Sales,Bug Fix,Low,2025-05-10,2025-05-21,2025-05-21,True,True,34,23.1,100.0,4.0,James Singh,Sales,Sales Rep,2021-10-17,1.2,EMP0016,Remote
TASK00430,EMP0072,HR,Code Review,Low,2026-04-12,2026-04-17,2026-04-19,True,False,2,2.0,77.6,1.0,Norman Johnson,HR,Recruiter,2022-01-08,3.6,EMP0011,Mumbai
TASK00431,EMP0074,HR,Training,Low,2025-06-13,2025-06-19,2025-06-21,True,False,33,55.6,65.2,3.0,Sheena Chandler,HR,HR Coordinator,2024-05-03,1.8,EMP0014,Delhi
TASK00432,EMP0188,Sales,Training,Low,2026-03-31,2026-04-12,2026-04-13,True,False,13,16.7,77.6,2.0,Robert Love,Sales,Sales Lead,2022-11-26,6.8,EMP0016,Bangalore
TASK00433,EMP0015,HR,Testing,Medium,2025-09-22,2025-10-01,2025-10-04,True,False,16,29.2,77.1,3.0,Whitney Vaughn,HR,HR Manager,2025-01-09,3.5,EMP0009,Bangalore
TASK00434,EMP0144,Support,Report,Medium,2025-10-23,2025-10-27,,False,False,35,0.0,0.0,,John Duncan,Support,Support Agent,2021-08-27,6.8,EMP0017,Delhi
TASK00435,EMP0171,Finance,Report,Critical,2025-06-24,2025-07-08,2025-07-06,True,True,9,13.5,88.2,2.0,Amy Woodward,Finance,Accountant,2024-05-08,7.0,EMP0015,Delhi
TASK00436,EMP0094,Finance,Bug Fix,Critical,2025-09-08,2025-09-18,,False,False,17,0.0,0.0,,Anthony Nelson,Finance,Finance Manager,2025-10-25,10.9,EMP0007,Delhi
TASK00437,EMP0078,Engineering,Meeting,Medium,2025-04-25,2025-05-01,2025-04-30,True,True,26,23.0,78.8,1.0,Angela Stone,Engineering,Senior Dev,2024-09-17,8.9,EMP0005,Hyderabad
TASK00438,EMP0191,Support,Documentation,Critical,2025-11-01,2025-11-15,2025-11-20,True,False,33,18.7,75.4,3.0,Tamara Ramirez,Support,Support Lead,2021-06-04,12.3,EMP0018,Bangalore
TASK00439,EMP0190,Sales,Documentation,Medium,2026-01-09,2026-01-11,2026-01-10,True,True,6,4.9,89.2,4.0,Rachel Francis,Sales,Account Manager,2022-02-28,6.5,EMP0016,Delhi
TASK00440,EMP0161,Finance,Code Review,High,2025-12-17,2025-12-21,2025-12-25,True,False,6,9.7,65.3,1.0,Jessica Scott,Finance,Accountant,2021-09-12,14.7,EMP0007,Delhi
TASK00441,EMP0065,HR,Meeting,Medium,2025-08-24,2025-08-30,2025-08-29,True,True,5,3.8,79.9,5.0,Richard Davis,HR,HR Coordinator,2022-04-18,0.6,EMP0020,Remote
TASK00442,EMP0116,Support,Client Call,Low,2026-01-06,2026-01-20,2026-01-22,True,False,28,30.3,79.3,4.0,Colleen Olsen,Support,Support Lead,2024-05-31,3.9,EMP0011,Delhi
TASK00443,EMP0083,Support,Bug Fix,Medium,2025-07-11,2025-07-18,2025-07-16,True,True,6,9.8,93.2,1.0,Dillon Bernard,Support,Support Lead,2024-10-08,11.8,EMP0014,Mumbai
TASK00444,EMP0111,Sales,Report,Medium,2025-11-18,2025-11-27,2025-11-29,True,False,40,25.2,74.8,4.0,Alex Carter,Sales,Account Manager,2026-04-03,10.2,EMP0018,Remote
TASK00445,EMP0103,HR,Client Call,Medium,2025-12-19,2025-12-30,2025-12-30,True,True,36,29.9,95.4,5.0,Courtney Nguyen,HR,Recruiter,2022-10-17,10.1,EMP0020,Delhi
TASK00446,EMP0078,Engineering,Training,Low,2026-03-01,2026-03-12,2026-03-15,True,False,2,2.7,88.8,2.0,Angela Stone,Engineering,Senior Dev,2024-09-17,8.9,EMP0005,Hyderabad
TASK00447,EMP0037,HR,Feature Dev,Low,2025-07-18,2025-07-19,2025-07-23,True,False,36,47.6,85.7,3.0,Rhonda Barnes,HR,Recruiter,2022-09-14,13.2,EMP0014,Mumbai
TASK00448,EMP0134,Sales,Training,Low,2025-10-11,2025-10-23,2025-10-26,True,False,15,16.8,100.0,2.0,Mary Atkins,Sales,Sales Rep,2021-06-14,7.4,EMP0004,Remote
TASK00449,EMP0109,Sales,Bug Fix,Low,2026-03-17,2026-03-21,2026-03-23,True,False,14,9.4,98.1,5.0,Scott Ewing,Sales,Sales Rep,2022-04-09,12.2,EMP0017,Hyderabad
TASK00450,EMP0140,Support,Report,Medium,2025-08-13,2025-08-22,2025-08-21,True,True,18,11.7,72.3,3.0,Andrew Jackson,Support,Support Lead,2023-02-22,12.8,EMP0020,Bangalore
TASK00451,EMP0031,Support,Documentation,Medium,2025-06-13,2025-06-24,2025-06-23,True,True,20,28.6,73.0,3.0,Laura Ibarra,Support,Customer Success,2026-03-02,9.3,EMP0005,Delhi
TASK00452,EMP0115,Marketing,Testing,Medium,2026-04-15,2026-04-21,2026-04-23,True,False,39,28.4,77.4,3.0,Jessica Moore,Marketing,Marketing Manager,2022-03-28,4.0,EMP0015,Bangalore
TASK00453,EMP0002,Sales,Client Call,Critical,2025-08-27,2025-08-30,2025-08-31,True,False,16,25.1,76.4,3.0,Anthony Reed,Sales,Sales Rep,2022-02-09,11.2,EMP0018,Bangalore
TASK00454,EMP0035,Engineering,Testing,High,2025-07-05,2025-07-08,2025-07-11,True,False,32,38.2,89.0,3.0,Isabel Williams,Engineering,Tech Lead,2024-10-23,7.5,EMP0003,Remote
TASK00455,EMP0175,Finance,Code Review,Medium,2025-07-28,2025-07-30,2025-07-29,True,True,19,34.0,81.6,5.0,Ryan Blake,Finance,Analyst,2024-10-31,2.8,EMP0014,Hyderabad
TASK00456,EMP0124,Engineering,Feature Dev,Low,2026-01-09,2026-01-21,,False,False,6,0.0,0.0,,Donna Gutierrez,Engineering,Senior Dev,2022-10-16,5.4,EMP0013,Mumbai
TASK00457,EMP0142,Engineering,Documentation,High,2025-12-28,2026-01-11,2026-01-09,True,True,39,53.4,75.1,1.0,Jacob Stein,Engineering,Tech Lead,2025-10-06,9.9,EMP0001,Hyderabad
TASK00458,EMP0007,Support,Report,Medium,2025-12-16,2025-12-25,,False,False,36,0.0,0.0,,Jacqueline Christensen,Support,Support Lead,2024-08-21,5.4,EMP0005,Mumbai
TASK00459,EMP0055,Marketing,Meeting,Medium,2025-05-11,2025-05-14,2025-05-15,True,False,39,62.4,77.0,2.0,Pamela Powell,Marketing,Marketing Manager,2025-02-16,14.4,EMP0018,Hyderabad
TASK00460,EMP0071,Engineering,Documentation,Medium,2026-02-19,2026-02-28,2026-03-03,True,False,34,17.5,78.9,5.0,Elizabeth Decker,Engineering,Junior Dev,2025-10-02,11.3,EMP0005,Delhi
TASK00461,EMP0074,HR,Code Review,Medium,2025-10-25,2025-11-07,2025-11-12,True,False,12,9.2,63.1,4.0,Sheena Chandler,HR,HR Coordinator,2024-05-03,1.8,EMP0014,Delhi
TASK00462,EMP0082,Sales,Testing,Critical,2025-12-06,2025-12-07,2025-12-12,True,False,16,9.5,91.5,2.0,Theresa Robinson,Sales,Sales Rep,2024-04-17,13.3,EMP0001,Mumbai
TASK00463,EMP0096,HR,Report,Low,2026-03-31,2026-04-04,2026-04-07,True,False,26,31.3,96.9,1.0,Rachael Li,HR,Recruiter,2026-01-31,12.8,EMP0010,Remote
TASK00464,EMP0023,Finance,Code Review,Low,2025-05-08,2025-05-19,2025-05-21,True,False,18,24.6,72.0,4.0,Matthew Fisher,Finance,Accountant,2026-01-31,5.7,EMP0005,Remote
TASK00465,EMP0193,Marketing,Documentation,Medium,2025-10-10,2025-10-16,2025-10-15,True,True,35,30.7,68.9,5.0,Patricia Graves,Marketing,Marketing Manager,2026-01-07,12.5,EMP0001,Remote
TASK00466,EMP0119,Marketing,Bug Fix,Medium,2026-01-03,2026-01-17,2026-01-22,True,False,32,58.6,82.4,5.0,William Campbell,Marketing,SEO Specialist,2023-12-09,8.4,EMP0014,Bangalore
TASK00467,EMP0107,Support,Documentation,High,2025-06-29,2025-07-07,2025-07-06,True,True,34,49.8,92.0,2.0,Lisa Shepard,Support,Customer Success,2024-05-01,6.1,EMP0013,Mumbai
TASK00468,EMP0124,Engineering,Testing,Low,2025-04-24,2025-04-30,2025-04-29,True,True,16,18.0,88.4,1.0,Donna Gutierrez,Engineering,Senior Dev,2022-10-16,5.4,EMP0013,Mumbai
TASK00469,EMP0138,Support,Bug Fix,Medium,2026-03-17,2026-03-25,2026-03-25,True,True,28,14.9,66.7,2.0,Joshua Martinez,Support,Support Lead,2022-02-25,6.3,EMP0007,Bangalore
TASK00470,EMP0008,HR,Code Review,Medium,2026-03-15,2026-03-18,2026-03-16,True,True,38,27.4,87.2,3.0,Alison Hayes,HR,HR Coordinator,2022-11-19,1.8,EMP0004,Delhi
TASK00471,EMP0072,HR,Bug Fix,Critical,2026-03-28,2026-04-06,,False,False,40,0.0,0.0,,Norman Johnson,HR,Recruiter,2022-01-08,3.6,EMP0011,Mumbai
TASK00472,EMP0079,Sales,Report,High,2025-07-16,2025-07-28,2025-07-30,True,False,7,5.8,96.1,4.0,Darryl Blanchard,Sales,Sales Rep,2021-12-30,5.0,EMP0002,Delhi
TASK00473,EMP0014,HR,Code Review,Low,2026-04-07,2026-04-21,2026-04-21,True,True,39,67.5,75.0,5.0,Kathryn Perez,HR,HR Manager,2023-11-12,9.7,EMP0012,Mumbai
TASK00474,EMP0012,Finance,Feature Dev,Medium,2026-04-14,2026-04-19,2026-04-22,True,False,31,43.2,75.7,2.0,Leslie Ramos,Finance,Analyst,2022-07-08,10.7,EMP0002,Mumbai
TASK00475,EMP0165,Engineering,Training,Medium,2025-11-14,2025-11-17,2025-11-18,True,False,35,62.6,67.1,4.0,Joshua Mills,Engineering,Tech Lead,2025-12-13,4.6,EMP0016,Hyderabad
TASK00476,EMP0100,HR,Training,High,2025-06-12,2025-06-22,2025-06-27,True,False,40,22.3,87.9,5.0,Anne Williams,HR,HR Manager,2022-05-31,3.5,EMP0019,Remote
TASK00477,EMP0060,Finance,Bug Fix,High,2026-03-20,2026-03-22,2026-03-22,True,True,40,52.4,57.7,4.0,Phillip Cummings,Finance,Analyst,2025-05-31,10.3,EMP0008,Hyderabad
TASK00478,EMP0191,Support,Report,Medium,2025-08-06,2025-08-12,2025-08-16,True,False,16,30.5,53.2,4.0,Tamara Ramirez,Support,Support Lead,2021-06-04,12.3,EMP0018,Bangalore
TASK00479,EMP0161,Finance,Report,Medium,2025-12-01,2025-12-14,2025-12-13,True,True,29,20.3,80.1,2.0,Jessica Scott,Finance,Accountant,2021-09-12,14.7,EMP0007,Delhi
TASK00480,EMP0084,HR,Bug Fix,Critical,2026-04-07,2026-04-09,2026-04-13,True,False,18,14.1,82.4,5.0,Rachel Huang,HR,HR Coordinator,2025-07-18,11.9,EMP0004,Hyderabad
TASK00481,EMP0071,Engineering,Feature Dev,Medium,2025-10-17,2025-10-26,2025-10-27,True,False,22,24.5,65.2,2.0,Elizabeth Decker,Engineering,Junior Dev,2025-10-02,11.3,EMP0005,Delhi
TASK00482,EMP0065,HR,Meeting,Medium,2025-09-16,2025-09-26,2025-09-30,True,False,38,39.8,89.6,4.0,Richard Davis,HR,HR Coordinator,2022-04-18,0.6,EMP0020,Remote
TASK00483,EMP0138,Support,Training,High,2025-05-27,2025-06-03,2025-06-08,True,False,13,13.7,85.2,4.0,Joshua Martinez,Support,Support Lead,2022-02-25,6.3,EMP0007,Bangalore
TASK00484,EMP0141,Finance,Feature Dev,Low,2025-08-04,2025-08-09,2025-08-13,True,False,10,17.8,83.0,2.0,William Green,Finance,Analyst,2023-01-12,5.5,EMP0014,Delhi
TASK00485,EMP0080,Sales,Documentation,Medium,2026-02-04,2026-02-16,,False,False,8,0.0,0.0,,Leslie Harris,Sales,Sales Lead,2024-02-29,4.1,EMP0004,Delhi
TASK00486,EMP0158,Sales,Bug Fix,Medium,2025-06-19,2025-07-02,2025-06-30,True,True,12,13.0,94.8,1.0,Sara Luna,Sales,Sales Rep,2023-11-07,11.0,EMP0011,Bangalore
TASK00487,EMP0064,Sales,Feature Dev,High,2025-10-09,2025-10-17,,False,False,29,0.0,0.0,,William Smith,Sales,Account Manager,2025-01-05,6.2,EMP0010,Hyderabad
TASK00488,EMP0088,Support,Client Call,Low,2025-06-23,2025-06-27,2025-06-25,True,True,26,49.3,59.8,5.0,Nicole Taylor,Support,Customer Success,2022-01-16,6.3,EMP0018,Delhi
TASK00489,EMP0023,Finance,Report,Medium,2025-05-25,2025-05-30,2025-05-28,True,True,13,19.0,59.0,1.0,Matthew Fisher,Finance,Accountant,2026-01-31,5.7,EMP0005,Remote
TASK00490,EMP0187,Sales,Meeting,Low,2026-03-31,2026-04-11,,False,False,35,0.0,0.0,,Daniel Nguyen,Sales,Account Manager,2022-08-03,8.0,EMP0015,Delhi
TASK00491,EMP0005,Support,Testing,Low,2025-07-31,2025-08-13,2025-08-14,True,False,12,18.1,82.5,2.0,Samantha Lindsey,Support,Customer Success,2025-06-06,10.7,EMP0014,Mumbai
TASK00492,EMP0180,Sales,Client Call,Medium,2026-01-18,2026-01-21,2026-01-23,True,False,27,27.8,57.3,4.0,Daniel Ryan,Sales,Sales Rep,2022-06-28,1.4,EMP0010,Remote
TASK00493,EMP0081,Finance,Training,Medium,2025-07-17,2025-07-26,2025-07-25,True,True,7,9.3,68.5,5.0,Kevin Berry,Finance,Accountant,2026-02-20,14.6,EMP0005,Mumbai
TASK00494,EMP0164,HR,Bug Fix,Medium,2025-05-15,2025-05-29,2025-05-30,True,False,31,58.7,79.4,3.0,Jennifer Powers,HR,Recruiter,2024-04-02,14.2,EMP0016,Bangalore
TASK00495,EMP0135,Sales,Feature Dev,Low,2025-07-12,2025-07-21,2025-07-20,True,True,34,32.0,91.8,5.0,Jack Clark,Sales,Account Manager,2022-02-08,10.6,EMP0012,Mumbai
TASK00496,EMP0028,Support,Report,Critical,2025-06-16,2025-06-25,2025-06-27,True,False,30,58.5,78.7,2.0,Michelle Goodwin,Support,Customer Success,2021-09-04,11.4,EMP0011,Bangalore
TASK00497,EMP0002,Sales,Report,High,2025-12-05,2025-12-18,2025-12-23,True,False,39,69.9,96.0,1.0,Anthony Reed,Sales,Sales Rep,2022-02-09,11.2,EMP0018,Bangalore
TASK00498,EMP0044,Support,Client Call,Low,2026-03-08,2026-03-15,2026-03-16,True,False,16,27.2,81.8,3.0,Debbie Gordon,Support,Support Lead,2025-03-03,3.6,EMP0005,Remote
TASK00499,EMP0099,Finance,Client Call,Medium,2025-08-23,2025-08-24,2025-08-26,True,False,17,15.8,75.1,3.0,Lisa Mcfarland,Finance,Finance Manager,2023-05-08,4.9,EMP0018,Bangalore
TASK00500,EMP0094,Finance,Meeting,Low,2025-05-22,2025-05-25,2025-05-28,True,False,15,27.6,68.0,2.0,Anthony Nelson,Finance,Finance Manager,2025-10-25,10.9,EMP0007,Delhi
TASK00501,EMP0039,Support,Report,Critical,2025-07-23,2025-08-03,,False,False,14,0.0,0.0,,Katherine Stanley,Support,Customer Success,2023-08-12,5.9,EMP0017,Hyderabad
TASK00502,EMP0095,Marketing,Documentation,High,2026-01-18,2026-01-22,2026-01-24,True,False,15,12.7,69.3,5.0,Amy Obrien,Marketing,Content Writer,2022-09-27,14.3,EMP0011,Remote
TASK00503,EMP0068,HR,Training,Medium,2025-07-10,2025-07-23,2025-07-22,True,True,33,46.9,91.6,1.0,Shelley Khan,HR,HR Coordinator,2023-11-09,6.9,EMP0018,Delhi
TASK00504,EMP0040,Engineering,Report,High,2025-09-22,2025-09-28,2025-10-03,True,False,38,68.5,61.7,2.0,Andrea Kennedy,Engineering,Junior Dev,2025-03-30,3.8,EMP0011,Bangalore
TASK00505,EMP0160,Sales,Training,Critical,2025-05-13,2025-05-22,2025-05-23,True,False,38,26.3,100.0,4.0,Angela Benton,Sales,Sales Lead,2023-03-07,7.5,EMP0019,Remote
TASK00506,EMP0166,HR,Code Review,Medium,2026-01-25,2026-02-03,2026-02-06,True,False,27,48.3,89.9,4.0,Dylan Kirk,HR,HR Coordinator,2023-01-20,14.5,EMP0009,Hyderabad
TASK00507,EMP0117,Finance,Documentation,Critical,2026-02-01,2026-02-13,2026-02-16,True,False,2,1.0,69.7,4.0,Gregory Christensen,Finance,Analyst,2022-01-23,2.5,EMP0008,Hyderabad
TASK00508,EMP0137,HR,Documentation,Medium,2025-12-19,2025-12-25,2025-12-27,True,False,13,17.2,81.7,3.0,Paul Baker,HR,HR Coordinator,2023-04-25,8.9,EMP0010,Remote
TASK00509,EMP0060,Finance,Client Call,Medium,2025-06-07,2025-06-17,2025-06-17,True,True,33,37.5,72.7,3.0,Phillip Cummings,Finance,Analyst,2025-05-31,10.3,EMP0008,Hyderabad
TASK00510,EMP0079,Sales,Documentation,Medium,2025-12-25,2026-01-01,2026-01-01,True,True,38,26.5,88.5,1.0,Darryl Blanchard,Sales,Sales Rep,2021-12-30,5.0,EMP0002,Delhi
TASK00511,EMP0157,HR,Code Review,High,2025-04-23,2025-05-06,2025-05-10,True,False,26,20.6,74.9,4.0,James Garza,HR,Recruiter,2023-07-31,7.1,EMP0010,Delhi
TASK00512,EMP0134,Sales,Testing,High,2025-11-04,2025-11-07,2025-11-07,True,True,35,45.5,90.1,4.0,Mary Atkins,Sales,Sales Rep,2021-06-14,7.4,EMP0004,Remote
TASK00513,EMP0144,Support,Code Review,Medium,2025-05-13,2025-05-22,2025-05-20,True,True,27,17.5,75.0,1.0,John Duncan,Support,Support Agent,2021-08-27,6.8,EMP0017,Delhi
TASK00514,EMP0149,HR,Meeting,Low,2025-06-14,2025-06-19,2025-06-18,True,True,30,48.5,79.6,3.0,Amber Nelson,HR,HR Coordinator,2022-12-28,7.6,EMP0012,Delhi
TASK00515,EMP0200,Engineering,Testing,Medium,2025-05-25,2025-06-03,,False,False,18,0.0,0.0,,Ashley Lopez,Engineering,Tech Lead,2023-11-18,12.6,EMP0016,Delhi
TASK00516,EMP0087,HR,Training,Low,2026-02-19,2026-02-21,2026-02-22,True,False,38,51.8,85.2,2.0,Anthony Young,HR,HR Manager,2025-12-13,13.0,EMP0009,Delhi
TASK00517,EMP0125,Marketing,Client Call,Critical,2025-09-17,2025-09-22,2025-09-27,True,False,30,55.0,88.7,5.0,Destiny Johnson,Marketing,Content Writer,2023-06-28,14.7,EMP0018,Bangalore
TASK00518,EMP0194,Marketing,Testing,Low,2026-01-14,2026-01-25,,False,False,12,0.0,0.0,,Jennifer Cain,Marketing,SEO Specialist,2024-03-15,1.3,EMP0017,Delhi
TASK00519,EMP0165,Engineering,Documentation,Medium,2025-06-16,2025-06-26,2025-06-25,True,True,7,5.2,77.8,3.0,Joshua Mills,Engineering,Tech Lead,2025-12-13,4.6,EMP0016,Hyderabad
TASK00520,EMP0062,Finance,Testing,Medium,2025-07-19,2025-07-24,2025-07-28,True,False,19,34.8,92.2,5.0,Gloria Rodriguez,Finance,Analyst,2024-03-03,6.6,EMP0019,Remote
TASK00521,EMP0051,Finance,Documentation,Medium,2025-10-07,2025-10-15,2025-10-15,True,True,3,2.1,85.0,3.0,Lisa Sutton,Finance,Analyst,2022-05-10,1.2,EMP0018,Bangalore
TASK00522,EMP0051,Finance,Feature Dev,Critical,2025-11-16,2025-11-28,2025-11-29,True,False,12,13.1,90.3,1.0,Lisa Sutton,Finance,Analyst,2022-05-10,1.2,EMP0018,Bangalore
TASK00523,EMP0138,Support,Feature Dev,Critical,2025-10-14,2025-10-22,2025-10-20,True,True,27,34.7,73.0,1.0,Joshua Martinez,Support,Support Lead,2022-02-25,6.3,EMP0007,Bangalore
TASK00524,EMP0105,Sales,Meeting,Low,2026-03-19,2026-03-22,2026-03-26,True,False,21,17.7,77.2,4.0,James Singh,Sales,Sales Rep,2021-10-17,1.2,EMP0016,Remote
TASK00525,EMP0006,Marketing,Testing,Medium,2025-08-06,2025-08-09,2025-08-09,True,True,3,1.7,72.0,3.0,Paula White,Marketing,Marketing Manager,2023-08-11,4.5,EMP0001,Mumbai
TASK00526,EMP0141,Finance,Meeting,High,2026-03-14,2026-03-22,,False,False,36,0.0,0.0,,William Green,Finance,Analyst,2023-01-12,5.5,EMP0014,Delhi
TASK00527,EMP0124,Engineering,Code Review,Medium,2026-01-14,2026-01-17,,False,False,36,0.0,0.0,,Donna Gutierrez,Engineering,Senior Dev,2022-10-16,5.4,EMP0013,Mumbai
TASK00528,EMP0084,HR,Training,Medium,2025-09-21,2025-09-29,2025-10-03,True,False,35,51.1,74.7,3.0,Rachel Huang,HR,HR Coordinator,2025-07-18,11.9,EMP0004,Hyderabad
TASK00529,EMP0116,Support,Client Call,Critical,2026-01-09,2026-01-17,2026-01-16,True,True,30,28.9,76.6,3.0,Colleen Olsen,Support,Support Lead,2024-05-31,3.9,EMP0011,Delhi
TASK00530,EMP0030,Finance,Training,Low,2025-11-09,2025-11-10,2025-11-10,True,True,24,22.3,64.6,1.0,Joshua Duncan,Finance,Analyst,2025-02-02,7.9,EMP0004,Delhi
TASK00531,EMP0060,Finance,Meeting,Medium,2025-11-05,2025-11-13,,False,False,32,0.0,0.0,,Phillip Cummings,Finance,Analyst,2025-05-31,10.3,EMP0008,Hyderabad
TASK00532,EMP0114,HR,Documentation,Low,2026-01-17,2026-01-24,2026-01-25,True,False,2,2.6,58.5,4.0,Kelli Berry,HR,HR Coordinator,2023-03-04,12.7,EMP0009,Remote
TASK00533,EMP0131,Support,Documentation,High,2025-06-16,2025-06-23,2025-06-23,True,True,26,45.3,73.9,3.0,Robin Jones,Support,Customer Success,2023-05-11,1.3,EMP0012,Mumbai
TASK00534,EMP0130,Marketing,Training,Low,2026-01-08,2026-01-19,2026-01-21,True,False,20,29.5,87.2,3.0,Willie Johnson,Marketing,SEO Specialist,2024-07-24,12.6,EMP0016,Bangalore
TASK00535,EMP0135,Sales,Report,Medium,2025-07-20,2025-08-03,2025-08-03,True,True,20,13.3,100.0,5.0,Jack Clark,Sales,Account Manager,2022-02-08,10.6,EMP0012,Mumbai
TASK00536,EMP0012,Finance,Bug Fix,Medium,2025-06-11,2025-06-23,2025-06-24,True,False,22,11.6,68.7,5.0,Leslie Ramos,Finance,Analyst,2022-07-08,10.7,EMP0002,Mumbai
TASK00537,EMP0173,Finance,Documentation,Low,2025-06-05,2025-06-07,2025-06-07,True,True,30,47.7,71.9,1.0,Jasmine Lewis,Finance,Finance Manager,2022-01-09,1.9,EMP0007,Mumbai
TASK00538,EMP0139,Finance,Report,Low,2026-01-29,2026-02-06,2026-02-10,True,False,21,35.3,77.7,3.0,Peter Ware,Finance,Finance Manager,2023-08-18,12.5,EMP0008,Bangalore
TASK00539,EMP0106,Engineering,Client Call,Medium,2026-01-11,2026-01-24,2026-01-23,True,True,11,6.4,83.7,1.0,Jennifer Young,Engineering,Senior Dev,2024-12-07,6.5,EMP0019,Mumbai
TASK00540,EMP0025,Support,Feature Dev,Medium,2025-08-18,2025-08-21,2025-08-23,True,False,26,45.3,82.8,2.0,Shannon Orozco,Support,Support Agent,2022-02-25,12.0,EMP0014,Remote
TASK00541,EMP0025,Support,Feature Dev,Medium,2025-05-14,2025-05-22,2025-05-20,True,True,14,16.7,71.6,5.0,Shannon Orozco,Support,Support Agent,2022-02-25,12.0,EMP0014,Remote
TASK00542,EMP0033,Finance,Bug Fix,Medium,2025-10-23,2025-10-27,2025-10-29,True,False,22,16.2,88.1,5.0,Lori Hernandez,Finance,Accountant,2021-12-06,7.6,EMP0004,Delhi
TASK00543,EMP0154,HR,Bug Fix,Medium,2025-08-18,2025-08-23,2025-08-25,True,False,14,14.6,79.7,2.0,Eileen Burns,HR,HR Coordinator,2021-06-08,6.4,EMP0008,Delhi
TASK00544,EMP0057,Support,Meeting,Critical,2025-05-26,2025-05-30,2025-06-02,True,False,2,1.5,85.2,5.0,Scott Harper,Support,Customer Success,2023-04-07,1.4,EMP0011,Bangalore
TASK00545,EMP0047,Marketing,Report,Low,2025-05-12,2025-05-25,2025-05-23,True,True,39,65.3,77.6,5.0,Christopher Conley,Marketing,SEO Specialist,2022-11-08,7.3,EMP0002,Bangalore
TASK00546,EMP0093,HR,Testing,Low,2025-09-14,2025-09-27,2025-09-27,True,True,33,21.0,76.7,1.0,Terri Grimes,HR,HR Coordinator,2025-11-19,10.8,EMP0001,Remote
TASK00547,EMP0068,HR,Testing,Low,2026-03-20,2026-03-31,2026-03-30,True,True,10,12.3,70.4,5.0,Shelley Khan,HR,HR Coordinator,2023-11-09,6.9,EMP0018,Delhi
TASK00548,EMP0200,Engineering,Client Call,High,2025-11-13,2025-11-26,2025-12-01,True,False,14,7.4,95.4,3.0,Ashley Lopez,Engineering,Tech Lead,2023-11-18,12.6,EMP0016,Delhi
TASK00549,EMP0021,Support,Report,High,2025-06-27,2025-07-02,,False,False,33,0.0,0.0,,Brianna Gilmore,Support,Support Lead,2021-12-30,2.6,EMP0005,Mumbai
TASK00550,EMP0152,Support,Testing,Medium,2025-04-15,2025-04-24,2025-04-25,True,False,38,29.6,57.7,3.0,Greg Shah,Support,Support Lead,2024-12-02,7.6,EMP0008,Hyderabad
TASK00551,EMP0179,Marketing,Report,High,2026-03-06,2026-03-11,2026-03-11,True,True,6,7.8,75.6,3.0,Justin White,Marketing,Content Writer,2023-03-29,8.4,EMP0005,Delhi
TASK00552,EMP0198,Support,Code Review,High,2025-06-09,2025-06-18,2025-06-16,True,True,34,36.3,87.7,1.0,Jennifer Moody,Support,Support Agent,2026-04-13,5.0,EMP0001,Remote
TASK00553,EMP0128,Engineering,Training,Medium,2026-02-10,2026-02-16,2026-02-17,True,False,22,34.8,62.9,4.0,Jennifer Perez,Engineering,Senior Dev,2025-09-24,6.0,EMP0007,Hyderabad
TASK00554,EMP0058,Engineering,Testing,Low,2025-12-26,2026-01-06,2026-01-06,True,True,20,19.7,59.3,1.0,Benjamin Buchanan,Engineering,Tech Lead,2024-02-09,7.4,EMP0017,Mumbai
TASK00555,EMP0193,Marketing,Documentation,Low,2026-02-22,2026-03-05,2026-03-05,True,True,13,23.5,77.2,1.0,Patricia Graves,Marketing,Marketing Manager,2026-01-07,12.5,EMP0001,Remote
TASK00556,EMP0143,Marketing,Meeting,Medium,2025-08-14,2025-08-16,2025-08-20,True,False,33,42.5,83.2,1.0,Kevin Baker,Marketing,Content Writer,2022-07-02,6.8,EMP0012,Hyderabad
TASK00557,EMP0058,Engineering,Feature Dev,Medium,2025-04-18,2025-04-28,2025-04-26,True,True,15,22.3,67.5,4.0,Benjamin Buchanan,Engineering,Tech Lead,2024-02-09,7.4,EMP0017,Mumbai
TASK00558,EMP0026,Engineering,Bug Fix,High,2025-12-03,2025-12-04,2025-12-08,True,False,25,42.3,88.5,5.0,Calvin Kane,Engineering,Senior Dev,2023-09-23,6.0,EMP0015,Remote
TASK00559,EMP0114,HR,Training,Low,2026-01-21,2026-01-22,2026-01-24,True,False,6,11.5,81.6,1.0,Kelli Berry,HR,HR Coordinator,2023-03-04,12.7,EMP0009,Remote
TASK00560,EMP0119,Marketing,Documentation,Low,2025-12-26,2025-12-30,2025-12-31,True,False,14,18.1,99.0,5.0,William Campbell,Marketing,SEO Specialist,2023-12-09,8.4,EMP0014,Bangalore
TASK00561,EMP0044,Support,Testing,Medium,2025-10-28,2025-10-31,2025-11-04,True,False,8,13.2,85.7,4.0,Debbie Gordon,Support,Support Lead,2025-03-03,3.6,EMP0005,Remote
TASK00562,EMP0199,Marketing,Code Review,High,2026-02-03,2026-02-10,,False,False,12,0.0,0.0,,Kimberly King,Marketing,Content Writer,2025-07-24,3.8,EMP0004,Hyderabad
TASK00563,EMP0100,HR,Report,Medium,2025-08-03,2025-08-12,2025-08-12,True,True,36,71.9,55.9,3.0,Anne Williams,HR,HR Manager,2022-05-31,3.5,EMP0019,Remote
TASK00564,EMP0096,HR,Testing,Critical,2026-03-05,2026-03-14,,False,False,22,0.0,0.0,,Rachael Li,HR,Recruiter,2026-01-31,12.8,EMP0010,Remote
TASK00565,EMP0005,Support,Training,Medium,2025-12-07,2025-12-18,2025-12-21,True,False,40,34.4,73.3,2.0,Samantha Lindsey,Support,Customer Success,2025-06-06,10.7,EMP0014,Mumbai
TASK00566,EMP0199,Marketing,Testing,Medium,2026-01-28,2026-02-06,,False,False,18,0.0,0.0,,Kimberly King,Marketing,Content Writer,2025-07-24,3.8,EMP0004,Hyderabad
TASK00567,EMP0132,Support,Bug Fix,Critical,2025-04-27,2025-05-05,,False,False,2,0.0,0.0,,Amanda Nichols,Support,Support Agent,2024-05-02,11.8,EMP0002,Bangalore
TASK00568,EMP0020,Finance,Documentation,Critical,2025-11-15,2025-11-25,2025-11-25,True,True,21,10.7,69.1,2.0,Sydney Cole,Finance,Finance Manager,2021-08-01,5.1,EMP0016,Hyderabad
TASK00569,EMP0106,Engineering,Code Review,High,2025-07-27,2025-07-28,2025-07-30,True,False,37,46.9,58.8,1.0,Jennifer Young,Engineering,Senior Dev,2024-12-07,6.5,EMP0019,Mumbai
TASK00570,EMP0149,HR,Documentation,Low,2026-03-04,2026-03-10,2026-03-12,True,False,25,45.9,90.0,2.0,Amber Nelson,HR,HR Coordinator,2022-12-28,7.6,EMP0012,Delhi
TASK00571,EMP0044,Support,Feature Dev,Low,2026-01-02,2026-01-07,2026-01-11,True,False,38,71.3,80.7,3.0,Debbie Gordon,Support,Support Lead,2025-03-03,3.6,EMP0005,Remote
TASK00572,EMP0138,Support,Bug Fix,High,2025-05-04,2025-05-07,2025-05-06,True,True,40,58.5,68.6,5.0,Joshua Martinez,Support,Support Lead,2022-02-25,6.3,EMP0007,Bangalore
TASK00573,EMP0164,HR,Client Call,Medium,2025-09-13,2025-09-26,2025-09-29,True,False,24,43.7,71.0,4.0,Jennifer Powers,HR,Recruiter,2024-04-02,14.2,EMP0016,Bangalore
TASK00574,EMP0174,HR,Client Call,Critical,2026-03-18,2026-03-20,2026-03-21,True,False,40,75.7,71.2,1.0,Richard Henry,HR,Recruiter,2023-03-29,1.7,EMP0008,Mumbai
TASK00575,EMP0112,HR,Documentation,Medium,2026-01-18,2026-01-19,2026-01-19,True,True,22,27.6,67.3,2.0,Dominique Perez,HR,HR Manager,2023-01-31,9.4,EMP0017,Hyderabad
TASK00576,EMP0019,Engineering,Training,Low,2026-03-14,2026-03-26,,False,False,30,0.0,0.0,,Christopher Lester,Engineering,Senior Dev,2024-07-20,6.3,EMP0003,Mumbai
TASK00577,EMP0043,Engineering,Feature Dev,Low,2026-03-22,2026-03-29,2026-04-02,True,False,11,7.7,81.3,4.0,Melinda Zuniga,Engineering,Senior Dev,2023-04-19,1.5,EMP0008,Delhi
TASK00578,EMP0023,Finance,Client Call,Medium,2026-04-11,2026-04-12,2026-04-14,True,False,7,7.7,100.0,2.0,Matthew Fisher,Finance,Accountant,2026-01-31,5.7,EMP0005,Remote
TASK00579,EMP0106,Engineering,Documentation,High,2026-03-19,2026-03-27,2026-04-01,True,False,27,39.9,76.9,5.0,Jennifer Young,Engineering,Senior Dev,2024-12-07,6.5,EMP0019,Mumbai
TASK00580,EMP0085,Engineering,Client Call,Medium,2025-06-24,2025-07-06,2025-07-07,True,False,6,5.4,84.0,3.0,Natalie Rice,Engineering,Senior Dev,2025-09-12,3.7,EMP0015,Delhi
TASK00581,EMP0074,HR,Documentation,Medium,2025-11-03,2025-11-13,2025-11-17,True,False,29,30.4,70.8,3.0,Sheena Chandler,HR,HR Coordinator,2024-05-03,1.8,EMP0014,Delhi
TASK00582,EMP0076,Sales,Report,Medium,2026-02-05,2026-02-16,2026-02-18,True,False,12,23.8,94.1,5.0,Brianna Black,Sales,Sales Lead,2024-03-04,6.9,EMP0014,Remote
TASK00583,EMP0049,Sales,Documentation,Low,2026-02-26,2026-02-27,,False,False,16,0.0,0.0,,Todd Adams,Sales,Sales Rep,2022-10-12,8.3,EMP0005,Hyderabad
TASK00584,EMP0083,Support,Documentation,Medium,2025-05-10,2025-05-13,2025-05-12,True,True,9,14.5,69.9,5.0,Dillon Bernard,Support,Support Lead,2024-10-08,11.8,EMP0014,Mumbai
TASK00585,EMP0114,HR,Feature Dev,Critical,2025-10-16,2025-10-30,2025-11-01,True,False,2,2.0,85.6,3.0,Kelli Berry,HR,HR Coordinator,2023-03-04,12.7,EMP0009,Remote
TASK00586,EMP0092,Finance,Meeting,Medium,2025-10-13,2025-10-14,2025-10-15,True,False,15,19.8,88.3,5.0,Bryce Valentine,Finance,Analyst,2021-09-30,6.1,EMP0019,Mumbai
TASK00587,EMP0030,Finance,Client Call,Medium,2025-05-19,2025-05-31,,False,False,3,0.0,0.0,,Joshua Duncan,Finance,Analyst,2025-02-02,7.9,EMP0004,Delhi
TASK00588,EMP0056,Sales,Documentation,Medium,2025-08-14,2025-08-25,2025-08-27,True,False,12,7.1,80.2,5.0,Brian Howard,Sales,Sales Rep,2024-02-07,4.8,EMP0002,Remote
TASK00589,EMP0062,Finance,Meeting,Low,2025-05-31,2025-06-08,2025-06-06,True,True,6,6.5,84.2,3.0,Gloria Rodriguez,Finance,Analyst,2024-03-03,6.6,EMP0019,Remote
TASK00590,EMP0030,Finance,Training,High,2026-03-13,2026-03-14,2026-03-18,True,False,16,31.5,73.9,1.0,Joshua Duncan,Finance,Analyst,2025-02-02,7.9,EMP0004,Delhi
TASK00591,EMP0111,Sales,Report,Critical,2025-11-11,2025-11-19,2025-11-18,True,True,13,10.4,84.1,5.0,Alex Carter,Sales,Account Manager,2026-04-03,10.2,EMP0018,Remote
TASK00592,EMP0015,HR,Code Review,Critical,2026-02-22,2026-02-23,2026-02-25,True,False,23,28.4,68.1,1.0,Whitney Vaughn,HR,HR Manager,2025-01-09,3.5,EMP0009,Bangalore
TASK00593,EMP0067,Sales,Training,Medium,2026-03-22,2026-03-28,2026-03-30,True,False,17,33.9,73.5,3.0,Devon Jackson,Sales,Account Manager,2024-03-31,13.3,EMP0008,Delhi
TASK00594,EMP0082,Sales,Meeting,High,2025-09-22,2025-10-03,2025-10-07,True,False,3,5.7,96.3,2.0,Theresa Robinson,Sales,Sales Rep,2024-04-17,13.3,EMP0001,Mumbai
TASK00595,EMP0198,Support,Documentation,Low,2025-10-18,2025-10-25,2025-10-24,True,True,26,33.3,74.2,4.0,Jennifer Moody,Support,Support Agent,2026-04-13,5.0,EMP0001,Remote
TASK00596,EMP0172,Finance,Training,Low,2025-12-31,2026-01-03,2026-01-05,True,False,40,39.8,66.8,2.0,Denise Medina,Finance,Accountant,2022-08-13,4.9,EMP0020,Bangalore
TASK00597,EMP0200,Engineering,Training,Low,2025-08-21,2025-08-24,2025-08-25,True,False,10,9.6,76.3,2.0,Ashley Lopez,Engineering,Tech Lead,2023-11-18,12.6,EMP0016,Delhi
TASK00598,EMP0033,Finance,Training,Medium,2025-07-07,2025-07-20,2025-07-20,True,True,22,13.2,74.0,1.0,Lori Hernandez,Finance,Accountant,2021-12-06,7.6,EMP0004,Delhi
TASK00599,EMP0155,Support,Client Call,Low,2025-05-25,2025-06-08,2025-06-06,True,True,22,40.0,85.8,4.0,Kimberly Krueger,Support,Customer Success,2025-06-09,5.9,EMP0018,Remote
TASK00600,EMP0051,Finance,Code Review,Medium,2026-02-02,2026-02-14,,False,False,19,0.0,0.0,,Lisa Sutton,Finance,Analyst,2022-05-10,1.2,EMP0018,Bangalore
TASK00601,EMP0146,Support,Documentation,High,2025-08-13,2025-08-15,2025-08-14,True,True,19,26.8,91.9,5.0,Erica Wise,Support,Customer Success,2026-02-17,4.4,EMP0008,Bangalore
TASK00602,EMP0117,Finance,Report,Low,2025-06-19,2025-06-30,2025-06-29,True,True,32,22.4,81.4,3.0,Gregory Christensen,Finance,Analyst,2022-01-23,2.5,EMP0008,Hyderabad
TASK00603,EMP0116,Support,Bug Fix,Low,2025-07-26,2025-08-02,2025-08-02,True,True,12,9.5,80.7,4.0,Colleen Olsen,Support,Support Lead,2024-05-31,3.9,EMP0011,Delhi
TASK00604,EMP0077,Engineering,Documentation,High,2025-09-09,2025-09-10,,False,False,28,0.0,0.0,,Matthew Pitts,Engineering,Junior Dev,2025-08-03,1.6,EMP0005,Remote
TASK00605,EMP0046,Sales,Report,High,2025-05-10,2025-05-14,2025-05-13,True,True,13,24.6,84.2,5.0,Andrew Reed Jr.,Sales,Sales Rep,2022-04-27,1.9,EMP0014,Delhi
TASK00606,EMP0073,Support,Bug Fix,Medium,2026-03-12,2026-03-18,2026-03-19,True,False,29,32.1,68.4,5.0,Courtney Reyes,Support,Customer Success,2023-02-03,12.9,EMP0017,Hyderabad
TASK00607,EMP0154,HR,Training,High,2025-06-03,2025-06-10,2025-06-14,True,False,38,52.8,70.6,1.0,Eileen Burns,HR,HR Coordinator,2021-06-08,6.4,EMP0008,Delhi
TASK00608,EMP0073,Support,Client Call,Medium,2025-07-09,2025-07-17,2025-07-15,True,True,17,21.7,77.0,1.0,Courtney Reyes,Support,Customer Success,2023-02-03,12.9,EMP0017,Hyderabad
TASK00609,EMP0112,HR,Client Call,Medium,2025-12-03,2025-12-12,2025-12-10,True,True,14,13.1,89.8,3.0,Dominique Perez,HR,HR Manager,2023-01-31,9.4,EMP0017,Hyderabad
TASK00610,EMP0137,HR,Bug Fix,High,2025-06-12,2025-06-17,2025-06-21,True,False,20,28.4,86.1,5.0,Paul Baker,HR,HR Coordinator,2023-04-25,8.9,EMP0010,Remote
TASK00611,EMP0092,Finance,Feature Dev,Critical,2026-03-10,2026-03-18,2026-03-23,True,False,7,11.1,64.6,2.0,Bryce Valentine,Finance,Analyst,2021-09-30,6.1,EMP0019,Mumbai
TASK00612,EMP0146,Support,Bug Fix,High,2025-12-02,2025-12-14,2025-12-18,True,False,28,27.6,65.4,2.0,Erica Wise,Support,Customer Success,2026-02-17,4.4,EMP0008,Bangalore
TASK00613,EMP0044,Support,Feature Dev,Medium,2026-01-03,2026-01-15,,False,False,31,0.0,0.0,,Debbie Gordon,Support,Support Lead,2025-03-03,3.6,EMP0005,Remote
TASK00614,EMP0146,Support,Report,Low,2025-09-29,2025-10-11,2025-10-11,True,True,9,5.7,83.0,3.0,Erica Wise,Support,Customer Success,2026-02-17,4.4,EMP0008,Bangalore
TASK00615,EMP0055,Marketing,Bug Fix,Low,2026-02-28,2026-03-12,2026-03-12,True,True,26,34.5,87.9,2.0,Pamela Powell,Marketing,Marketing Manager,2025-02-16,14.4,EMP0018,Hyderabad
TASK00616,EMP0153,Support,Code Review,Critical,2025-12-19,2025-12-29,2025-12-29,True,True,12,21.6,79.1,1.0,James Johnson,Support,Customer Success,2022-11-28,7.6,EMP0001,Bangalore
TASK00617,EMP0161,Finance,Feature Dev,Medium,2026-02-18,2026-02-23,2026-02-28,True,False,20,28.8,81.4,2.0,Jessica Scott,Finance,Accountant,2021-09-12,14.7,EMP0007,Delhi
TASK00618,EMP0082,Sales,Report,Critical,2026-04-05,2026-04-06,2026-04-08,True,False,2,2.4,79.9,5.0,Theresa Robinson,Sales,Sales Rep,2024-04-17,13.3,EMP0001,Mumbai
TASK00619,EMP0006,Marketing,Documentation,High,2025-12-12,2025-12-22,,False,False,17,0.0,0.0,,Paula White,Marketing,Marketing Manager,2023-08-11,4.5,EMP0001,Mumbai
TASK00620,EMP0043,Engineering,Bug Fix,Medium,2025-09-07,2025-09-15,2025-09-20,True,False,7,9.8,67.3,2.0,Melinda Zuniga,Engineering,Senior Dev,2023-04-19,1.5,EMP0008,Delhi
TASK00621,EMP0076,Sales,Bug Fix,High,2025-04-18,2025-04-23,2025-04-24,True,False,5,3.9,85.5,3.0,Brianna Black,Sales,Sales Lead,2024-03-04,6.9,EMP0014,Remote
TASK00622,EMP0113,Finance,Bug Fix,Low,2025-12-16,2025-12-30,2026-01-01,True,False,23,43.3,76.9,1.0,Carl Webb,Finance,Accountant,2025-10-13,13.5,EMP0016,Hyderabad
TASK00623,EMP0063,Finance,Training,Medium,2025-08-25,2025-08-28,2025-08-30,True,False,40,54.3,92.9,2.0,Brianna Smith,Finance,Accountant,2023-07-07,14.1,EMP0007,Delhi
TASK00624,EMP0002,Sales,Testing,Critical,2025-07-31,2025-08-12,2025-08-10,True,True,7,11.6,94.6,3.0,Anthony Reed,Sales,Sales Rep,2022-02-09,11.2,EMP0018,Bangalore
TASK00625,EMP0131,Support,Report,High,2026-02-08,2026-02-22,2026-02-26,True,False,37,22.1,78.3,2.0,Robin Jones,Support,Customer Success,2023-05-11,1.3,EMP0012,Mumbai
TASK00626,EMP0113,Finance,Documentation,Low,2025-08-15,2025-08-29,2025-09-02,True,False,35,28.5,78.3,5.0,Carl Webb,Finance,Accountant,2025-10-13,13.5,EMP0016,Hyderabad
TASK00627,EMP0183,Finance,Meeting,Low,2026-01-06,2026-01-16,2026-01-15,True,True,32,50.8,99.4,4.0,Jamie Cohen,Finance,Finance Manager,2021-12-07,7.7,EMP0003,Remote
TASK00628,EMP0085,Engineering,Report,Medium,2025-06-16,2025-06-22,2025-06-25,True,False,10,14.2,75.2,5.0,Natalie Rice,Engineering,Senior Dev,2025-09-12,3.7,EMP0015,Delhi
TASK00629,EMP0092,Finance,Documentation,High,2025-11-24,2025-12-02,2025-12-02,True,True,16,25.0,70.8,1.0,Bryce Valentine,Finance,Analyst,2021-09-30,6.1,EMP0019,Mumbai
TASK00630,EMP0118,Support,Client Call,Low,2026-03-02,2026-03-10,2026-03-09,True,True,15,25.5,94.7,4.0,George Meadows,Support,Support Agent,2025-07-12,10.7,EMP0003,Hyderabad
TASK00631,EMP0043,Engineering,Meeting,Low,2025-05-02,2025-05-08,2025-05-09,True,False,2,2.9,90.2,3.0,Melinda Zuniga,Engineering,Senior Dev,2023-04-19,1.5,EMP0008,Delhi
TASK00632,EMP0042,Engineering,Testing,High,2025-04-27,2025-05-02,2025-05-05,True,False,2,1.3,77.7,3.0,Elizabeth Hayes,Engineering,Tech Lead,2024-12-22,9.7,EMP0008,Bangalore
TASK00633,EMP0178,Support,Testing,Medium,2025-04-16,2025-04-26,2025-04-24,True,True,13,10.3,61.9,4.0,Thomas Hernandez,Support,Support Agent,2025-01-27,13.9,EMP0019,Mumbai
TASK00634,EMP0089,Engineering,Report,Critical,2025-12-06,2025-12-19,2025-12-19,True,True,32,23.5,63.1,5.0,Gwendolyn Munoz,Engineering,Junior Dev,2023-08-28,13.2,EMP0009,Mumbai
TASK00635,EMP0097,HR,Meeting,High,2025-12-05,2025-12-13,2025-12-17,True,False,5,8.8,79.6,5.0,Patrick Wright,HR,Recruiter,2023-04-03,6.4,EMP0013,Delhi
TASK00636,EMP0018,Support,Testing,High,2025-09-27,2025-10-03,2025-10-01,True,True,15,20.5,88.6,3.0,Sarah Mann,Support,Support Lead,2023-06-05,12.7,EMP0002,Mumbai
TASK00637,EMP0188,Sales,Training,Low,2025-05-29,2025-06-01,2025-05-30,True,True,23,45.4,84.8,2.0,Robert Love,Sales,Sales Lead,2022-11-26,6.8,EMP0016,Bangalore
TASK00638,EMP0161,Finance,Testing,Medium,2026-01-11,2026-01-18,2026-01-17,True,True,21,32.7,72.7,1.0,Jessica Scott,Finance,Accountant,2021-09-12,14.7,EMP0007,Delhi
TASK00639,EMP0131,Support,Meeting,Low,2025-10-27,2025-10-29,2025-10-30,True,False,25,29.4,81.4,2.0,Robin Jones,Support,Customer Success,2023-05-11,1.3,EMP0012,Mumbai
TASK00640,EMP0019,Engineering,Report,Medium,2025-05-07,2025-05-10,2025-05-08,True,True,14,26.2,79.6,5.0,Christopher Lester,Engineering,Senior Dev,2024-07-20,6.3,EMP0003,Mumbai
TASK00641,EMP0035,Engineering,Documentation,Low,2026-01-27,2026-02-04,,False,False,11,0.0,0.0,,Isabel Williams,Engineering,Tech Lead,2024-10-23,7.5,EMP0003,Remote
TASK00642,EMP0084,HR,Feature Dev,Medium,2025-04-26,2025-05-04,2025-05-06,True,False,22,15.7,59.9,5.0,Rachel Huang,HR,HR Coordinator,2025-07-18,11.9,EMP0004,Hyderabad
TASK00643,EMP0038,Finance,Training,Medium,2026-03-03,2026-03-06,2026-03-04,True,True,31,33.5,100.0,1.0,Matthew Hughes,Finance,Finance Manager,2025-03-08,10.5,EMP0010,Hyderabad
TASK00644,EMP0023,Finance,Bug Fix,Low,2025-07-19,2025-07-20,2025-07-20,True,True,23,27.6,68.6,1.0,Matthew Fisher,Finance,Accountant,2026-01-31,5.7,EMP0005,Remote
TASK00645,EMP0031,Support,Documentation,Medium,2025-05-22,2025-06-02,2025-05-31,True,True,38,62.2,80.0,3.0,Laura Ibarra,Support,Customer Success,2026-03-02,9.3,EMP0005,Delhi
TASK00646,EMP0149,HR,Meeting,Low,2026-03-05,2026-03-10,2026-03-13,True,False,30,45.2,85.4,2.0,Amber Nelson,HR,HR Coordinator,2022-12-28,7.6,EMP0012,Delhi
TASK00647,EMP0200,Engineering,Training,Low,2025-07-07,2025-07-09,2025-07-08,True,True,15,19.7,61.9,3.0,Ashley Lopez,Engineering,Tech Lead,2023-11-18,12.6,EMP0016,Delhi
TASK00648,EMP0153,Support,Testing,Low,2025-04-20,2025-05-02,2025-05-03,True,False,12,7.3,65.7,5.0,James Johnson,Support,Customer Success,2022-11-28,7.6,EMP0001,Bangalore
TASK00649,EMP0179,Marketing,Feature Dev,Medium,2025-04-28,2025-05-01,2025-04-29,True,True,8,8.6,73.2,4.0,Justin White,Marketing,Content Writer,2023-03-29,8.4,EMP0005,Delhi
TASK00650,EMP0090,Finance,Documentation,Medium,2025-07-30,2025-08-11,2025-08-16,True,False,24,23.2,98.1,5.0,Joann Sanders,Finance,Accountant,2023-07-16,1.1,EMP0020,Hyderabad
TASK00651,EMP0105,Sales,Report,Low,2025-10-13,2025-10-26,2025-10-26,True,True,7,12.0,77.2,1.0,James Singh,Sales,Sales Rep,2021-10-17,1.2,EMP0016,Remote
TASK00652,EMP0157,HR,Documentation,Medium,2025-04-30,2025-05-11,2025-05-16,True,False,32,27.1,74.7,2.0,James Garza,HR,Recruiter,2023-07-31,7.1,EMP0010,Delhi
TASK00653,EMP0038,Finance,Testing,High,2025-12-30,2026-01-09,2026-01-12,True,False,27,20.9,76.7,3.0,Matthew Hughes,Finance,Finance Manager,2025-03-08,10.5,EMP0010,Hyderabad
TASK00654,EMP0074,HR,Code Review,Medium,2025-05-29,2025-05-30,2025-05-30,True,True,24,29.2,76.9,3.0,Sheena Chandler,HR,HR Coordinator,2024-05-03,1.8,EMP0014,Delhi
TASK00655,EMP0085,Engineering,Feature Dev,High,2025-08-23,2025-09-02,2025-09-01,True,True,27,46.6,83.8,3.0,Natalie Rice,Engineering,Senior Dev,2025-09-12,3.7,EMP0015,Delhi
TASK00656,EMP0061,Engineering,Documentation,Medium,2025-05-15,2025-05-17,2025-05-22,True,False,27,37.4,81.6,5.0,Maria Rodriguez,Engineering,Tech Lead,2024-02-04,4.1,EMP0020,Bangalore
TASK00657,EMP0171,Finance,Feature Dev,Low,2025-09-23,2025-09-26,,False,False,26,0.0,0.0,,Amy Woodward,Finance,Accountant,2024-05-08,7.0,EMP0015,Delhi
TASK00658,EMP0038,Finance,Testing,Medium,2025-08-22,2025-09-05,2025-09-09,True,False,29,39.2,79.1,5.0,Matthew Hughes,Finance,Finance Manager,2025-03-08,10.5,EMP0010,Hyderabad
TASK00659,EMP0152,Support,Feature Dev,Medium,2026-02-09,2026-02-12,2026-02-11,True,True,38,66.7,62.8,5.0,Greg Shah,Support,Support Lead,2024-12-02,7.6,EMP0008,Hyderabad
TASK00660,EMP0082,Sales,Client Call,Medium,2026-03-22,2026-03-28,2026-04-02,True,False,13,12.5,87.8,1.0,Theresa Robinson,Sales,Sales Rep,2024-04-17,13.3,EMP0001,Mumbai
TASK00661,EMP0089,Engineering,Bug Fix,Medium,2025-08-12,2025-08-23,2025-08-27,True,False,22,27.3,87.9,1.0,Gwendolyn Munoz,Engineering,Junior Dev,2023-08-28,13.2,EMP0009,Mumbai
TASK00662,EMP0181,Support,Code Review,Low,2025-05-03,2025-05-06,,False,False,2,0.0,0.0,,Joanne Hall,Support,Customer Success,2021-11-21,13.9,EMP0015,Bangalore
TASK00663,EMP0098,Finance,Documentation,Medium,2026-01-05,2026-01-13,2026-01-17,True,False,38,44.5,88.5,3.0,Angela Aguilar,Finance,Analyst,2022-06-15,3.3,EMP0013,Mumbai
TASK00664,EMP0052,Engineering,Client Call,Low,2025-10-21,2025-11-03,,False,False,21,0.0,0.0,,Patrick Mercer,Engineering,Junior Dev,2021-08-27,2.9,EMP0016,Hyderabad
TASK00665,EMP0047,Marketing,Bug Fix,High,2025-04-20,2025-04-26,,False,False,39,0.0,0.0,,Christopher Conley,Marketing,SEO Specialist,2022-11-08,7.3,EMP0002,Bangalore
TASK00666,EMP0060,Finance,Training,Medium,2026-03-02,2026-03-11,2026-03-11,True,True,20,11.9,71.7,1.0,Phillip Cummings,Finance,Analyst,2025-05-31,10.3,EMP0008,Hyderabad
TASK00667,EMP0102,Finance,Bug Fix,Low,2025-06-03,2025-06-12,2025-06-15,True,False,9,16.1,87.0,2.0,Kimberly Brown,Finance,Accountant,2022-08-11,12.0,EMP0006,Bangalore
TASK00668,EMP0063,Finance,Client Call,Medium,2025-11-18,2025-11-28,2025-12-01,True,False,26,28.8,100.0,5.0,Brianna Smith,Finance,Accountant,2023-07-07,14.1,EMP0007,Delhi
TASK00669,EMP0054,Engineering,Testing,Low,2026-04-05,2026-04-08,2026-04-09,True,False,37,39.8,70.4,4.0,Melissa Lang,Engineering,Senior Dev,2026-02-22,4.3,EMP0015,Delhi
TASK00670,EMP0026,Engineering,Bug Fix,Low,2026-03-31,2026-04-14,2026-04-14,True,True,2,1.2,62.9,2.0,Calvin Kane,Engineering,Senior Dev,2023-09-23,6.0,EMP0015,Remote
TASK00671,EMP0196,HR,Client Call,High,2025-07-26,2025-08-03,2025-08-03,True,True,7,4.9,91.7,4.0,Lisa Martinez,HR,Recruiter,2022-06-20,2.4,EMP0010,Hyderabad
TASK00672,EMP0076,Sales,Client Call,High,2025-05-06,2025-05-18,2025-05-22,True,False,13,15.4,92.3,5.0,Brianna Black,Sales,Sales Lead,2024-03-04,6.9,EMP0014,Remote
TASK00673,EMP0183,Finance,Report,High,2025-07-02,2025-07-09,2025-07-09,True,True,29,40.8,76.6,2.0,Jamie Cohen,Finance,Finance Manager,2021-12-07,7.7,EMP0003,Remote
TASK00674,EMP0199,Marketing,Report,High,2025-07-20,2025-07-25,2025-07-28,True,False,4,7.9,84.1,3.0,Kimberly King,Marketing,Content Writer,2025-07-24,3.8,EMP0004,Hyderabad
TASK00675,EMP0137,HR,Code Review,Low,2026-03-14,2026-03-22,,False,False,7,0.0,0.0,,Paul Baker,HR,HR Coordinator,2023-04-25,8.9,EMP0010,Remote
TASK00676,EMP0051,Finance,Report,High,2025-12-27,2026-01-05,,False,False,19,0.0,0.0,,Lisa Sutton,Finance,Analyst,2022-05-10,1.2,EMP0018,Bangalore
TASK00677,EMP0200,Engineering,Documentation,Medium,2025-06-24,2025-07-03,,False,False,7,0.0,0.0,,Ashley Lopez,Engineering,Tech Lead,2023-11-18,12.6,EMP0016,Delhi
TASK00678,EMP0014,HR,Meeting,Medium,2025-12-11,2025-12-23,2025-12-22,True,True,36,61.1,93.1,5.0,Kathryn Perez,HR,HR Manager,2023-11-12,9.7,EMP0012,Mumbai
TASK00679,EMP0194,Marketing,Report,Low,2025-05-20,2025-05-26,2025-05-24,True,True,32,37.8,91.9,5.0,Jennifer Cain,Marketing,SEO Specialist,2024-03-15,1.3,EMP0017,Delhi
TASK00680,EMP0144,Support,Meeting,High,2025-07-10,2025-07-17,2025-07-19,True,False,20,15.0,95.0,5.0,John Duncan,Support,Support Agent,2021-08-27,6.8,EMP0017,Delhi
TASK00681,EMP0057,Support,Meeting,Low,2025-08-20,2025-08-31,2025-08-31,True,True,38,21.9,81.6,5.0,Scott Harper,Support,Customer Success,2023-04-07,1.4,EMP0011,Bangalore
TASK00682,EMP0129,HR,Meeting,Low,2025-06-17,2025-06-25,2025-06-24,True,True,19,16.7,77.9,3.0,Shane Barnes,HR,HR Manager,2022-12-09,11.5,EMP0013,Delhi
TASK00683,EMP0091,HR,Report,High,2025-07-17,2025-07-18,2025-07-18,True,True,39,62.7,96.4,3.0,Heather Wright,HR,Recruiter,2022-09-23,11.9,EMP0014,Remote
TASK00684,EMP0129,HR,Training,High,2025-11-08,2025-11-13,2025-11-14,True,False,33,25.5,82.0,1.0,Shane Barnes,HR,HR Manager,2022-12-09,11.5,EMP0013,Delhi
TASK00685,EMP0034,HR,Code Review,Medium,2025-10-07,2025-10-09,,False,False,40,0.0,0.0,,Jeffery Griffith,HR,HR Coordinator,2023-08-25,1.3,EMP0019,Bangalore
TASK00686,EMP0195,Finance,Documentation,High,2025-07-31,2025-08-13,,False,False,26,0.0,0.0,,Andrea Davidson,Finance,Accountant,2023-12-10,9.6,EMP0002,Mumbai
TASK00687,EMP0144,Support,Testing,Medium,2025-05-11,2025-05-23,2025-05-24,True,False,38,60.9,79.3,1.0,John Duncan,Support,Support Agent,2021-08-27,6.8,EMP0017,Delhi
TASK00688,EMP0050,Sales,Report,Medium,2025-10-14,2025-10-27,2025-10-25,True,True,12,14.4,99.6,3.0,Jennifer Lee,Sales,Account Manager,2025-03-31,7.2,EMP0003,Hyderabad
TASK00689,EMP0112,HR,Client Call,Medium,2026-04-15,2026-04-28,,False,False,16,0.0,0.0,,Dominique Perez,HR,HR Manager,2023-01-31,9.4,EMP0017,Hyderabad
TASK00690,EMP0028,Support,Bug Fix,Medium,2025-06-28,2025-07-05,2025-07-05,True,True,35,63.2,72.8,3.0,Michelle Goodwin,Support,Customer Success,2021-09-04,11.4,EMP0011,Bangalore
TASK00691,EMP0176,Support,Bug Fix,Critical,2026-03-20,2026-03-28,2026-03-31,True,False,35,53.4,81.8,1.0,William Fox,Support,Customer Success,2024-04-15,7.3,EMP0002,Mumbai
TASK00692,EMP0042,Engineering,Meeting,Critical,2026-03-06,2026-03-17,2026-03-21,True,False,19,19.0,76.1,1.0,Elizabeth Hayes,Engineering,Tech Lead,2024-12-22,9.7,EMP0008,Bangalore
TASK00693,EMP0058,Engineering,Training,Low,2025-07-17,2025-07-27,2025-07-28,True,False,39,64.6,82.5,3.0,Benjamin Buchanan,Engineering,Tech Lead,2024-02-09,7.4,EMP0017,Mumbai
TASK00694,EMP0167,Engineering,Bug Fix,Medium,2025-12-16,2025-12-19,2025-12-17,True,True,2,3.5,95.7,4.0,Melissa Williams,Engineering,Junior Dev,2023-03-17,6.3,EMP0003,Remote
TASK00695,EMP0183,Finance,Meeting,Low,2025-07-12,2025-07-14,2025-07-17,True,False,16,25.4,70.1,2.0,Jamie Cohen,Finance,Finance Manager,2021-12-07,7.7,EMP0003,Remote
TASK00696,EMP0148,Finance,Feature Dev,Low,2026-02-02,2026-02-12,2026-02-13,True,False,40,58.3,78.5,1.0,John Johnson,Finance,Finance Manager,2023-12-08,6.0,EMP0001,Hyderabad
TASK00697,EMP0110,Engineering,Meeting,High,2025-08-22,2025-08-25,2025-08-25,True,True,9,13.9,85.5,3.0,Mary Richards,Engineering,Tech Lead,2026-04-14,4.1,EMP0004,Hyderabad
TASK00698,EMP0012,Finance,Testing,Medium,2025-08-18,2025-08-20,2025-08-22,True,False,29,44.6,91.0,3.0,Leslie Ramos,Finance,Analyst,2022-07-08,10.7,EMP0002,Mumbai
TASK00699,EMP0128,Engineering,Bug Fix,Low,2026-02-04,2026-02-06,2026-02-05,True,True,26,28.2,70.5,3.0,Jennifer Perez,Engineering,Senior Dev,2025-09-24,6.0,EMP0007,Hyderabad
TASK00700,EMP0109,Sales,Documentation,Critical,2025-10-07,2025-10-12,2025-10-11,True,True,33,65.0,80.2,5.0,Scott Ewing,Sales,Sales Rep,2022-04-09,12.2,EMP0017,Hyderabad
TASK00701,EMP0140,Support,Documentation,Medium,2025-11-28,2025-12-09,2025-12-09,True,True,36,59.5,72.9,5.0,Andrew Jackson,Support,Support Lead,2023-02-22,12.8,EMP0020,Bangalore
TASK00702,EMP0066,Engineering,Meeting,Medium,2026-04-03,2026-04-11,2026-04-10,True,True,4,2.4,80.1,4.0,Miguel Jimenez,Engineering,Junior Dev,2025-01-20,8.3,EMP0017,Delhi
TASK00703,EMP0090,Finance,Meeting,Low,2025-11-03,2025-11-11,2025-11-09,True,True,4,6.0,78.5,2.0,Joann Sanders,Finance,Accountant,2023-07-16,1.1,EMP0020,Hyderabad
TASK00704,EMP0024,Marketing,Feature Dev,High,2025-06-20,2025-06-27,2025-07-02,True,False,32,36.9,63.9,5.0,Briana Dawson,Marketing,Content Writer,2023-01-29,11.5,EMP0004,Mumbai
TASK00705,EMP0111,Sales,Feature Dev,Low,2025-06-20,2025-06-27,,False,False,32,0.0,0.0,,Alex Carter,Sales,Account Manager,2026-04-03,10.2,EMP0018,Remote
TASK00706,EMP0197,Support,Feature Dev,Medium,2025-05-05,2025-05-11,2025-05-13,True,False,27,15.7,84.9,3.0,Julie Snow,Support,Support Lead,2025-07-03,2.3,EMP0020,Mumbai
TASK00707,EMP0191,Support,Code Review,Medium,2025-08-07,2025-08-13,2025-08-18,True,False,20,29.4,91.9,5.0,Tamara Ramirez,Support,Support Lead,2021-06-04,12.3,EMP0018,Bangalore
TASK00708,EMP0031,Support,Testing,Low,2025-06-14,2025-06-21,2025-06-23,True,False,26,48.0,79.3,4.0,Laura Ibarra,Support,Customer Success,2026-03-02,9.3,EMP0005,Delhi
TASK00709,EMP0172,Finance,Bug Fix,Low,2025-04-24,2025-05-05,2025-05-06,True,False,10,5.5,84.2,5.0,Denise Medina,Finance,Accountant,2022-08-13,4.9,EMP0020,Bangalore
TASK00710,EMP0181,Support,Report,Low,2025-12-30,2026-01-06,2026-01-08,True,False,33,42.9,82.3,1.0,Joanne Hall,Support,Customer Success,2021-11-21,13.9,EMP0015,Bangalore
TASK00711,EMP0009,HR,Training,Low,2025-07-07,2025-07-08,2025-07-08,True,True,27,18.3,63.5,4.0,Ryan Norman DVM,HR,Recruiter,2023-01-14,4.3,EMP0002,Hyderabad
TASK00712,EMP0042,Engineering,Documentation,Critical,2025-09-05,2025-09-19,,False,False,11,0.0,0.0,,Elizabeth Hayes,Engineering,Tech Lead,2024-12-22,9.7,EMP0008,Bangalore
TASK00713,EMP0099,Finance,Bug Fix,Critical,2025-05-26,2025-05-27,2025-06-01,True,False,3,3.6,81.2,2.0,Lisa Mcfarland,Finance,Finance Manager,2023-05-08,4.9,EMP0018,Bangalore
TASK00714,EMP0147,HR,Feature Dev,High,2026-04-09,2026-04-12,2026-04-10,True,True,21,36.4,73.8,4.0,Gregory Smith,HR,HR Manager,2021-08-26,4.0,EMP0015,Remote
TASK00715,EMP0134,Sales,Documentation,Medium,2026-04-01,2026-04-15,2026-04-14,True,True,9,11.2,73.7,1.0,Mary Atkins,Sales,Sales Rep,2021-06-14,7.4,EMP0004,Remote
TASK00716,EMP0193,Marketing,Training,High,2025-07-23,2025-07-30,2025-08-03,True,False,22,15.0,82.9,2.0,Patricia Graves,Marketing,Marketing Manager,2026-01-07,12.5,EMP0001,Remote
TASK00717,EMP0142,Engineering,Feature Dev,Medium,2025-08-11,2025-08-24,2025-08-22,True,True,39,29.6,97.1,1.0,Jacob Stein,Engineering,Tech Lead,2025-10-06,9.9,EMP0001,Hyderabad
TASK00718,EMP0195,Finance,Documentation,Low,2025-11-25,2025-12-08,2025-12-11,True,False,37,27.7,80.3,5.0,Andrea Davidson,Finance,Accountant,2023-12-10,9.6,EMP0002,Mumbai
TASK00719,EMP0039,Support,Report,Low,2025-10-21,2025-10-23,2025-10-27,True,False,12,6.3,75.8,1.0,Katherine Stanley,Support,Customer Success,2023-08-12,5.9,EMP0017,Hyderabad
TASK00720,EMP0136,Finance,Meeting,Low,2025-09-27,2025-09-30,,False,False,39,0.0,0.0,,Elizabeth Smith,Finance,Finance Manager,2021-07-29,14.5,EMP0004,Mumbai
TASK00721,EMP0069,Finance,Meeting,Medium,2025-10-13,2025-10-26,2025-10-31,True,False,10,8.1,83.1,5.0,Christian Henry,Finance,Finance Manager,2022-05-02,8.2,EMP0018,Delhi
TASK00722,EMP0098,Finance,Code Review,Medium,2026-03-06,2026-03-10,,False,False,4,0.0,0.0,,Angela Aguilar,Finance,Analyst,2022-06-15,3.3,EMP0013,Mumbai
TASK00723,EMP0192,Marketing,Testing,High,2026-01-26,2026-02-05,,False,False,21,0.0,0.0,,Jordan Barr,Marketing,Content Writer,2023-02-20,5.1,EMP0011,Bangalore
TASK00724,EMP0199,Marketing,Testing,Medium,2026-03-08,2026-03-17,2026-03-16,True,True,35,68.8,68.0,5.0,Kimberly King,Marketing,Content Writer,2025-07-24,3.8,EMP0004,Hyderabad
TASK00725,EMP0047,Marketing,Feature Dev,Medium,2025-05-03,2025-05-11,2025-05-12,True,False,19,11.0,88.8,2.0,Christopher Conley,Marketing,SEO Specialist,2022-11-08,7.3,EMP0002,Bangalore
TASK00726,EMP0024,Marketing,Testing,Medium,2025-11-17,2025-11-25,2025-11-25,True,True,4,2.3,100.0,3.0,Briana Dawson,Marketing,Content Writer,2023-01-29,11.5,EMP0004,Mumbai
TASK00727,EMP0075,Engineering,Bug Fix,Low,2025-11-15,2025-11-20,2025-11-25,True,False,4,2.6,76.0,5.0,Deborah Ramos,Engineering,Junior Dev,2025-09-30,5.3,EMP0005,Delhi
TASK00728,EMP0028,Support,Report,Low,2026-01-10,2026-01-23,2026-01-22,True,True,6,11.1,81.4,5.0,Michelle Goodwin,Support,Customer Success,2021-09-04,11.4,EMP0011,Bangalore
TASK00729,EMP0151,Engineering,Testing,Medium,2026-03-20,2026-03-27,2026-03-30,True,False,16,26.7,83.3,2.0,Tony Allen,Engineering,Tech Lead,2025-03-10,14.2,EMP0003,Mumbai
TASK00730,EMP0162,Sales,Feature Dev,Low,2026-01-21,2026-02-02,2026-02-03,True,False,26,47.8,78.8,4.0,Gregory Parker,Sales,Account Manager,2021-08-22,3.1,EMP0001,Remote
TASK00731,EMP0029,HR,Documentation,Medium,2025-05-04,2025-05-05,,False,False,11,0.0,0.0,,Daniel Lewis,HR,HR Manager,2023-12-07,2.8,EMP0001,Delhi
TASK00732,EMP0185,Engineering,Documentation,Critical,2025-08-25,2025-09-02,2025-09-05,True,False,10,11.9,70.1,3.0,Mrs. Toni Webb,Engineering,Junior Dev,2021-05-01,3.8,EMP0019,Remote
TASK00733,EMP0180,Sales,Code Review,Critical,2025-09-10,2025-09-14,2025-09-12,True,True,38,22.4,83.4,1.0,Daniel Ryan,Sales,Sales Rep,2022-06-28,1.4,EMP0010,Remote
TASK00734,EMP0089,Engineering,Code Review,High,2025-05-19,2025-05-27,2025-05-30,True,False,16,29.3,56.2,5.0,Gwendolyn Munoz,Engineering,Junior Dev,2023-08-28,13.2,EMP0009,Mumbai
TASK00735,EMP0161,Finance,Feature Dev,Critical,2025-11-06,2025-11-16,,False,False,16,0.0,0.0,,Jessica Scott,Finance,Accountant,2021-09-12,14.7,EMP0007,Delhi
TASK00736,EMP0023,Finance,Report,Medium,2025-07-12,2025-07-21,2025-07-22,True,False,39,47.2,69.6,3.0,Matthew Fisher,Finance,Accountant,2026-01-31,5.7,EMP0005,Remote
TASK00737,EMP0060,Finance,Documentation,Low,2026-03-13,2026-03-20,2026-03-21,True,False,17,16.8,87.5,5.0,Phillip Cummings,Finance,Analyst,2025-05-31,10.3,EMP0008,Hyderabad
TASK00738,EMP0105,Sales,Report,Critical,2026-02-04,2026-02-14,2026-02-18,True,False,4,2.2,78.0,5.0,James Singh,Sales,Sales Rep,2021-10-17,1.2,EMP0016,Remote
TASK00739,EMP0194,Marketing,Feature Dev,Low,2025-06-22,2025-07-01,2025-06-30,True,True,30,37.3,61.4,5.0,Jennifer Cain,Marketing,SEO Specialist,2024-03-15,1.3,EMP0017,Delhi
TASK00740,EMP0066,Engineering,Documentation,High,2025-04-19,2025-05-01,2025-05-02,True,False,10,10.4,68.5,1.0,Miguel Jimenez,Engineering,Junior Dev,2025-01-20,8.3,EMP0017,Delhi
TASK00741,EMP0193,Marketing,Bug Fix,Low,2026-03-28,2026-04-08,2026-04-13,True,False,38,61.6,100.0,4.0,Patricia Graves,Marketing,Marketing Manager,2026-01-07,12.5,EMP0001,Remote
TASK00742,EMP0117,Finance,Testing,Medium,2025-11-27,2025-11-30,2025-12-04,True,False,13,21.9,76.0,4.0,Gregory Christensen,Finance,Analyst,2022-01-23,2.5,EMP0008,Hyderabad
TASK00743,EMP0180,Sales,Testing,High,2025-11-23,2025-11-24,2025-11-24,True,True,26,47.8,64.9,5.0,Daniel Ryan,Sales,Sales Rep,2022-06-28,1.4,EMP0010,Remote
TASK00744,EMP0077,Engineering,Testing,Low,2025-04-17,2025-04-24,2025-04-25,True,False,7,10.0,68.3,1.0,Matthew Pitts,Engineering,Junior Dev,2025-08-03,1.6,EMP0005,Remote
TASK00745,EMP0197,Support,Report,Medium,2026-03-28,2026-04-08,2026-04-06,True,True,9,9.7,80.9,5.0,Julie Snow,Support,Support Lead,2025-07-03,2.3,EMP0020,Mumbai
TASK00746,EMP0099,Finance,Documentation,Low,2025-05-24,2025-05-30,2025-05-29,True,True,37,57.9,66.1,2.0,Lisa Mcfarland,Finance,Finance Manager,2023-05-08,4.9,EMP0018,Bangalore
TASK00747,EMP0074,HR,Documentation,Critical,2025-05-19,2025-05-23,2025-05-28,True,False,39,70.5,80.2,2.0,Sheena Chandler,HR,HR Coordinator,2024-05-03,1.8,EMP0014,Delhi
TASK00748,EMP0147,HR,Testing,Medium,2025-11-27,2025-12-02,2025-12-06,True,False,19,11.1,89.5,3.0,Gregory Smith,HR,HR Manager,2021-08-26,4.0,EMP0015,Remote
TASK00749,EMP0021,Support,Training,Medium,2025-06-04,2025-06-13,2025-06-12,True,True,32,50.1,84.0,3.0,Brianna Gilmore,Support,Support Lead,2021-12-30,2.6,EMP0005,Mumbai
TASK00750,EMP0107,Support,Report,Medium,2025-08-07,2025-08-13,2025-08-12,True,True,14,25.7,75.7,1.0,Lisa Shepard,Support,Customer Success,2024-05-01,6.1,EMP0013,Mumbai
TASK00751,EMP0085,Engineering,Feature Dev,Low,2025-05-11,2025-05-14,2025-05-13,True,True,8,6.0,85.9,2.0,Natalie Rice,Engineering,Senior Dev,2025-09-12,3.7,EMP0015,Delhi
TASK00752,EMP0137,HR,Training,Medium,2026-01-05,2026-01-19,2026-01-17,True,True,20,22.5,79.2,2.0,Paul Baker,HR,HR Coordinator,2023-04-25,8.9,EMP0010,Remote
TASK00753,EMP0016,Finance,Bug Fix,Medium,2026-02-19,2026-02-26,2026-02-24,True,True,20,15.7,64.8,2.0,Eric Scott,Finance,Finance Manager,2021-11-07,3.0,EMP0008,Mumbai
TASK00754,EMP0030,Finance,Testing,High,2025-06-19,2025-06-28,2025-07-02,True,False,39,39.6,69.0,4.0,Joshua Duncan,Finance,Analyst,2025-02-02,7.9,EMP0004,Delhi
TASK00755,EMP0067,Sales,Code Review,Medium,2025-10-14,2025-10-26,2025-10-31,True,False,31,29.6,79.2,3.0,Devon Jackson,Sales,Account Manager,2024-03-31,13.3,EMP0008,Delhi
TASK00756,EMP0153,Support,Bug Fix,Low,2026-02-16,2026-02-21,2026-02-24,True,False,20,33.1,66.4,2.0,James Johnson,Support,Customer Success,2022-11-28,7.6,EMP0001,Bangalore
TASK00757,EMP0014,HR,Training,Medium,2026-03-27,2026-04-04,,False,False,12,0.0,0.0,,Kathryn Perez,HR,HR Manager,2023-11-12,9.7,EMP0012,Mumbai
TASK00758,EMP0033,Finance,Bug Fix,Low,2025-04-16,2025-04-19,2025-04-19,True,True,12,10.3,93.1,3.0,Lori Hernandez,Finance,Accountant,2021-12-06,7.6,EMP0004,Delhi
TASK00759,EMP0001,Support,Bug Fix,Medium,2025-06-08,2025-06-16,2025-06-16,True,True,15,20.2,96.3,3.0,Robin Doyle,Support,Support Agent,2025-05-21,0.9,EMP0009,Mumbai
TASK00760,EMP0078,Engineering,Bug Fix,Critical,2025-12-17,2025-12-20,2025-12-20,True,True,36,34.3,67.5,4.0,Angela Stone,Engineering,Senior Dev,2024-09-17,8.9,EMP0005,Hyderabad
TASK00761,EMP0120,Sales,Training,Critical,2025-11-19,2025-12-02,2025-12-07,True,False,22,16.1,81.0,5.0,Lawrence Charles,Sales,Account Manager,2023-03-04,6.1,EMP0019,Bangalore
TASK00762,EMP0053,Sales,Report,Medium,2025-11-03,2025-11-15,2025-11-17,True,False,38,57.0,83.7,3.0,Charlotte Wells DVM,Sales,Account Manager,2023-06-24,13.6,EMP0006,Hyderabad
TASK00763,EMP0056,Sales,Feature Dev,Medium,2026-03-08,2026-03-20,2026-03-18,True,True,10,15.2,87.0,3.0,Brian Howard,Sales,Sales Rep,2024-02-07,4.8,EMP0002,Remote
TASK00764,EMP0133,Sales,Bug Fix,Low,2026-01-28,2026-02-07,2026-02-12,True,False,24,15.3,78.6,5.0,Michael Rollins,Sales,Sales Rep,2025-08-12,12.7,EMP0020,Mumbai
TASK00765,EMP0112,HR,Training,Medium,2025-10-30,2025-11-09,2025-11-11,True,False,14,7.5,89.1,4.0,Dominique Perez,HR,HR Manager,2023-01-31,9.4,EMP0017,Hyderabad
TASK00766,EMP0003,Finance,Documentation,Medium,2025-11-14,2025-11-16,,False,False,27,0.0,0.0,,Christopher Barber,Finance,Accountant,2024-04-21,1.0,EMP0003,Mumbai
TASK00767,EMP0010,Finance,Client Call,Medium,2025-10-08,2025-10-18,2025-10-16,True,True,25,27.4,80.3,3.0,Kelsey Monroe,Finance,Analyst,2021-09-09,14.6,EMP0013,Bangalore
TASK00768,EMP0192,Marketing,Training,Medium,2025-10-23,2025-10-24,2025-10-27,True,False,21,41.3,74.5,1.0,Jordan Barr,Marketing,Content Writer,2023-02-20,5.1,EMP0011,Bangalore
TASK00769,EMP0151,Engineering,Client Call,Low,2025-12-01,2025-12-09,2025-12-13,True,False,30,28.0,80.7,4.0,Tony Allen,Engineering,Tech Lead,2025-03-10,14.2,EMP0003,Mumbai
TASK00770,EMP0081,Finance,Training,Low,2025-07-08,2025-07-18,2025-07-18,True,True,15,14.3,87.8,3.0,Kevin Berry,Finance,Accountant,2026-02-20,14.6,EMP0005,Mumbai
TASK00771,EMP0164,HR,Meeting,Low,2025-07-24,2025-08-03,2025-08-02,True,True,2,2.2,89.5,4.0,Jennifer Powers,HR,Recruiter,2024-04-02,14.2,EMP0016,Bangalore
TASK00772,EMP0091,HR,Client Call,Low,2026-01-19,2026-01-27,2026-01-27,True,True,14,10.9,80.7,3.0,Heather Wright,HR,Recruiter,2022-09-23,11.9,EMP0014,Remote
TASK00773,EMP0110,Engineering,Meeting,Medium,2025-07-04,2025-07-05,,False,False,21,0.0,0.0,,Mary Richards,Engineering,Tech Lead,2026-04-14,4.1,EMP0004,Hyderabad
TASK00774,EMP0197,Support,Meeting,Medium,2025-05-01,2025-05-13,2025-05-11,True,True,2,1.5,83.8,4.0,Julie Snow,Support,Support Lead,2025-07-03,2.3,EMP0020,Mumbai
TASK00775,EMP0200,Engineering,Code Review,Low,2025-07-19,2025-07-30,,False,False,28,0.0,0.0,,Ashley Lopez,Engineering,Tech Lead,2023-11-18,12.6,EMP0016,Delhi
TASK00776,EMP0117,Finance,Report,Medium,2025-11-12,2025-11-24,2025-11-22,True,True,9,14.8,65.3,1.0,Gregory Christensen,Finance,Analyst,2022-01-23,2.5,EMP0008,Hyderabad
TASK00777,EMP0196,HR,Report,Medium,2025-08-23,2025-08-29,2025-09-02,True,False,18,26.0,70.3,1.0,Lisa Martinez,HR,Recruiter,2022-06-20,2.4,EMP0010,Hyderabad
TASK00778,EMP0104,Engineering,Code Review,Medium,2026-01-30,2026-02-11,2026-02-13,True,False,12,16.5,60.4,3.0,Roy Schultz,Engineering,Junior Dev,2024-12-17,10.3,EMP0008,Mumbai
TASK00779,EMP0177,HR,Client Call,Medium,2025-05-28,2025-06-09,2025-06-09,True,True,5,4.5,56.4,3.0,Douglas Yates,HR,Recruiter,2023-01-07,4.6,EMP0015,Bangalore
TASK00780,EMP0060,Finance,Code Review,Low,2025-10-16,2025-10-21,2025-10-20,True,True,34,26.9,70.9,1.0,Phillip Cummings,Finance,Analyst,2025-05-31,10.3,EMP0008,Hyderabad
TASK00781,EMP0106,Engineering,Testing,Medium,2026-04-10,2026-04-13,2026-04-16,True,False,21,19.1,79.2,1.0,Jennifer Young,Engineering,Senior Dev,2024-12-07,6.5,EMP0019,Mumbai
TASK00782,EMP0200,Engineering,Code Review,Medium,2025-05-01,2025-05-07,,False,False,2,0.0,0.0,,Ashley Lopez,Engineering,Tech Lead,2023-11-18,12.6,EMP0016,Delhi
TASK00783,EMP0024,Marketing,Code Review,Medium,2026-01-06,2026-01-12,2026-01-16,True,False,23,43.3,85.4,1.0,Briana Dawson,Marketing,Content Writer,2023-01-29,11.5,EMP0004,Mumbai
TASK00784,EMP0189,Marketing,Training,Low,2025-05-14,2025-05-23,2025-05-24,True,False,37,52.5,89.9,5.0,Jennifer Travis,Marketing,SEO Specialist,2022-08-13,6.4,EMP0011,Bangalore
TASK00785,EMP0110,Engineering,Feature Dev,High,2025-08-22,2025-09-03,2025-09-02,True,True,28,33.3,100.0,1.0,Mary Richards,Engineering,Tech Lead,2026-04-14,4.1,EMP0004,Hyderabad
TASK00786,EMP0033,Finance,Report,High,2025-12-20,2025-12-21,2025-12-23,True,False,25,17.7,84.9,5.0,Lori Hernandez,Finance,Accountant,2021-12-06,7.6,EMP0004,Delhi
TASK00787,EMP0135,Sales,Feature Dev,Medium,2025-07-14,2025-07-20,2025-07-22,True,False,3,4.9,77.6,2.0,Jack Clark,Sales,Account Manager,2022-02-08,10.6,EMP0012,Mumbai
TASK00788,EMP0015,HR,Code Review,Low,2025-11-11,2025-11-23,2025-11-24,True,False,21,14.4,76.7,1.0,Whitney Vaughn,HR,HR Manager,2025-01-09,3.5,EMP0009,Bangalore
TASK00789,EMP0061,Engineering,Client Call,Medium,2026-04-12,2026-04-25,2026-04-24,True,True,3,5.0,83.9,1.0,Maria Rodriguez,Engineering,Tech Lead,2024-02-04,4.1,EMP0020,Bangalore
TASK00790,EMP0158,Sales,Meeting,Low,2025-06-28,2025-06-29,2025-06-29,True,True,32,21.7,84.2,1.0,Sara Luna,Sales,Sales Rep,2023-11-07,11.0,EMP0011,Bangalore
TASK00791,EMP0055,Marketing,Documentation,Low,2025-09-26,2025-10-07,2025-10-06,True,True,9,16.9,84.0,5.0,Pamela Powell,Marketing,Marketing Manager,2025-02-16,14.4,EMP0018,Hyderabad
TASK00792,EMP0045,Finance,Meeting,Critical,2025-09-11,2025-09-14,2025-09-12,True,True,7,5.0,63.4,5.0,Brianna Vega,Finance,Accountant,2023-10-15,4.0,EMP0016,Hyderabad
TASK00793,EMP0110,Engineering,Training,Medium,2025-05-04,2025-05-07,,False,False,17,0.0,0.0,,Mary Richards,Engineering,Tech Lead,2026-04-14,4.1,EMP0004,Hyderabad
TASK00794,EMP0138,Support,Documentation,Medium,2025-08-08,2025-08-10,2025-08-09,True,True,35,28.9,65.8,3.0,Joshua Martinez,Support,Support Lead,2022-02-25,6.3,EMP0007,Bangalore
TASK00795,EMP0002,Sales,Report,Low,2026-04-05,2026-04-18,2026-04-17,True,True,15,28.2,70.8,3.0,Anthony Reed,Sales,Sales Rep,2022-02-09,11.2,EMP0018,Bangalore
TASK00796,EMP0054,Engineering,Client Call,Medium,2025-08-22,2025-08-25,2025-08-24,True,True,13,22.8,71.4,4.0,Melissa Lang,Engineering,Senior Dev,2026-02-22,4.3,EMP0015,Delhi
TASK00797,EMP0139,Finance,Training,Low,2025-09-19,2025-09-23,2025-09-26,True,False,9,10.8,86.1,2.0,Peter Ware,Finance,Finance Manager,2023-08-18,12.5,EMP0008,Bangalore
TASK00798,EMP0018,Support,Feature Dev,Medium,2025-08-24,2025-08-30,2025-08-28,True,True,7,6.9,75.1,4.0,Sarah Mann,Support,Support Lead,2023-06-05,12.7,EMP0002,Mumbai
TASK00799,EMP0178,Support,Meeting,Low,2025-09-21,2025-10-01,2025-10-06,True,False,16,21.3,86.8,4.0,Thomas Hernandez,Support,Support Agent,2025-01-27,13.9,EMP0019,Mumbai
TASK00800,EMP0075,Engineering,Testing,Low,2025-08-18,2025-08-20,,False,False,32,0.0,0.0,,Deborah Ramos,Engineering,Junior Dev,2025-09-30,5.3,EMP0005,Delhi
TASK00801,EMP0023,Finance,Feature Dev,Low,2026-03-25,2026-04-05,2026-04-04,True,True,27,31.2,78.3,1.0,Matthew Fisher,Finance,Accountant,2026-01-31,5.7,EMP0005,Remote
TASK00802,EMP0040,Engineering,Documentation,Low,2025-08-10,2025-08-17,2025-08-16,True,True,12,7.2,78.1,3.0,Andrea Kennedy,Engineering,Junior Dev,2025-03-30,3.8,EMP0011,Bangalore
TASK00803,EMP0103,HR,Documentation,Low,2025-07-27,2025-08-10,,False,False,9,0.0,0.0,,Courtney Nguyen,HR,Recruiter,2022-10-17,10.1,EMP0020,Delhi
TASK00804,EMP0034,HR,Client Call,High,2025-12-10,2025-12-22,2025-12-24,True,False,27,27.9,81.5,4.0,Jeffery Griffith,HR,HR Coordinator,2023-08-25,1.3,EMP0019,Bangalore
TASK00805,EMP0027,HR,Report,Medium,2025-12-31,2026-01-03,2026-01-02,True,True,9,7.9,93.0,2.0,Aaron Robinson,HR,Recruiter,2025-12-28,13.0,EMP0001,Bangalore
TASK00806,EMP0151,Engineering,Bug Fix,Medium,2025-06-21,2025-06-24,2025-06-22,True,True,6,7.5,57.4,2.0,Tony Allen,Engineering,Tech Lead,2025-03-10,14.2,EMP0003,Mumbai
TASK00807,EMP0169,HR,Training,Medium,2025-05-03,2025-05-14,2025-05-16,True,False,8,13.1,59.8,4.0,Brian Davis,HR,HR Coordinator,2023-06-14,14.9,EMP0004,Remote
TASK00808,EMP0128,Engineering,Training,High,2025-12-04,2025-12-08,2025-12-13,True,False,33,41.5,59.4,3.0,Jennifer Perez,Engineering,Senior Dev,2025-09-24,6.0,EMP0007,Hyderabad
TASK00809,EMP0086,HR,Feature Dev,High,2025-07-23,2025-08-01,2025-07-30,True,True,29,52.8,64.5,4.0,Kelly Rios DDS,HR,HR Coordinator,2022-07-03,3.7,EMP0007,Hyderabad
TASK00810,EMP0009,HR,Training,Medium,2026-02-05,2026-02-19,2026-02-24,True,False,4,2.2,81.7,3.0,Ryan Norman DVM,HR,Recruiter,2023-01-14,4.3,EMP0002,Hyderabad
TASK00811,EMP0076,Sales,Report,High,2026-02-22,2026-02-25,2026-02-25,True,True,21,33.0,86.2,1.0,Brianna Black,Sales,Sales Lead,2024-03-04,6.9,EMP0014,Remote
TASK00812,EMP0145,Finance,Code Review,Medium,2025-05-31,2025-06-08,2025-06-13,True,False,32,43.0,76.5,5.0,Melissa Barnes,Finance,Finance Manager,2024-03-19,11.7,EMP0015,Hyderabad
TASK00813,EMP0194,Marketing,Meeting,Low,2025-05-02,2025-05-07,2025-05-11,True,False,24,39.6,79.4,3.0,Jennifer Cain,Marketing,SEO Specialist,2024-03-15,1.3,EMP0017,Delhi
TASK00814,EMP0028,Support,Bug Fix,Low,2026-04-11,2026-04-21,2026-04-24,True,False,24,41.1,74.4,3.0,Michelle Goodwin,Support,Customer Success,2021-09-04,11.4,EMP0011,Bangalore
TASK00815,EMP0102,Finance,Documentation,Medium,2025-06-25,2025-07-02,2025-07-05,True,False,28,28.8,77.0,2.0,Kimberly Brown,Finance,Accountant,2022-08-11,12.0,EMP0006,Bangalore
TASK00816,EMP0013,HR,Code Review,Low,2025-10-01,2025-10-06,2025-10-05,True,True,21,14.1,91.8,1.0,James Walker,HR,HR Coordinator,2022-03-19,12.9,EMP0004,Hyderabad
TASK00817,EMP0040,Engineering,Client Call,Medium,2025-07-07,2025-07-08,2025-07-12,True,False,38,48.3,90.1,3.0,Andrea Kennedy,Engineering,Junior Dev,2025-03-30,3.8,EMP0011,Bangalore
TASK00818,EMP0025,Support,Testing,Low,2026-03-28,2026-04-05,2026-04-08,True,False,26,35.2,87.7,5.0,Shannon Orozco,Support,Support Agent,2022-02-25,12.0,EMP0014,Remote
TASK00819,EMP0104,Engineering,Testing,Low,2025-08-09,2025-08-17,2025-08-18,True,False,23,28.6,65.8,2.0,Roy Schultz,Engineering,Junior Dev,2024-12-17,10.3,EMP0008,Mumbai
TASK00820,EMP0092,Finance,Report,Medium,2025-06-24,2025-06-30,,False,False,14,0.0,0.0,,Bryce Valentine,Finance,Analyst,2021-09-30,6.1,EMP0019,Mumbai
TASK00821,EMP0107,Support,Meeting,Medium,2025-07-14,2025-07-27,2025-07-28,True,False,20,18.0,80.5,5.0,Lisa Shepard,Support,Customer Success,2024-05-01,6.1,EMP0013,Mumbai
TASK00822,EMP0094,Finance,Testing,Medium,2025-07-28,2025-08-01,2025-07-31,True,True,39,25.0,89.7,3.0,Anthony Nelson,Finance,Finance Manager,2025-10-25,10.9,EMP0007,Delhi
TASK00823,EMP0118,Support,Feature Dev,Low,2026-02-16,2026-03-01,2026-03-05,True,False,15,15.3,89.3,3.0,George Meadows,Support,Support Agent,2025-07-12,10.7,EMP0003,Hyderabad
TASK00824,EMP0092,Finance,Meeting,Medium,2026-02-03,2026-02-08,2026-02-11,True,False,14,15.7,89.2,5.0,Bryce Valentine,Finance,Analyst,2021-09-30,6.1,EMP0019,Mumbai
TASK00825,EMP0075,Engineering,Training,Medium,2025-05-02,2025-05-13,2025-05-13,True,True,3,4.3,79.3,2.0,Deborah Ramos,Engineering,Junior Dev,2025-09-30,5.3,EMP0005,Delhi
TASK00826,EMP0147,HR,Training,Medium,2025-12-31,2026-01-04,2026-01-09,True,False,19,36.2,88.9,5.0,Gregory Smith,HR,HR Manager,2021-08-26,4.0,EMP0015,Remote
TASK00827,EMP0067,Sales,Training,High,2025-06-18,2025-06-25,,False,False,5,0.0,0.0,,Devon Jackson,Sales,Account Manager,2024-03-31,13.3,EMP0008,Delhi
TASK00828,EMP0182,Marketing,Client Call,Low,2026-03-03,2026-03-11,2026-03-11,True,True,21,37.1,65.8,3.0,Alexander Garcia,Marketing,Marketing Manager,2021-10-21,4.9,EMP0013,Delhi
TASK00829,EMP0135,Sales,Code Review,High,2025-10-14,2025-10-16,2025-10-20,True,False,19,33.0,91.4,3.0,Jack Clark,Sales,Account Manager,2022-02-08,10.6,EMP0012,Mumbai
TASK00830,EMP0128,Engineering,Documentation,Medium,2026-01-19,2026-01-23,2026-01-22,True,True,11,8.7,76.7,3.0,Jennifer Perez,Engineering,Senior Dev,2025-09-24,6.0,EMP0007,Hyderabad
TASK00831,EMP0145,Finance,Bug Fix,Medium,2025-09-16,2025-09-25,,False,False,29,0.0,0.0,,Melissa Barnes,Finance,Finance Manager,2024-03-19,11.7,EMP0015,Hyderabad
TASK00832,EMP0051,Finance,Code Review,Low,2025-12-16,2025-12-21,2025-12-23,True,False,19,28.3,90.7,1.0,Lisa Sutton,Finance,Analyst,2022-05-10,1.2,EMP0018,Bangalore
TASK00833,EMP0199,Marketing,Meeting,Critical,2025-11-12,2025-11-20,2025-11-18,True,True,7,6.8,89.6,1.0,Kimberly King,Marketing,Content Writer,2025-07-24,3.8,EMP0004,Hyderabad
TASK00834,EMP0065,HR,Client Call,Critical,2026-03-31,2026-04-07,,False,False,7,0.0,0.0,,Richard Davis,HR,HR Coordinator,2022-04-18,0.6,EMP0020,Remote
TASK00835,EMP0016,Finance,Training,Critical,2026-03-15,2026-03-27,2026-03-28,True,False,9,12.2,60.9,1.0,Eric Scott,Finance,Finance Manager,2021-11-07,3.0,EMP0008,Mumbai
TASK00836,EMP0117,Finance,Documentation,Medium,2026-01-16,2026-01-30,2026-02-01,True,False,33,60.3,70.7,5.0,Gregory Christensen,Finance,Analyst,2022-01-23,2.5,EMP0008,Hyderabad
TASK00837,EMP0047,Marketing,Documentation,Low,2025-07-09,2025-07-22,2025-07-26,True,False,17,32.4,62.4,2.0,Christopher Conley,Marketing,SEO Specialist,2022-11-08,7.3,EMP0002,Bangalore
TASK00838,EMP0047,Marketing,Client Call,Low,2025-09-04,2025-09-08,,False,False,30,0.0,0.0,,Christopher Conley,Marketing,SEO Specialist,2022-11-08,7.3,EMP0002,Bangalore
TASK00839,EMP0089,Engineering,Client Call,Low,2026-04-15,2026-04-25,2026-04-28,True,False,9,8.8,66.7,4.0,Gwendolyn Munoz,Engineering,Junior Dev,2023-08-28,13.2,EMP0009,Mumbai
TASK00840,EMP0023,Finance,Testing,Medium,2025-09-24,2025-09-29,2025-09-29,True,True,25,30.3,59.7,3.0,Matthew Fisher,Finance,Accountant,2026-01-31,5.7,EMP0005,Remote
TASK00841,EMP0079,Sales,Client Call,Low,2026-04-06,2026-04-16,2026-04-14,True,True,17,15.0,83.2,3.0,Darryl Blanchard,Sales,Sales Rep,2021-12-30,5.0,EMP0002,Delhi
TASK00842,EMP0045,Finance,Report,Medium,2025-10-19,2025-10-31,2025-10-30,True,True,36,64.8,65.7,4.0,Brianna Vega,Finance,Accountant,2023-10-15,4.0,EMP0016,Hyderabad
TASK00843,EMP0075,Engineering,Meeting,Low,2025-10-26,2025-11-02,,False,False,18,0.0,0.0,,Deborah Ramos,Engineering,Junior Dev,2025-09-30,5.3,EMP0005,Delhi
TASK00844,EMP0002,Sales,Code Review,Low,2025-08-15,2025-08-29,2025-08-31,True,False,15,26.8,79.6,4.0,Anthony Reed,Sales,Sales Rep,2022-02-09,11.2,EMP0018,Bangalore
TASK00845,EMP0169,HR,Feature Dev,Medium,2026-03-09,2026-03-22,2026-03-26,True,False,4,3.6,87.8,4.0,Brian Davis,HR,HR Coordinator,2023-06-14,14.9,EMP0004,Remote
TASK00846,EMP0159,Support,Client Call,Medium,2025-05-30,2025-06-06,,False,False,23,0.0,0.0,,Carol Lee,Support,Customer Success,2021-08-08,14.3,EMP0006,Mumbai
TASK00847,EMP0038,Finance,Testing,High,2026-03-27,2026-04-10,2026-04-10,True,True,18,22.7,66.5,4.0,Matthew Hughes,Finance,Finance Manager,2025-03-08,10.5,EMP0010,Hyderabad
TASK00848,EMP0006,Marketing,Bug Fix,Medium,2025-09-02,2025-09-16,2025-09-19,True,False,31,47.8,71.8,2.0,Paula White,Marketing,Marketing Manager,2023-08-11,4.5,EMP0001,Mumbai
TASK00849,EMP0184,Engineering,Meeting,Medium,2025-12-08,2025-12-21,2025-12-19,True,True,27,21.6,67.4,3.0,Steven Barton,Engineering,Senior Dev,2022-12-06,11.2,EMP0020,Delhi
TASK00850,EMP0065,HR,Testing,Medium,2025-05-25,2025-05-27,2025-05-27,True,True,40,61.1,80.5,4.0,Richard Davis,HR,HR Coordinator,2022-04-18,0.6,EMP0020,Remote
TASK00851,EMP0013,HR,Meeting,Medium,2025-08-13,2025-08-25,2025-08-25,True,True,39,67.9,78.3,2.0,James Walker,HR,HR Coordinator,2022-03-19,12.9,EMP0004,Hyderabad
TASK00852,EMP0187,Sales,Bug Fix,Low,2026-03-06,2026-03-12,2026-03-16,True,False,38,31.8,94.0,5.0,Daniel Nguyen,Sales,Account Manager,2022-08-03,8.0,EMP0015,Delhi
TASK00853,EMP0031,Support,Code Review,Medium,2026-01-16,2026-01-27,2026-01-26,True,True,31,24.7,77.9,1.0,Laura Ibarra,Support,Customer Success,2026-03-02,9.3,EMP0005,Delhi
TASK00854,EMP0067,Sales,Code Review,Medium,2025-07-03,2025-07-10,2025-07-10,True,True,7,13.6,99.4,5.0,Devon Jackson,Sales,Account Manager,2024-03-31,13.3,EMP0008,Delhi
TASK00855,EMP0006,Marketing,Documentation,Low,2025-12-03,2025-12-15,2025-12-20,True,False,33,22.4,77.3,2.0,Paula White,Marketing,Marketing Manager,2023-08-11,4.5,EMP0001,Mumbai
TASK00856,EMP0141,Finance,Client Call,Critical,2025-11-26,2025-12-10,2025-12-12,True,False,33,35.4,77.7,2.0,William Green,Finance,Analyst,2023-01-12,5.5,EMP0014,Delhi
TASK00857,EMP0082,Sales,Code Review,Medium,2025-07-29,2025-08-12,2025-08-13,True,False,28,21.6,81.5,1.0,Theresa Robinson,Sales,Sales Rep,2024-04-17,13.3,EMP0001,Mumbai
TASK00858,EMP0076,Sales,Report,Low,2025-05-07,2025-05-12,2025-05-17,True,False,17,17.9,72.6,1.0,Brianna Black,Sales,Sales Lead,2024-03-04,6.9,EMP0014,Remote
TASK00859,EMP0021,Support,Client Call,Low,2025-12-14,2025-12-17,2025-12-21,True,False,15,23.6,72.6,5.0,Brianna Gilmore,Support,Support Lead,2021-12-30,2.6,EMP0005,Mumbai
TASK00860,EMP0135,Sales,Report,Low,2025-07-12,2025-07-14,2025-07-13,True,True,23,43.6,82.3,3.0,Jack Clark,Sales,Account Manager,2022-02-08,10.6,EMP0012,Mumbai
TASK00861,EMP0093,HR,Bug Fix,Critical,2025-08-22,2025-09-02,,False,False,40,0.0,0.0,,Terri Grimes,HR,HR Coordinator,2025-11-19,10.8,EMP0001,Remote
TASK00862,EMP0004,Sales,Code Review,Low,2026-02-07,2026-02-16,2026-02-18,True,False,27,40.7,86.1,5.0,Garrett Lynch,Sales,Sales Lead,2025-01-08,9.2,EMP0018,Mumbai
TASK00863,EMP0147,HR,Code Review,Low,2026-01-12,2026-01-15,2026-01-20,True,False,23,41.8,66.6,1.0,Gregory Smith,HR,HR Manager,2021-08-26,4.0,EMP0015,Remote
TASK00864,EMP0175,Finance,Code Review,Medium,2025-12-10,2025-12-19,2025-12-21,True,False,9,8.7,98.1,4.0,Ryan Blake,Finance,Analyst,2024-10-31,2.8,EMP0014,Hyderabad
TASK00865,EMP0048,Engineering,Meeting,High,2025-07-18,2025-08-01,2025-08-04,True,False,29,26.8,74.0,5.0,John Martin,Engineering,Senior Dev,2022-11-09,11.1,EMP0004,Mumbai
TASK00866,EMP0066,Engineering,Report,High,2025-08-20,2025-08-25,2025-08-29,True,False,12,11.7,80.6,2.0,Miguel Jimenez,Engineering,Junior Dev,2025-01-20,8.3,EMP0017,Delhi
TASK00867,EMP0098,Finance,Bug Fix,Medium,2026-01-14,2026-01-25,2026-01-30,True,False,5,3.9,93.3,2.0,Angela Aguilar,Finance,Analyst,2022-06-15,3.3,EMP0013,Mumbai
TASK00868,EMP0043,Engineering,Report,Low,2025-06-29,2025-07-07,2025-07-12,True,False,29,19.5,82.4,1.0,Melinda Zuniga,Engineering,Senior Dev,2023-04-19,1.5,EMP0008,Delhi
TASK00869,EMP0147,HR,Code Review,Medium,2025-12-17,2025-12-29,2026-01-03,True,False,33,22.1,64.6,1.0,Gregory Smith,HR,HR Manager,2021-08-26,4.0,EMP0015,Remote
TASK00870,EMP0077,Engineering,Code Review,Medium,2025-11-21,2025-11-25,,False,False,13,0.0,0.0,,Matthew Pitts,Engineering,Junior Dev,2025-08-03,1.6,EMP0005,Remote
TASK00871,EMP0137,HR,Bug Fix,High,2025-11-13,2025-11-27,2025-11-28,True,False,39,77.9,75.5,5.0,Paul Baker,HR,HR Coordinator,2023-04-25,8.9,EMP0010,Remote
TASK00872,EMP0151,Engineering,Feature Dev,High,2025-10-09,2025-10-12,2025-10-11,True,True,17,28.1,71.2,3.0,Tony Allen,Engineering,Tech Lead,2025-03-10,14.2,EMP0003,Mumbai
TASK00873,EMP0049,Sales,Client Call,Low,2026-03-01,2026-03-12,,False,False,9,0.0,0.0,,Todd Adams,Sales,Sales Rep,2022-10-12,8.3,EMP0005,Hyderabad
TASK00874,EMP0124,Engineering,Bug Fix,Medium,2025-09-27,2025-09-29,,False,False,11,0.0,0.0,,Donna Gutierrez,Engineering,Senior Dev,2022-10-16,5.4,EMP0013,Mumbai
TASK00875,EMP0187,Sales,Meeting,Low,2025-12-12,2025-12-26,2025-12-31,True,False,31,44.7,74.5,5.0,Daniel Nguyen,Sales,Account Manager,2022-08-03,8.0,EMP0015,Delhi
TASK00876,EMP0065,HR,Testing,Medium,2025-09-03,2025-09-09,,False,False,30,0.0,0.0,,Richard Davis,HR,HR Coordinator,2022-04-18,0.6,EMP0020,Remote
TASK00877,EMP0042,Engineering,Code Review,Critical,2025-05-05,2025-05-17,,False,False,38,0.0,0.0,,Elizabeth Hayes,Engineering,Tech Lead,2024-12-22,9.7,EMP0008,Bangalore
TASK00878,EMP0158,Sales,Feature Dev,Low,2026-03-16,2026-03-17,2026-03-19,True,False,22,37.3,94.4,5.0,Sara Luna,Sales,Sales Rep,2023-11-07,11.0,EMP0011,Bangalore
TASK00879,EMP0103,HR,Client Call,Critical,2025-06-19,2025-06-26,2025-06-28,True,False,13,11.2,78.4,1.0,Courtney Nguyen,HR,Recruiter,2022-10-17,10.1,EMP0020,Delhi
TASK00880,EMP0092,Finance,Code Review,Low,2025-05-18,2025-05-22,2025-05-26,True,False,20,29.4,77.7,1.0,Bryce Valentine,Finance,Analyst,2021-09-30,6.1,EMP0019,Mumbai
TASK00881,EMP0057,Support,Feature Dev,Low,2026-03-07,2026-03-20,2026-03-22,True,False,40,27.9,81.2,3.0,Scott Harper,Support,Customer Success,2023-04-07,1.4,EMP0011,Bangalore
TASK00882,EMP0098,Finance,Client Call,Medium,2025-10-20,2025-10-28,2025-11-01,True,False,32,28.9,75.3,1.0,Angela Aguilar,Finance,Analyst,2022-06-15,3.3,EMP0013,Mumbai
TASK00883,EMP0095,Marketing,Feature Dev,High,2025-05-26,2025-06-08,2025-06-08,True,True,29,41.9,77.8,1.0,Amy Obrien,Marketing,Content Writer,2022-09-27,14.3,EMP0011,Remote
TASK00884,EMP0093,HR,Training,Medium,2026-02-26,2026-03-06,2026-03-06,True,True,33,42.6,88.8,1.0,Terri Grimes,HR,HR Coordinator,2025-11-19,10.8,EMP0001,Remote
TASK00885,EMP0024,Marketing,Code Review,Low,2025-07-05,2025-07-12,2025-07-17,True,False,21,15.2,65.7,3.0,Briana Dawson,Marketing,Content Writer,2023-01-29,11.5,EMP0004,Mumbai
TASK00886,EMP0017,Marketing,Bug Fix,High,2025-12-17,2025-12-26,2025-12-24,True,True,37,22.7,82.0,5.0,Allison Moore,Marketing,SEO Specialist,2021-09-30,4.4,EMP0018,Mumbai
TASK00887,EMP0021,Support,Testing,Low,2025-10-30,2025-11-06,2025-11-11,True,False,38,65.3,78.6,3.0,Brianna Gilmore,Support,Support Lead,2021-12-30,2.6,EMP0005,Mumbai
TASK00888,EMP0115,Marketing,Code Review,Medium,2025-10-17,2025-10-30,2025-10-29,True,True,31,23.8,82.7,4.0,Jessica Moore,Marketing,Marketing Manager,2022-03-28,4.0,EMP0015,Bangalore
TASK00889,EMP0185,Engineering,Testing,Low,2025-11-30,2025-12-07,,False,False,21,0.0,0.0,,Mrs. Toni Webb,Engineering,Junior Dev,2021-05-01,3.8,EMP0019,Remote
TASK00890,EMP0131,Support,Code Review,Medium,2025-05-06,2025-05-14,2025-05-19,True,False,18,18.2,78.7,2.0,Robin Jones,Support,Customer Success,2023-05-11,1.3,EMP0012,Mumbai
TASK00891,EMP0040,Engineering,Feature Dev,Low,2025-05-06,2025-05-18,,False,False,18,0.0,0.0,,Andrea Kennedy,Engineering,Junior Dev,2025-03-30,3.8,EMP0011,Bangalore
TASK00892,EMP0083,Support,Report,Medium,2025-04-16,2025-04-17,2025-04-17,True,True,2,1.5,92.5,4.0,Dillon Bernard,Support,Support Lead,2024-10-08,11.8,EMP0014,Mumbai
TASK00893,EMP0118,Support,Testing,Medium,2025-05-08,2025-05-22,2025-05-27,True,False,21,30.0,95.5,4.0,George Meadows,Support,Support Agent,2025-07-12,10.7,EMP0003,Hyderabad
TASK00894,EMP0068,HR,Bug Fix,High,2026-02-01,2026-02-03,2026-02-02,True,True,14,9.4,82.0,2.0,Shelley Khan,HR,HR Coordinator,2023-11-09,6.9,EMP0018,Delhi
TASK00895,EMP0168,Support,Training,High,2025-04-27,2025-05-01,2025-05-01,True,True,17,19.6,100.0,2.0,Jon Porter,Support,Customer Success,2022-05-12,1.3,EMP0005,Remote
TASK00896,EMP0023,Finance,Code Review,Low,2025-11-03,2025-11-16,2025-11-21,True,False,29,15.4,74.4,2.0,Matthew Fisher,Finance,Accountant,2026-01-31,5.7,EMP0005,Remote
TASK00897,EMP0171,Finance,Bug Fix,High,2026-03-05,2026-03-13,,False,False,32,0.0,0.0,,Amy Woodward,Finance,Accountant,2024-05-08,7.0,EMP0015,Delhi
TASK00898,EMP0081,Finance,Client Call,High,2025-05-04,2025-05-14,2025-05-16,True,False,38,66.3,71.1,1.0,Kevin Berry,Finance,Accountant,2026-02-20,14.6,EMP0005,Mumbai
TASK00899,EMP0040,Engineering,Training,Medium,2025-11-04,2025-11-06,2025-11-10,True,False,28,49.6,88.7,3.0,Andrea Kennedy,Engineering,Junior Dev,2025-03-30,3.8,EMP0011,Bangalore
TASK00900,EMP0173,Finance,Training,Low,2025-05-30,2025-06-06,2025-06-11,True,False,16,25.1,78.9,1.0,Jasmine Lewis,Finance,Finance Manager,2022-01-09,1.9,EMP0007,Mumbai
TASK00901,EMP0157,HR,Feature Dev,Medium,2025-11-14,2025-11-20,2025-11-22,True,False,28,51.3,74.0,4.0,James Garza,HR,Recruiter,2023-07-31,7.1,EMP0010,Delhi
TASK00902,EMP0105,Sales,Documentation,Medium,2025-06-24,2025-07-05,2025-07-09,True,False,3,2.2,84.2,4.0,James Singh,Sales,Sales Rep,2021-10-17,1.2,EMP0016,Remote
TASK00903,EMP0156,HR,Report,Medium,2025-12-16,2025-12-20,2025-12-23,True,False,40,71.2,87.5,2.0,Jason Jarvis,HR,HR Manager,2026-01-05,15.0,EMP0018,Delhi
TASK00904,EMP0170,Marketing,Code Review,High,2025-07-01,2025-07-13,2025-07-17,True,False,25,42.3,97.0,5.0,William Lloyd,Marketing,Marketing Manager,2021-05-01,9.1,EMP0020,Mumbai
TASK00905,EMP0013,HR,Code Review,Low,2025-06-07,2025-06-19,2025-06-24,True,False,10,7.6,100.0,5.0,James Walker,HR,HR Coordinator,2022-03-19,12.9,EMP0004,Hyderabad
TASK00906,EMP0095,Marketing,Training,Medium,2025-11-02,2025-11-15,2025-11-20,True,False,21,17.9,82.0,1.0,Amy Obrien,Marketing,Content Writer,2022-09-27,14.3,EMP0011,Remote
TASK00907,EMP0146,Support,Code Review,Critical,2025-11-25,2025-12-01,,False,False,24,0.0,0.0,,Erica Wise,Support,Customer Success,2026-02-17,4.4,EMP0008,Bangalore
TASK00908,EMP0189,Marketing,Feature Dev,Low,2025-04-24,2025-05-08,,False,False,4,0.0,0.0,,Jennifer Travis,Marketing,SEO Specialist,2022-08-13,6.4,EMP0011,Bangalore
TASK00909,EMP0155,Support,Meeting,Medium,2025-11-02,2025-11-04,2025-11-03,True,True,37,30.9,83.0,3.0,Kimberly Krueger,Support,Customer Success,2025-06-09,5.9,EMP0018,Remote
TASK00910,EMP0118,Support,Training,High,2025-05-24,2025-06-06,2025-06-08,True,False,11,19.6,87.7,5.0,George Meadows,Support,Support Agent,2025-07-12,10.7,EMP0003,Hyderabad
TASK00911,EMP0110,Engineering,Feature Dev,Medium,2026-02-18,2026-03-02,2026-03-07,True,False,31,60.3,77.3,1.0,Mary Richards,Engineering,Tech Lead,2026-04-14,4.1,EMP0004,Hyderabad
TASK00912,EMP0133,Sales,Feature Dev,High,2025-08-11,2025-08-21,2025-08-20,True,True,37,20.8,93.2,2.0,Michael Rollins,Sales,Sales Rep,2025-08-12,12.7,EMP0020,Mumbai
TASK00913,EMP0172,Finance,Report,Medium,2026-03-02,2026-03-16,2026-03-19,True,False,12,19.1,67.2,5.0,Denise Medina,Finance,Accountant,2022-08-13,4.9,EMP0020,Bangalore
TASK00914,EMP0015,HR,Feature Dev,Medium,2026-02-10,2026-02-24,2026-02-27,True,False,23,39.8,77.9,2.0,Whitney Vaughn,HR,HR Manager,2025-01-09,3.5,EMP0009,Bangalore
TASK00915,EMP0053,Sales,Report,Medium,2025-12-06,2025-12-13,2025-12-11,True,True,17,29.8,74.5,3.0,Charlotte Wells DVM,Sales,Account Manager,2023-06-24,13.6,EMP0006,Hyderabad
TASK00916,EMP0009,HR,Documentation,Low,2025-07-27,2025-07-30,2025-08-02,True,False,28,29.1,84.2,2.0,Ryan Norman DVM,HR,Recruiter,2023-01-14,4.3,EMP0002,Hyderabad
TASK00917,EMP0171,Finance,Client Call,High,2025-12-08,2025-12-17,2025-12-18,True,False,10,17.0,76.4,4.0,Amy Woodward,Finance,Accountant,2024-05-08,7.0,EMP0015,Delhi
TASK00918,EMP0051,Finance,Bug Fix,High,2025-06-21,2025-07-05,2025-07-08,True,False,3,3.5,82.2,5.0,Lisa Sutton,Finance,Analyst,2022-05-10,1.2,EMP0018,Bangalore
TASK00919,EMP0147,HR,Client Call,Critical,2025-11-20,2025-11-22,2025-11-26,True,False,12,13.8,78.8,1.0,Gregory Smith,HR,HR Manager,2021-08-26,4.0,EMP0015,Remote
TASK00920,EMP0083,Support,Client Call,Medium,2026-02-14,2026-02-25,2026-02-23,True,True,35,68.6,76.5,4.0,Dillon Bernard,Support,Support Lead,2024-10-08,11.8,EMP0014,Mumbai
TASK00921,EMP0051,Finance,Bug Fix,High,2026-03-25,2026-04-06,2026-04-08,True,False,22,41.0,79.8,3.0,Lisa Sutton,Finance,Analyst,2022-05-10,1.2,EMP0018,Bangalore
TASK00922,EMP0149,HR,Report,Critical,2025-05-04,2025-05-14,,False,False,27,0.0,0.0,,Amber Nelson,HR,HR Coordinator,2022-12-28,7.6,EMP0012,Delhi
TASK00923,EMP0009,HR,Client Call,Medium,2026-01-25,2026-02-03,2026-02-08,True,False,24,44.0,98.1,2.0,Ryan Norman DVM,HR,Recruiter,2023-01-14,4.3,EMP0002,Hyderabad
TASK00924,EMP0126,Marketing,Code Review,High,2025-05-18,2025-05-20,2025-05-23,True,False,26,41.3,79.1,5.0,Sarah Cervantes,Marketing,Marketing Manager,2024-12-01,8.7,EMP0001,Bangalore
TASK00925,EMP0137,HR,Code Review,Critical,2025-10-12,2025-10-17,2025-10-19,True,False,35,35.4,77.5,1.0,Paul Baker,HR,HR Coordinator,2023-04-25,8.9,EMP0010,Remote
TASK00926,EMP0060,Finance,Meeting,Low,2025-11-08,2025-11-21,2025-11-23,True,False,17,29.7,70.7,4.0,Phillip Cummings,Finance,Analyst,2025-05-31,10.3,EMP0008,Hyderabad
TASK00927,EMP0196,HR,Testing,Critical,2025-12-08,2025-12-10,2025-12-13,True,False,18,25.9,75.4,1.0,Lisa Martinez,HR,Recruiter,2022-06-20,2.4,EMP0010,Hyderabad
TASK00928,EMP0131,Support,Meeting,Low,2025-06-23,2025-07-04,,False,False,30,0.0,0.0,,Robin Jones,Support,Customer Success,2023-05-11,1.3,EMP0012,Mumbai
TASK00929,EMP0005,Support,Training,Medium,2025-05-08,2025-05-09,2025-05-10,True,False,39,52.6,91.5,5.0,Samantha Lindsey,Support,Customer Success,2025-06-06,10.7,EMP0014,Mumbai
TASK00930,EMP0149,HR,Documentation,Low,2025-06-03,2025-06-08,2025-06-08,True,True,26,33.3,77.3,1.0,Amber Nelson,HR,HR Coordinator,2022-12-28,7.6,EMP0012,Delhi
TASK00931,EMP0172,Finance,Client Call,Medium,2025-05-12,2025-05-22,2025-05-25,True,False,31,20.1,92.7,4.0,Denise Medina,Finance,Accountant,2022-08-13,4.9,EMP0020,Bangalore
TASK00932,EMP0031,Support,Feature Dev,Low,2026-01-18,2026-01-19,2026-01-19,True,True,32,26.3,92.4,3.0,Laura Ibarra,Support,Customer Success,2026-03-02,9.3,EMP0005,Delhi
TASK00933,EMP0084,HR,Client Call,Medium,2025-08-08,2025-08-15,2025-08-19,True,False,18,24.8,70.8,4.0,Rachel Huang,HR,HR Coordinator,2025-07-18,11.9,EMP0004,Hyderabad
TASK00934,EMP0015,HR,Code Review,Medium,2026-03-11,2026-03-19,2026-03-23,True,False,12,8.6,70.7,4.0,Whitney Vaughn,HR,HR Manager,2025-01-09,3.5,EMP0009,Bangalore
TASK00935,EMP0196,HR,Training,High,2025-06-26,2025-06-29,,False,False,34,0.0,0.0,,Lisa Martinez,HR,Recruiter,2022-06-20,2.4,EMP0010,Hyderabad
TASK00936,EMP0190,Sales,Testing,Low,2026-04-06,2026-04-10,2026-04-08,True,True,12,23.0,94.6,1.0,Rachel Francis,Sales,Account Manager,2022-02-28,6.5,EMP0016,Delhi
TASK00937,EMP0114,HR,Training,Medium,2025-10-28,2025-11-04,2025-11-07,True,False,38,35.5,93.6,2.0,Kelli Berry,HR,HR Coordinator,2023-03-04,12.7,EMP0009,Remote
TASK00938,EMP0191,Support,Meeting,Low,2026-04-09,2026-04-14,,False,False,21,0.0,0.0,,Tamara Ramirez,Support,Support Lead,2021-06-04,12.3,EMP0018,Bangalore
TASK00939,EMP0020,Finance,Meeting,Medium,2026-03-24,2026-04-06,2026-04-10,True,False,5,9.5,66.6,3.0,Sydney Cole,Finance,Finance Manager,2021-08-01,5.1,EMP0016,Hyderabad
TASK00940,EMP0189,Marketing,Feature Dev,Low,2025-09-05,2025-09-19,2025-09-17,True,True,9,11.9,80.6,1.0,Jennifer Travis,Marketing,SEO Specialist,2022-08-13,6.4,EMP0011,Bangalore
TASK00941,EMP0132,Support,Report,Medium,2026-01-08,2026-01-18,2026-01-23,True,False,23,38.5,99.5,5.0,Amanda Nichols,Support,Support Agent,2024-05-02,11.8,EMP0002,Bangalore
TASK00942,EMP0150,HR,Code Review,Low,2025-06-25,2025-06-28,2025-07-03,True,False,30,45.0,80.7,3.0,Richard Kim,HR,HR Manager,2025-11-04,13.3,EMP0009,Remote
TASK00943,EMP0141,Finance,Client Call,Low,2025-11-13,2025-11-23,2025-11-27,True,False,26,22.1,85.1,3.0,William Green,Finance,Analyst,2023-01-12,5.5,EMP0014,Delhi
TASK00944,EMP0114,HR,Feature Dev,Medium,2025-10-20,2025-10-31,,False,False,19,0.0,0.0,,Kelli Berry,HR,HR Coordinator,2023-03-04,12.7,EMP0009,Remote
TASK00945,EMP0026,Engineering,Training,High,2025-10-18,2025-10-30,2025-11-01,True,False,37,54.3,64.6,1.0,Calvin Kane,Engineering,Senior Dev,2023-09-23,6.0,EMP0015,Remote
TASK00946,EMP0092,Finance,Report,Low,2025-07-10,2025-07-20,2025-07-18,True,True,38,48.7,66.8,5.0,Bryce Valentine,Finance,Analyst,2021-09-30,6.1,EMP0019,Mumbai
TASK00947,EMP0069,Finance,Documentation,High,2026-01-20,2026-01-22,2026-01-22,True,True,3,2.7,82.2,2.0,Christian Henry,Finance,Finance Manager,2022-05-02,8.2,EMP0018,Delhi
TASK00948,EMP0026,Engineering,Feature Dev,High,2025-06-30,2025-07-14,,False,False,30,0.0,0.0,,Calvin Kane,Engineering,Senior Dev,2023-09-23,6.0,EMP0015,Remote
TASK00949,EMP0047,Marketing,Bug Fix,High,2025-12-24,2026-01-03,2026-01-01,True,True,33,59.2,77.9,3.0,Christopher Conley,Marketing,SEO Specialist,2022-11-08,7.3,EMP0002,Bangalore
TASK00950,EMP0025,Support,Feature Dev,Medium,2026-01-02,2026-01-09,2026-01-12,True,False,26,23.0,64.1,1.0,Shannon Orozco,Support,Support Agent,2022-02-25,12.0,EMP0014,Remote
TASK00951,EMP0190,Sales,Client Call,Medium,2026-03-09,2026-03-14,2026-03-16,True,False,7,5.1,90.7,2.0,Rachel Francis,Sales,Account Manager,2022-02-28,6.5,EMP0016,Delhi
TASK00952,EMP0065,HR,Testing,Low,2025-08-12,2025-08-18,2025-08-16,True,True,21,22.8,100.0,2.0,Richard Davis,HR,HR Coordinator,2022-04-18,0.6,EMP0020,Remote
TASK00953,EMP0140,Support,Documentation,Medium,2025-07-26,2025-08-01,2025-07-31,True,True,5,4.0,83.1,4.0,Andrew Jackson,Support,Support Lead,2023-02-22,12.8,EMP0020,Bangalore
TASK00954,EMP0006,Marketing,Report,Medium,2026-04-05,2026-04-14,2026-04-13,True,True,19,11.2,75.1,5.0,Paula White,Marketing,Marketing Manager,2023-08-11,4.5,EMP0001,Mumbai
TASK00955,EMP0116,Support,Feature Dev,Medium,2025-09-01,2025-09-09,2025-09-10,True,False,3,2.7,65.7,2.0,Colleen Olsen,Support,Support Lead,2024-05-31,3.9,EMP0011,Delhi
TASK00956,EMP0049,Sales,Feature Dev,High,2025-07-02,2025-07-13,2025-07-15,True,False,38,42.2,86.6,5.0,Todd Adams,Sales,Sales Rep,2022-10-12,8.3,EMP0005,Hyderabad
TASK00957,EMP0055,Marketing,Client Call,Low,2025-06-02,2025-06-05,2025-06-05,True,True,17,22.2,90.0,5.0,Pamela Powell,Marketing,Marketing Manager,2025-02-16,14.4,EMP0018,Hyderabad
TASK00958,EMP0182,Marketing,Report,Medium,2025-07-18,2025-07-19,2025-07-21,True,False,12,6.0,77.4,3.0,Alexander Garcia,Marketing,Marketing Manager,2021-10-21,4.9,EMP0013,Delhi
TASK00959,EMP0104,Engineering,Training,Medium,2026-01-23,2026-02-06,2026-02-09,True,False,15,20.7,86.6,3.0,Roy Schultz,Engineering,Junior Dev,2024-12-17,10.3,EMP0008,Mumbai
TASK00960,EMP0112,HR,Feature Dev,Low,2025-05-23,2025-06-04,2025-06-03,True,True,21,13.3,80.5,2.0,Dominique Perez,HR,HR Manager,2023-01-31,9.4,EMP0017,Hyderabad
TASK00961,EMP0185,Engineering,Training,High,2025-04-28,2025-05-03,,False,False,15,0.0,0.0,,Mrs. Toni Webb,Engineering,Junior Dev,2021-05-01,3.8,EMP0019,Remote
TASK00962,EMP0018,Support,Meeting,Critical,2025-07-10,2025-07-16,,False,False,23,0.0,0.0,,Sarah Mann,Support,Support Lead,2023-06-05,12.7,EMP0002,Mumbai
TASK00963,EMP0187,Sales,Report,Critical,2026-03-22,2026-04-03,2026-04-04,True,False,22,22.3,89.5,5.0,Daniel Nguyen,Sales,Account Manager,2022-08-03,8.0,EMP0015,Delhi
TASK00964,EMP0144,Support,Bug Fix,Medium,2026-01-16,2026-01-28,2026-01-26,True,True,40,48.6,81.1,2.0,John Duncan,Support,Support Agent,2021-08-27,6.8,EMP0017,Delhi
TASK00965,EMP0169,HR,Feature Dev,Medium,2026-03-07,2026-03-19,2026-03-23,True,False,36,22.4,81.8,5.0,Brian Davis,HR,HR Coordinator,2023-06-14,14.9,EMP0004,Remote
TASK00966,EMP0024,Marketing,Client Call,Low,2026-01-11,2026-01-25,2026-01-30,True,False,9,9.3,80.4,5.0,Briana Dawson,Marketing,Content Writer,2023-01-29,11.5,EMP0004,Mumbai
TASK00967,EMP0149,HR,Documentation,Medium,2025-10-08,2025-10-11,2025-10-09,True,True,9,10.7,63.9,4.0,Amber Nelson,HR,HR Coordinator,2022-12-28,7.6,EMP0012,Delhi
TASK00968,EMP0055,Marketing,Meeting,Low,2026-01-06,2026-01-18,2026-01-20,True,False,24,18.9,69.1,2.0,Pamela Powell,Marketing,Marketing Manager,2025-02-16,14.4,EMP0018,Hyderabad
TASK00969,EMP0108,Sales,Meeting,Low,2026-02-16,2026-02-24,,False,False,4,0.0,0.0,,Marc Jackson,Sales,Sales Lead,2021-10-26,10.5,EMP0004,Hyderabad
TASK00970,EMP0193,Marketing,Client Call,Medium,2025-05-18,2025-05-30,2025-05-31,True,False,2,1.6,85.2,1.0,Patricia Graves,Marketing,Marketing Manager,2026-01-07,12.5,EMP0001,Remote
TASK00971,EMP0001,Support,Code Review,High,2026-04-11,2026-04-21,2026-04-21,True,True,37,29.3,91.0,1.0,Robin Doyle,Support,Support Agent,2025-05-21,0.9,EMP0009,Mumbai
TASK00972,EMP0163,Sales,Training,Medium,2025-11-28,2025-12-10,2025-12-12,True,False,38,67.8,91.4,3.0,Drew Mckinney,Sales,Account Manager,2021-11-24,1.2,EMP0002,Remote
TASK00973,EMP0148,Finance,Bug Fix,Low,2026-01-18,2026-01-29,2026-01-31,True,False,37,67.5,70.6,4.0,John Johnson,Finance,Finance Manager,2023-12-08,6.0,EMP0001,Hyderabad
TASK00974,EMP0063,Finance,Client Call,Medium,2026-04-10,2026-04-21,2026-04-24,True,False,29,51.2,69.2,3.0,Brianna Smith,Finance,Accountant,2023-07-07,14.1,EMP0007,Delhi
TASK00975,EMP0123,Sales,Documentation,Low,2025-04-23,2025-05-02,2025-05-05,True,False,35,57.3,84.5,1.0,Collin Weber,Sales,Account Manager,2024-12-22,3.7,EMP0014,Hyderabad
TASK00976,EMP0133,Sales,Testing,Low,2025-07-15,2025-07-22,2025-07-25,True,False,2,2.2,76.1,1.0,Michael Rollins,Sales,Sales Rep,2025-08-12,12.7,EMP0020,Mumbai
TASK00977,EMP0010,Finance,Documentation,High,2025-06-10,2025-06-23,2025-06-24,True,False,29,56.2,92.3,2.0,Kelsey Monroe,Finance,Analyst,2021-09-09,14.6,EMP0013,Bangalore
TASK00978,EMP0163,Sales,Bug Fix,Low,2026-01-19,2026-01-24,2026-01-23,True,True,3,3.7,81.1,5.0,Drew Mckinney,Sales,Account Manager,2021-11-24,1.2,EMP0002,Remote
TASK00979,EMP0118,Support,Testing,High,2025-05-14,2025-05-20,2025-05-21,True,False,8,9.7,83.6,1.0,George Meadows,Support,Support Agent,2025-07-12,10.7,EMP0003,Hyderabad
TASK00980,EMP0135,Sales,Feature Dev,High,2025-11-06,2025-11-15,2025-11-14,True,True,40,57.2,69.0,4.0,Jack Clark,Sales,Account Manager,2022-02-08,10.6,EMP0012,Mumbai
TASK00981,EMP0039,Support,Client Call,Medium,2025-11-22,2025-11-24,,False,False,4,0.0,0.0,,Katherine Stanley,Support,Customer Success,2023-08-12,5.9,EMP0017,Hyderabad
TASK00982,EMP0120,Sales,Report,Medium,2025-12-15,2025-12-29,2025-12-29,True,True,5,9.4,88.1,1.0,Lawrence Charles,Sales,Account Manager,2023-03-04,6.1,EMP0019,Bangalore
TASK00983,EMP0058,Engineering,Meeting,Medium,2025-07-07,2025-07-18,2025-07-17,True,True,5,6.7,61.6,4.0,Benjamin Buchanan,Engineering,Tech Lead,2024-02-09,7.4,EMP0017,Mumbai
TASK00984,EMP0136,Finance,Bug Fix,Medium,2025-07-24,2025-08-03,2025-08-04,True,False,40,67.2,79.2,4.0,Elizabeth Smith,Finance,Finance Manager,2021-07-29,14.5,EMP0004,Mumbai
TASK00985,EMP0171,Finance,Bug Fix,Medium,2025-07-26,2025-08-08,2025-08-07,True,True,23,34.0,69.1,4.0,Amy Woodward,Finance,Accountant,2024-05-08,7.0,EMP0015,Delhi
TASK00986,EMP0199,Marketing,Feature Dev,Medium,2026-01-25,2026-02-04,2026-02-03,True,True,2,2.8,65.0,5.0,Kimberly King,Marketing,Content Writer,2025-07-24,3.8,EMP0004,Hyderabad
TASK00987,EMP0075,Engineering,Training,High,2025-11-28,2025-12-02,,False,False,10,0.0,0.0,,Deborah Ramos,Engineering,Junior Dev,2025-09-30,5.3,EMP0005,Delhi
TASK00988,EMP0166,HR,Bug Fix,Low,2025-11-10,2025-11-17,2025-11-22,True,False,13,11.2,89.0,1.0,Dylan Kirk,HR,HR Coordinator,2023-01-20,14.5,EMP0009,Hyderabad
TASK00989,EMP0021,Support,Training,Low,2025-04-23,2025-05-03,2025-05-06,True,False,21,28.9,83.0,2.0,Brianna Gilmore,Support,Support Lead,2021-12-30,2.6,EMP0005,Mumbai
TASK00990,EMP0081,Finance,Training,Low,2026-02-14,2026-02-19,2026-02-21,True,False,25,48.9,62.6,5.0,Kevin Berry,Finance,Accountant,2026-02-20,14.6,EMP0005,Mumbai
TASK00991,EMP0005,Support,Documentation,Medium,2025-10-02,2025-10-05,2025-10-03,True,True,29,29.5,86.6,2.0,Samantha Lindsey,Support,Customer Success,2025-06-06,10.7,EMP0014,Mumbai
TASK00992,EMP0044,Support,Testing,High,2025-10-24,2025-10-30,2025-11-04,True,False,31,43.4,65.7,5.0,Debbie Gordon,Support,Support Lead,2025-03-03,3.6,EMP0005,Remote
TASK00993,EMP0124,Engineering,Report,Medium,2025-09-04,2025-09-10,2025-09-14,True,False,23,17.1,64.9,1.0,Donna Gutierrez,Engineering,Senior Dev,2022-10-16,5.4,EMP0013,Mumbai
TASK00994,EMP0164,HR,Documentation,Medium,2025-05-12,2025-05-13,2025-05-14,True,False,31,44.5,81.6,4.0,Jennifer Powers,HR,Recruiter,2024-04-02,14.2,EMP0016,Bangalore
TASK00995,EMP0031,Support,Bug Fix,High,2025-09-24,2025-10-08,2025-10-12,True,False,15,16.5,88.9,3.0,Laura Ibarra,Support,Customer Success,2026-03-02,9.3,EMP0005,Delhi
TASK00996,EMP0007,Support,Documentation,Low,2026-01-01,2026-01-07,2026-01-06,True,True,11,10.3,78.5,5.0,Jacqueline Christensen,Support,Support Lead,2024-08-21,5.4,EMP0005,Mumbai
TASK00997,EMP0060,Finance,Code Review,Critical,2026-01-05,2026-01-11,2026-01-09,True,True,14,11.2,62.6,2.0,Phillip Cummings,Finance,Analyst,2025-05-31,10.3,EMP0008,Hyderabad
TASK00998,EMP0135,Sales,Code Review,High,2025-10-26,2025-11-07,2025-11-08,True,False,13,10.3,86.5,3.0,Jack Clark,Sales,Account Manager,2022-02-08,10.6,EMP0012,Mumbai
TASK00999,EMP0089,Engineering,Client Call,Critical,2025-08-17,2025-08-18,,False,False,10,0.0,0.0,,Gwendolyn Munoz,Engineering,Junior Dev,2023-08-28,13.2,EMP0009,Mumbai
TASK01000,EMP0187,Sales,Testing,Medium,2025-05-30,2025-06-01,2025-06-02,True,False,21,24.9,79.1,3.0,Daniel Nguyen,Sales,Account Manager,2022-08-03,8.0,EMP0015,Delhi
TASK01001,EMP0075,Engineering,Feature Dev,Medium,2026-03-28,2026-04-06,,False,False,29,0.0,0.0,,Deborah Ramos,Engineering,Junior Dev,2025-09-30,5.3,EMP0005,Delhi
TASK01002,EMP0001,Support,Testing,Low,2025-08-22,2025-08-25,2025-08-26,True,False,36,38.4,73.0,3.0,Robin Doyle,Support,Support Agent,2025-05-21,0.9,EMP0009,Mumbai
TASK01003,EMP0115,Marketing,Training,Medium,2025-09-27,2025-10-08,2025-10-06,True,True,39,30.6,67.1,3.0,Jessica Moore,Marketing,Marketing Manager,2022-03-28,4.0,EMP0015,Bangalore
TASK01004,EMP0062,Finance,Report,High,2025-08-24,2025-08-30,2025-09-01,True,False,10,17.8,80.7,2.0,Gloria Rodriguez,Finance,Analyst,2024-03-03,6.6,EMP0019,Remote
TASK01005,EMP0150,HR,Training,High,2025-08-17,2025-08-30,2025-08-29,True,True,12,15.2,71.8,3.0,Richard Kim,HR,HR Manager,2025-11-04,13.3,EMP0009,Remote
TASK01006,EMP0126,Marketing,Report,Medium,2025-09-25,2025-10-03,2025-10-06,True,False,35,54.0,70.3,4.0,Sarah Cervantes,Marketing,Marketing Manager,2024-12-01,8.7,EMP0001,Bangalore
TASK01007,EMP0057,Support,Documentation,Low,2025-11-04,2025-11-11,2025-11-09,True,True,15,12.4,70.3,4.0,Scott Harper,Support,Customer Success,2023-04-07,1.4,EMP0011,Bangalore
TASK01008,EMP0145,Finance,Testing,High,2025-07-23,2025-07-30,2025-08-03,True,False,26,35.3,83.4,3.0,Melissa Barnes,Finance,Finance Manager,2024-03-19,11.7,EMP0015,Hyderabad
TASK01009,EMP0046,Sales,Documentation,Medium,2025-10-18,2025-10-21,2025-10-23,True,False,30,38.3,83.2,5.0,Andrew Reed Jr.,Sales,Sales Rep,2022-04-27,1.9,EMP0014,Delhi
TASK01010,EMP0174,HR,Client Call,Low,2025-08-27,2025-09-05,2025-09-09,True,False,30,36.0,73.9,3.0,Richard Henry,HR,Recruiter,2023-03-29,1.7,EMP0008,Mumbai
TASK01011,EMP0078,Engineering,Meeting,High,2026-03-27,2026-04-02,2026-03-31,True,True,13,15.1,72.7,1.0,Angela Stone,Engineering,Senior Dev,2024-09-17,8.9,EMP0005,Hyderabad
TASK01012,EMP0004,Sales,Feature Dev,Medium,2025-05-25,2025-05-27,2025-05-26,True,True,19,35.9,73.1,1.0,Garrett Lynch,Sales,Sales Lead,2025-01-08,9.2,EMP0018,Mumbai
TASK01013,EMP0125,Marketing,Meeting,Low,2025-11-25,2025-11-26,2025-11-29,True,False,14,21.2,74.4,3.0,Destiny Johnson,Marketing,Content Writer,2023-06-28,14.7,EMP0018,Bangalore
TASK01014,EMP0088,Support,Code Review,High,2025-07-29,2025-08-11,2025-08-13,True,False,14,21.8,62.4,5.0,Nicole Taylor,Support,Customer Success,2022-01-16,6.3,EMP0018,Delhi
TASK01015,EMP0069,Finance,Client Call,Critical,2026-03-26,2026-03-27,2026-03-29,True,False,24,40.2,90.0,4.0,Christian Henry,Finance,Finance Manager,2022-05-02,8.2,EMP0018,Delhi
TASK01016,EMP0021,Support,Code Review,High,2025-10-04,2025-10-17,2025-10-22,True,False,34,67.5,81.8,4.0,Brianna Gilmore,Support,Support Lead,2021-12-30,2.6,EMP0005,Mumbai
TASK01017,EMP0070,Support,Training,Low,2025-06-29,2025-07-11,2025-07-16,True,False,16,20.4,83.0,4.0,Travis Webb,Support,Support Agent,2025-04-03,14.1,EMP0005,Delhi
TASK01018,EMP0150,HR,Client Call,High,2025-04-15,2025-04-23,2025-04-22,True,True,22,38.9,66.5,4.0,Richard Kim,HR,HR Manager,2025-11-04,13.3,EMP0009,Remote
TASK01019,EMP0126,Marketing,Code Review,Low,2026-03-24,2026-04-01,2026-03-30,True,True,25,17.7,78.0,3.0,Sarah Cervantes,Marketing,Marketing Manager,2024-12-01,8.7,EMP0001,Bangalore
TASK01020,EMP0178,Support,Client Call,Critical,2025-05-11,2025-05-12,2025-05-15,True,False,23,19.3,77.4,4.0,Thomas Hernandez,Support,Support Agent,2025-01-27,13.9,EMP0019,Mumbai
TASK01021,EMP0046,Sales,Bug Fix,High,2025-06-12,2025-06-24,2025-06-27,True,False,39,20.9,100.0,2.0,Andrew Reed Jr.,Sales,Sales Rep,2022-04-27,1.9,EMP0014,Delhi
TASK01022,EMP0124,Engineering,Client Call,Low,2025-04-22,2025-04-28,2025-05-02,True,False,26,21.0,50.3,1.0,Donna Gutierrez,Engineering,Senior Dev,2022-10-16,5.4,EMP0013,Mumbai
TASK01023,EMP0159,Support,Meeting,Medium,2026-02-01,2026-02-05,2026-02-08,True,False,38,73.8,73.5,1.0,Carol Lee,Support,Customer Success,2021-08-08,14.3,EMP0006,Mumbai
TASK01024,EMP0050,Sales,Code Review,Low,2026-01-10,2026-01-21,2026-01-19,True,True,40,49.3,88.4,2.0,Jennifer Lee,Sales,Account Manager,2025-03-31,7.2,EMP0003,Hyderabad
TASK01025,EMP0146,Support,Feature Dev,Low,2025-12-28,2026-01-04,2026-01-05,True,False,20,29.8,95.5,4.0,Erica Wise,Support,Customer Success,2026-02-17,4.4,EMP0008,Bangalore
TASK01026,EMP0129,HR,Feature Dev,Low,2025-09-14,2025-09-23,2025-09-26,True,False,28,30.4,75.5,2.0,Shane Barnes,HR,HR Manager,2022-12-09,11.5,EMP0013,Delhi
TASK01027,EMP0033,Finance,Documentation,Medium,2025-06-22,2025-06-30,2025-07-04,True,False,15,10.4,87.3,3.0,Lori Hernandez,Finance,Accountant,2021-12-06,7.6,EMP0004,Delhi
TASK01028,EMP0105,Sales,Meeting,Medium,2025-07-31,2025-08-12,2025-08-12,True,True,40,54.5,69.1,5.0,James Singh,Sales,Sales Rep,2021-10-17,1.2,EMP0016,Remote
TASK01029,EMP0078,Engineering,Code Review,Low,2025-07-04,2025-07-16,2025-07-18,True,False,14,7.2,78.1,4.0,Angela Stone,Engineering,Senior Dev,2024-09-17,8.9,EMP0005,Hyderabad
TASK01030,EMP0042,Engineering,Report,Low,2025-09-23,2025-09-30,2025-10-01,True,False,35,34.8,73.2,4.0,Elizabeth Hayes,Engineering,Tech Lead,2024-12-22,9.7,EMP0008,Bangalore
TASK01031,EMP0118,Support,Meeting,Medium,2025-06-12,2025-06-13,2025-06-15,True,False,31,31.6,68.7,4.0,George Meadows,Support,Support Agent,2025-07-12,10.7,EMP0003,Hyderabad
TASK01032,EMP0200,Engineering,Documentation,Medium,2025-11-24,2025-12-07,,False,False,28,0.0,0.0,,Ashley Lopez,Engineering,Tech Lead,2023-11-18,12.6,EMP0016,Delhi
TASK01033,EMP0044,Support,Code Review,Low,2026-04-14,2026-04-24,2026-04-29,True,False,26,48.5,64.2,5.0,Debbie Gordon,Support,Support Lead,2025-03-03,3.6,EMP0005,Remote
TASK01034,EMP0130,Marketing,Code Review,Low,2025-12-28,2026-01-09,,False,False,17,0.0,0.0,,Willie Johnson,Marketing,SEO Specialist,2024-07-24,12.6,EMP0016,Bangalore
TASK01035,EMP0147,HR,Client Call,Low,2025-08-10,2025-08-21,2025-08-20,True,True,15,27.9,79.8,5.0,Gregory Smith,HR,HR Manager,2021-08-26,4.0,EMP0015,Remote
TASK01036,EMP0108,Sales,Testing,Low,2025-10-07,2025-10-13,2025-10-12,True,True,34,56.1,83.6,4.0,Marc Jackson,Sales,Sales Lead,2021-10-26,10.5,EMP0004,Hyderabad
TASK01037,EMP0087,HR,Report,Medium,2025-10-27,2025-11-01,2025-10-30,True,True,31,16.7,87.2,4.0,Anthony Young,HR,HR Manager,2025-12-13,13.0,EMP0009,Delhi
TASK01038,EMP0107,Support,Feature Dev,Medium,2025-04-20,2025-04-27,2025-05-01,True,False,4,2.1,79.7,2.0,Lisa Shepard,Support,Customer Success,2024-05-01,6.1,EMP0013,Mumbai
TASK01039,EMP0032,Sales,Documentation,Medium,2026-02-05,2026-02-17,2026-02-22,True,False,6,3.7,84.1,4.0,Olivia Griffin,Sales,Sales Lead,2025-11-28,14.3,EMP0017,Bangalore
TASK01040,EMP0051,Finance,Feature Dev,Low,2025-09-13,2025-09-27,2025-09-27,True,True,12,21.1,72.2,2.0,Lisa Sutton,Finance,Analyst,2022-05-10,1.2,EMP0018,Bangalore
TASK01041,EMP0166,HR,Bug Fix,Low,2025-07-09,2025-07-18,2025-07-18,True,True,6,9.0,79.1,3.0,Dylan Kirk,HR,HR Coordinator,2023-01-20,14.5,EMP0009,Hyderabad
TASK01042,EMP0175,Finance,Bug Fix,Low,2025-09-12,2025-09-18,2025-09-16,True,True,36,29.7,80.0,5.0,Ryan Blake,Finance,Analyst,2024-10-31,2.8,EMP0014,Hyderabad
TASK01043,EMP0100,HR,Report,Medium,2026-01-29,2026-02-10,2026-02-09,True,True,26,39.9,88.2,1.0,Anne Williams,HR,HR Manager,2022-05-31,3.5,EMP0019,Remote
TASK01044,EMP0120,Sales,Documentation,Medium,2026-01-22,2026-01-23,2026-01-24,True,False,17,18.1,77.7,2.0,Lawrence Charles,Sales,Account Manager,2023-03-04,6.1,EMP0019,Bangalore
TASK01045,EMP0143,Marketing,Feature Dev,Low,2025-08-10,2025-08-17,2025-08-15,True,True,23,39.8,77.4,2.0,Kevin Baker,Marketing,Content Writer,2022-07-02,6.8,EMP0012,Hyderabad
TASK01046,EMP0085,Engineering,Training,Critical,2025-09-26,2025-09-28,2025-09-28,True,True,12,6.8,81.4,1.0,Natalie Rice,Engineering,Senior Dev,2025-09-12,3.7,EMP0015,Delhi
TASK01047,EMP0145,Finance,Client Call,High,2025-05-02,2025-05-08,2025-05-09,True,False,15,28.5,77.0,4.0,Melissa Barnes,Finance,Finance Manager,2024-03-19,11.7,EMP0015,Hyderabad
TASK01048,EMP0157,HR,Testing,Low,2025-08-15,2025-08-19,2025-08-22,True,False,13,6.8,91.1,1.0,James Garza,HR,Recruiter,2023-07-31,7.1,EMP0010,Delhi
TASK01049,EMP0073,Support,Documentation,Medium,2025-10-17,2025-10-25,2025-10-27,True,False,25,14.1,79.3,4.0,Courtney Reyes,Support,Customer Success,2023-02-03,12.9,EMP0017,Hyderabad
TASK01050,EMP0133,Sales,Code Review,Medium,2026-03-28,2026-04-07,2026-04-06,True,True,36,60.7,90.9,3.0,Michael Rollins,Sales,Sales Rep,2025-08-12,12.7,EMP0020,Mumbai
TASK01051,EMP0052,Engineering,Testing,Critical,2026-01-29,2026-02-08,2026-02-12,True,False,10,10.0,79.1,4.0,Patrick Mercer,Engineering,Junior Dev,2021-08-27,2.9,EMP0016,Hyderabad
TASK01052,EMP0085,Engineering,Documentation,Low,2025-06-12,2025-06-13,2025-06-18,True,False,26,32.9,72.1,5.0,Natalie Rice,Engineering,Senior Dev,2025-09-12,3.7,EMP0015,Delhi
TASK01053,EMP0153,Support,Client Call,Medium,2025-09-29,2025-09-30,2025-09-30,True,True,21,17.9,79.8,2.0,James Johnson,Support,Customer Success,2022-11-28,7.6,EMP0001,Bangalore
TASK01054,EMP0190,Sales,Client Call,Medium,2025-06-15,2025-06-16,2025-06-21,True,False,20,16.1,84.5,2.0,Rachel Francis,Sales,Account Manager,2022-02-28,6.5,EMP0016,Delhi
TASK01055,EMP0037,HR,Report,Medium,2025-09-18,2025-09-22,,False,False,40,0.0,0.0,,Rhonda Barnes,HR,Recruiter,2022-09-14,13.2,EMP0014,Mumbai
TASK01056,EMP0031,Support,Client Call,High,2025-12-27,2026-01-02,2026-01-05,True,False,4,5.1,82.1,3.0,Laura Ibarra,Support,Customer Success,2026-03-02,9.3,EMP0005,Delhi
TASK01057,EMP0180,Sales,Training,High,2026-03-27,2026-03-31,2026-04-03,True,False,23,19.9,84.4,1.0,Daniel Ryan,Sales,Sales Rep,2022-06-28,1.4,EMP0010,Remote
TASK01058,EMP0182,Marketing,Client Call,Critical,2025-07-30,2025-08-10,,False,False,16,0.0,0.0,,Alexander Garcia,Marketing,Marketing Manager,2021-10-21,4.9,EMP0013,Delhi
TASK01059,EMP0152,Support,Feature Dev,Medium,2025-06-01,2025-06-04,2025-06-02,True,True,6,10.8,79.6,2.0,Greg Shah,Support,Support Lead,2024-12-02,7.6,EMP0008,Hyderabad
TASK01060,EMP0192,Marketing,Feature Dev,Low,2025-05-02,2025-05-05,,False,False,10,0.0,0.0,,Jordan Barr,Marketing,Content Writer,2023-02-20,5.1,EMP0011,Bangalore
TASK01061,EMP0094,Finance,Client Call,Low,2025-08-30,2025-09-08,2025-09-09,True,False,17,21.4,70.3,4.0,Anthony Nelson,Finance,Finance Manager,2025-10-25,10.9,EMP0007,Delhi
TASK01062,EMP0132,Support,Meeting,Medium,2025-08-06,2025-08-18,2025-08-22,True,False,13,18.3,67.2,3.0,Amanda Nichols,Support,Support Agent,2024-05-02,11.8,EMP0002,Bangalore
TASK01063,EMP0063,Finance,Testing,Medium,2025-05-26,2025-06-06,2025-06-11,True,False,7,13.5,78.5,4.0,Brianna Smith,Finance,Accountant,2023-07-07,14.1,EMP0007,Delhi
TASK01064,EMP0199,Marketing,Report,Medium,2026-02-28,2026-03-08,2026-03-12,True,False,11,19.0,100.0,1.0,Kimberly King,Marketing,Content Writer,2025-07-24,3.8,EMP0004,Hyderabad
TASK01065,EMP0074,HR,Training,High,2025-08-20,2025-08-27,2025-08-29,True,False,40,52.2,91.3,2.0,Sheena Chandler,HR,HR Coordinator,2024-05-03,1.8,EMP0014,Delhi
TASK01066,EMP0105,Sales,Report,Low,2025-05-22,2025-05-30,2025-06-01,True,False,26,34.9,78.3,1.0,James Singh,Sales,Sales Rep,2021-10-17,1.2,EMP0016,Remote
TASK01067,EMP0027,HR,Training,Medium,2025-11-23,2025-12-05,2025-12-05,True,True,14,7.1,100.0,3.0,Aaron Robinson,HR,Recruiter,2025-12-28,13.0,EMP0001,Bangalore
TASK01068,EMP0134,Sales,Client Call,Medium,2026-04-02,2026-04-09,,False,False,25,0.0,0.0,,Mary Atkins,Sales,Sales Rep,2021-06-14,7.4,EMP0004,Remote
TASK01069,EMP0080,Sales,Client Call,Medium,2025-06-09,2025-06-20,,False,False,6,0.0,0.0,,Leslie Harris,Sales,Sales Lead,2024-02-29,4.1,EMP0004,Delhi
TASK01070,EMP0036,Sales,Meeting,High,2025-12-01,2025-12-03,2025-12-03,True,True,14,23.0,75.0,3.0,Jamie Swanson,Sales,Sales Rep,2023-10-11,10.1,EMP0018,Mumbai
TASK01071,EMP0200,Engineering,Client Call,Medium,2025-09-14,2025-09-22,2025-09-25,True,False,5,7.4,97.2,2.0,Ashley Lopez,Engineering,Tech Lead,2023-11-18,12.6,EMP0016,Delhi
TASK01072,EMP0118,Support,Bug Fix,Low,2025-04-30,2025-05-01,,False,False,25,0.0,0.0,,George Meadows,Support,Support Agent,2025-07-12,10.7,EMP0003,Hyderabad
TASK01073,EMP0109,Sales,Code Review,Medium,2026-01-02,2026-01-13,2026-01-18,True,False,11,9.7,83.3,1.0,Scott Ewing,Sales,Sales Rep,2022-04-09,12.2,EMP0017,Hyderabad
TASK01074,EMP0104,Engineering,Feature Dev,Low,2025-05-22,2025-05-24,2025-05-28,True,False,27,42.1,69.6,5.0,Roy Schultz,Engineering,Junior Dev,2024-12-17,10.3,EMP0008,Mumbai
TASK01075,EMP0058,Engineering,Training,Critical,2026-04-11,2026-04-18,2026-04-22,True,False,18,27.7,71.5,5.0,Benjamin Buchanan,Engineering,Tech Lead,2024-02-09,7.4,EMP0017,Mumbai
TASK01076,EMP0006,Marketing,Testing,Medium,2026-03-28,2026-04-04,2026-04-08,True,False,7,4.6,71.0,2.0,Paula White,Marketing,Marketing Manager,2023-08-11,4.5,EMP0001,Mumbai
TASK01077,EMP0088,Support,Meeting,Low,2026-02-25,2026-03-01,,False,False,27,0.0,0.0,,Nicole Taylor,Support,Customer Success,2022-01-16,6.3,EMP0018,Delhi
TASK01078,EMP0070,Support,Client Call,Low,2025-12-01,2025-12-04,2025-12-02,True,True,8,4.8,96.9,5.0,Travis Webb,Support,Support Agent,2025-04-03,14.1,EMP0005,Delhi
TASK01079,EMP0160,Sales,Code Review,Medium,2026-01-06,2026-01-11,2026-01-11,True,True,13,13.8,93.7,2.0,Angela Benton,Sales,Sales Lead,2023-03-07,7.5,EMP0019,Remote
TASK01080,EMP0104,Engineering,Documentation,Medium,2025-08-09,2025-08-18,,False,False,30,0.0,0.0,,Roy Schultz,Engineering,Junior Dev,2024-12-17,10.3,EMP0008,Mumbai
TASK01081,EMP0057,Support,Client Call,Low,2026-01-13,2026-01-14,2026-01-15,True,False,18,35.5,100.0,4.0,Scott Harper,Support,Customer Success,2023-04-07,1.4,EMP0011,Bangalore
TASK01082,EMP0108,Sales,Client Call,Medium,2025-04-19,2025-04-29,2025-04-29,True,True,7,6.6,92.5,1.0,Marc Jackson,Sales,Sales Lead,2021-10-26,10.5,EMP0004,Hyderabad
TASK01083,EMP0152,Support,Feature Dev,Low,2025-10-02,2025-10-08,2025-10-09,True,False,32,39.3,78.8,1.0,Greg Shah,Support,Support Lead,2024-12-02,7.6,EMP0008,Hyderabad
TASK01084,EMP0172,Finance,Bug Fix,Low,2025-04-29,2025-05-12,,False,False,39,0.0,0.0,,Denise Medina,Finance,Accountant,2022-08-13,4.9,EMP0020,Bangalore
TASK01085,EMP0021,Support,Meeting,Low,2025-07-06,2025-07-15,2025-07-19,True,False,40,51.2,74.7,4.0,Brianna Gilmore,Support,Support Lead,2021-12-30,2.6,EMP0005,Mumbai
TASK01086,EMP0101,Support,Testing,Medium,2026-01-02,2026-01-08,2026-01-11,True,False,25,38.1,83.4,3.0,Nicholas Keller,Support,Support Lead,2024-09-21,7.2,EMP0015,Mumbai
TASK01087,EMP0167,Engineering,Testing,High,2025-07-25,2025-07-31,2025-08-04,True,False,5,9.8,62.0,1.0,Melissa Williams,Engineering,Junior Dev,2023-03-17,6.3,EMP0003,Remote
TASK01088,EMP0086,HR,Training,Low,2026-04-11,2026-04-25,2026-04-25,True,True,3,4.2,93.8,3.0,Kelly Rios DDS,HR,HR Coordinator,2022-07-03,3.7,EMP0007,Hyderabad
TASK01089,EMP0121,Finance,Report,Critical,2025-04-15,2025-04-28,2025-05-01,True,False,30,42.8,74.3,5.0,Michael Dyer,Finance,Accountant,2023-05-31,7.4,EMP0012,Delhi
TASK01090,EMP0094,Finance,Bug Fix,Medium,2025-05-07,2025-05-11,2025-05-14,True,False,3,4.4,85.6,3.0,Anthony Nelson,Finance,Finance Manager,2025-10-25,10.9,EMP0007,Delhi
TASK01091,EMP0115,Marketing,Report,Medium,2025-11-27,2025-12-01,2025-12-05,True,False,7,7.2,80.3,1.0,Jessica Moore,Marketing,Marketing Manager,2022-03-28,4.0,EMP0015,Bangalore
TASK01092,EMP0017,Marketing,Training,High,2025-10-18,2025-10-23,2025-10-23,True,True,35,63.5,83.1,1.0,Allison Moore,Marketing,SEO Specialist,2021-09-30,4.4,EMP0018,Mumbai
TASK01093,EMP0127,Support,Feature Dev,Low,2025-08-05,2025-08-18,2025-08-23,True,False,12,22.1,68.6,4.0,Timothy Stewart,Support,Support Lead,2022-10-07,2.5,EMP0015,Mumbai
TASK01094,EMP0103,HR,Bug Fix,Medium,2026-03-28,2026-04-01,2026-04-01,True,True,7,4.6,81.3,2.0,Courtney Nguyen,HR,Recruiter,2022-10-17,10.1,EMP0020,Delhi
TASK01095,EMP0141,Finance,Documentation,Critical,2025-04-27,2025-05-03,,False,False,19,0.0,0.0,,William Green,Finance,Analyst,2023-01-12,5.5,EMP0014,Delhi
TASK01096,EMP0136,Finance,Report,High,2025-10-14,2025-10-25,2025-10-24,True,True,10,18.8,71.3,1.0,Elizabeth Smith,Finance,Finance Manager,2021-07-29,14.5,EMP0004,Mumbai
TASK01097,EMP0142,Engineering,Feature Dev,High,2025-10-26,2025-11-01,,False,False,38,0.0,0.0,,Jacob Stein,Engineering,Tech Lead,2025-10-06,9.9,EMP0001,Hyderabad
TASK01098,EMP0036,Sales,Training,Medium,2025-05-13,2025-05-20,,False,False,26,0.0,0.0,,Jamie Swanson,Sales,Sales Rep,2023-10-11,10.1,EMP0018,Mumbai
TASK01099,EMP0157,HR,Feature Dev,Critical,2025-07-28,2025-08-04,2025-08-05,True,False,18,12.1,73.9,1.0,James Garza,HR,Recruiter,2023-07-31,7.1,EMP0010,Delhi
TASK01100,EMP0024,Marketing,Code Review,Low,2025-07-26,2025-08-07,2025-08-08,True,False,9,12.2,62.3,3.0,Briana Dawson,Marketing,Content Writer,2023-01-29,11.5,EMP0004,Mumbai
TASK01101,EMP0194,Marketing,Documentation,Critical,2025-11-26,2025-12-06,2025-12-08,True,False,5,6.9,87.9,4.0,Jennifer Cain,Marketing,SEO Specialist,2024-03-15,1.3,EMP0017,Delhi
TASK01102,EMP0030,Finance,Documentation,Critical,2026-02-15,2026-02-21,2026-02-21,True,True,35,52.3,80.5,1.0,Joshua Duncan,Finance,Analyst,2025-02-02,7.9,EMP0004,Delhi
TASK01103,EMP0092,Finance,Meeting,Medium,2025-11-30,2025-12-09,2025-12-12,True,False,11,19.0,91.6,2.0,Bryce Valentine,Finance,Analyst,2021-09-30,6.1,EMP0019,Mumbai
TASK01104,EMP0072,HR,Bug Fix,Medium,2026-01-15,2026-01-23,2026-01-25,True,False,11,17.8,76.2,5.0,Norman Johnson,HR,Recruiter,2022-01-08,3.6,EMP0011,Mumbai
TASK01105,EMP0044,Support,Meeting,Medium,2025-05-11,2025-05-20,,False,False,9,0.0,0.0,,Debbie Gordon,Support,Support Lead,2025-03-03,3.6,EMP0005,Remote
TASK01106,EMP0032,Sales,Client Call,Critical,2025-08-26,2025-09-07,2025-09-08,True,False,33,30.9,75.4,1.0,Olivia Griffin,Sales,Sales Lead,2025-11-28,14.3,EMP0017,Bangalore
TASK01107,EMP0144,Support,Bug Fix,Critical,2026-03-09,2026-03-15,2026-03-16,True,False,16,24.8,87.5,2.0,John Duncan,Support,Support Agent,2021-08-27,6.8,EMP0017,Delhi
TASK01108,EMP0142,Engineering,Testing,High,2026-01-20,2026-02-01,2026-02-01,True,True,3,4.0,59.2,4.0,Jacob Stein,Engineering,Tech Lead,2025-10-06,9.9,EMP0001,Hyderabad
TASK01109,EMP0082,Sales,Meeting,Medium,2026-02-15,2026-02-21,2026-02-25,True,False,6,7.8,81.1,3.0,Theresa Robinson,Sales,Sales Rep,2024-04-17,13.3,EMP0001,Mumbai
TASK01110,EMP0189,Marketing,Bug Fix,Medium,2025-05-23,2025-05-27,2025-05-31,True,False,8,5.6,77.0,3.0,Jennifer Travis,Marketing,SEO Specialist,2022-08-13,6.4,EMP0011,Bangalore
TASK01111,EMP0035,Engineering,Code Review,Medium,2026-03-03,2026-03-06,2026-03-11,True,False,32,30.0,76.7,2.0,Isabel Williams,Engineering,Tech Lead,2024-10-23,7.5,EMP0003,Remote
TASK01112,EMP0160,Sales,Feature Dev,Low,2026-01-06,2026-01-18,2026-01-16,True,True,25,39.7,84.7,2.0,Angela Benton,Sales,Sales Lead,2023-03-07,7.5,EMP0019,Remote
TASK01113,EMP0194,Marketing,Report,Medium,2025-12-12,2025-12-19,2025-12-19,True,True,5,3.2,77.1,2.0,Jennifer Cain,Marketing,SEO Specialist,2024-03-15,1.3,EMP0017,Delhi
TASK01114,EMP0183,Finance,Client Call,Critical,2025-11-16,2025-11-18,,False,False,23,0.0,0.0,,Jamie Cohen,Finance,Finance Manager,2021-12-07,7.7,EMP0003,Remote
TASK01115,EMP0178,Support,Client Call,Critical,2025-08-03,2025-08-14,2025-08-15,True,False,4,2.7,88.6,4.0,Thomas Hernandez,Support,Support Agent,2025-01-27,13.9,EMP0019,Mumbai
TASK01116,EMP0136,Finance,Feature Dev,Medium,2026-02-08,2026-02-18,,False,False,26,0.0,0.0,,Elizabeth Smith,Finance,Finance Manager,2021-07-29,14.5,EMP0004,Mumbai
TASK01117,EMP0087,HR,Report,High,2026-01-02,2026-01-16,2026-01-20,True,False,19,27.5,83.6,3.0,Anthony Young,HR,HR Manager,2025-12-13,13.0,EMP0009,Delhi
TASK01118,EMP0016,Finance,Report,Low,2025-06-05,2025-06-07,2025-06-12,True,False,34,28.5,85.7,3.0,Eric Scott,Finance,Finance Manager,2021-11-07,3.0,EMP0008,Mumbai
TASK01119,EMP0122,Marketing,Client Call,Medium,2026-02-12,2026-02-14,2026-02-14,True,True,26,31.9,65.2,3.0,Erin Dixon,Marketing,SEO Specialist,2026-04-01,8.3,EMP0018,Remote
TASK01120,EMP0104,Engineering,Bug Fix,Medium,2026-03-04,2026-03-06,2026-03-06,True,True,27,46.4,81.1,4.0,Roy Schultz,Engineering,Junior Dev,2024-12-17,10.3,EMP0008,Mumbai
TASK01121,EMP0021,Support,Training,Medium,2026-01-31,2026-02-09,2026-02-14,True,False,6,7.7,84.1,1.0,Brianna Gilmore,Support,Support Lead,2021-12-30,2.6,EMP0005,Mumbai
TASK01122,EMP0046,Sales,Code Review,High,2026-03-12,2026-03-16,,False,False,9,0.0,0.0,,Andrew Reed Jr.,Sales,Sales Rep,2022-04-27,1.9,EMP0014,Delhi
TASK01123,EMP0139,Finance,Code Review,High,2025-11-07,2025-11-19,2025-11-24,True,False,22,15.1,73.5,5.0,Peter Ware,Finance,Finance Manager,2023-08-18,12.5,EMP0008,Bangalore
TASK01124,EMP0021,Support,Feature Dev,Low,2025-04-23,2025-04-26,2025-04-28,True,False,4,2.5,90.0,5.0,Brianna Gilmore,Support,Support Lead,2021-12-30,2.6,EMP0005,Mumbai
TASK01125,EMP0132,Support,Training,Low,2026-01-13,2026-01-22,2026-01-20,True,True,17,16.2,72.6,3.0,Amanda Nichols,Support,Support Agent,2024-05-02,11.8,EMP0002,Bangalore
TASK01126,EMP0137,HR,Testing,Medium,2026-01-03,2026-01-11,2026-01-16,True,False,22,28.2,74.7,5.0,Paul Baker,HR,HR Coordinator,2023-04-25,8.9,EMP0010,Remote
TASK01127,EMP0159,Support,Code Review,Medium,2025-11-25,2025-11-29,2025-11-27,True,True,17,9.4,79.3,3.0,Carol Lee,Support,Customer Success,2021-08-08,14.3,EMP0006,Mumbai
TASK01128,EMP0023,Finance,Training,High,2025-12-16,2025-12-20,,False,False,40,0.0,0.0,,Matthew Fisher,Finance,Accountant,2026-01-31,5.7,EMP0005,Remote
TASK01129,EMP0087,HR,Meeting,Low,2026-04-08,2026-04-14,2026-04-18,True,False,6,7.9,76.2,4.0,Anthony Young,HR,HR Manager,2025-12-13,13.0,EMP0009,Delhi
TASK01130,EMP0172,Finance,Code Review,Medium,2026-02-23,2026-02-26,2026-02-25,True,True,18,27.3,90.9,5.0,Denise Medina,Finance,Accountant,2022-08-13,4.9,EMP0020,Bangalore
TASK01131,EMP0182,Marketing,Training,Low,2026-03-03,2026-03-14,2026-03-15,True,False,25,33.6,77.5,5.0,Alexander Garcia,Marketing,Marketing Manager,2021-10-21,4.9,EMP0013,Delhi
TASK01132,EMP0175,Finance,Documentation,Low,2025-12-17,2025-12-31,2026-01-04,True,False,26,14.0,75.9,1.0,Ryan Blake,Finance,Analyst,2024-10-31,2.8,EMP0014,Hyderabad
TASK01133,EMP0005,Support,Feature Dev,Low,2025-11-14,2025-11-23,2025-11-27,True,False,6,6.0,84.9,3.0,Samantha Lindsey,Support,Customer Success,2025-06-06,10.7,EMP0014,Mumbai
TASK01134,EMP0075,Engineering,Client Call,Critical,2025-08-10,2025-08-23,2025-08-24,True,False,19,9.8,76.8,2.0,Deborah Ramos,Engineering,Junior Dev,2025-09-30,5.3,EMP0005,Delhi
TASK01135,EMP0068,HR,Meeting,Medium,2025-11-11,2025-11-13,2025-11-12,True,True,13,16.8,85.8,5.0,Shelley Khan,HR,HR Coordinator,2023-11-09,6.9,EMP0018,Delhi
TASK01136,EMP0185,Engineering,Training,High,2026-01-10,2026-01-18,2026-01-21,True,False,38,68.3,81.5,3.0,Mrs. Toni Webb,Engineering,Junior Dev,2021-05-01,3.8,EMP0019,Remote
TASK01137,EMP0019,Engineering,Training,Medium,2025-07-10,2025-07-11,2025-07-15,True,False,13,13.2,67.6,5.0,Christopher Lester,Engineering,Senior Dev,2024-07-20,6.3,EMP0003,Mumbai
TASK01138,EMP0076,Sales,Training,Medium,2026-02-25,2026-03-11,2026-03-11,True,True,18,9.3,84.7,2.0,Brianna Black,Sales,Sales Lead,2024-03-04,6.9,EMP0014,Remote
TASK01139,EMP0023,Finance,Testing,Medium,2025-12-01,2025-12-04,2025-12-06,True,False,5,9.4,53.6,2.0,Matthew Fisher,Finance,Accountant,2026-01-31,5.7,EMP0005,Remote
TASK01140,EMP0076,Sales,Report,Medium,2026-02-04,2026-02-11,2026-02-11,True,True,30,59.4,97.1,5.0,Brianna Black,Sales,Sales Lead,2024-03-04,6.9,EMP0014,Remote
TASK01141,EMP0077,Engineering,Feature Dev,Low,2026-03-10,2026-03-17,2026-03-18,True,False,21,30.5,66.8,3.0,Matthew Pitts,Engineering,Junior Dev,2025-08-03,1.6,EMP0005,Remote
TASK01142,EMP0028,Support,Feature Dev,Medium,2025-10-26,2025-11-01,2025-10-31,True,True,6,9.6,77.8,2.0,Michelle Goodwin,Support,Customer Success,2021-09-04,11.4,EMP0011,Bangalore
TASK01143,EMP0104,Engineering,Client Call,Medium,2025-07-12,2025-07-14,2025-07-19,True,False,2,3.9,67.5,5.0,Roy Schultz,Engineering,Junior Dev,2024-12-17,10.3,EMP0008,Mumbai
TASK01144,EMP0193,Marketing,Documentation,Critical,2025-10-27,2025-10-30,2025-10-29,True,True,27,14.1,66.4,1.0,Patricia Graves,Marketing,Marketing Manager,2026-01-07,12.5,EMP0001,Remote
TASK01145,EMP0128,Engineering,Training,High,2026-01-02,2026-01-14,2026-01-17,True,False,17,33.9,65.0,5.0,Jennifer Perez,Engineering,Senior Dev,2025-09-24,6.0,EMP0007,Hyderabad
TASK01146,EMP0072,HR,Documentation,Low,2025-07-15,2025-07-23,,False,False,35,0.0,0.0,,Norman Johnson,HR,Recruiter,2022-01-08,3.6,EMP0011,Mumbai
TASK01147,EMP0032,Sales,Client Call,Low,2025-12-24,2025-12-30,2026-01-02,True,False,5,5.7,77.3,2.0,Olivia Griffin,Sales,Sales Lead,2025-11-28,14.3,EMP0017,Bangalore
TASK01148,EMP0079,Sales,Feature Dev,Medium,2026-03-26,2026-03-28,2026-03-29,True,False,36,63.9,100.0,3.0,Darryl Blanchard,Sales,Sales Rep,2021-12-30,5.0,EMP0002,Delhi
TASK01149,EMP0136,Finance,Meeting,Low,2025-07-06,2025-07-11,2025-07-09,True,True,38,41.4,89.2,5.0,Elizabeth Smith,Finance,Finance Manager,2021-07-29,14.5,EMP0004,Mumbai
TASK01150,EMP0028,Support,Bug Fix,High,2026-03-10,2026-03-11,,False,False,33,0.0,0.0,,Michelle Goodwin,Support,Customer Success,2021-09-04,11.4,EMP0011,Bangalore
TASK01151,EMP0142,Engineering,Testing,Medium,2026-01-03,2026-01-13,2026-01-15,True,False,24,15.9,75.9,2.0,Jacob Stein,Engineering,Tech Lead,2025-10-06,9.9,EMP0001,Hyderabad
TASK01152,EMP0035,Engineering,Training,Medium,2025-10-05,2025-10-06,2025-10-11,True,False,14,8.8,61.7,2.0,Isabel Williams,Engineering,Tech Lead,2024-10-23,7.5,EMP0003,Remote
TASK01153,EMP0181,Support,Testing,Medium,2025-08-28,2025-09-05,2025-09-07,True,False,16,19.3,87.5,3.0,Joanne Hall,Support,Customer Success,2021-11-21,13.9,EMP0015,Bangalore
TASK01154,EMP0054,Engineering,Report,Medium,2025-04-29,2025-05-02,2025-05-04,True,False,8,15.9,72.5,2.0,Melissa Lang,Engineering,Senior Dev,2026-02-22,4.3,EMP0015,Delhi
TASK01155,EMP0147,HR,Meeting,Low,2026-02-16,2026-02-28,2026-03-03,True,False,14,9.3,68.3,1.0,Gregory Smith,HR,HR Manager,2021-08-26,4.0,EMP0015,Remote
TASK01156,EMP0068,HR,Report,Low,2025-08-08,2025-08-15,2025-08-13,True,True,12,18.0,100.0,3.0,Shelley Khan,HR,HR Coordinator,2023-11-09,6.9,EMP0018,Delhi
TASK01157,EMP0125,Marketing,Client Call,Low,2026-02-17,2026-02-25,2026-02-25,True,True,22,35.8,71.3,5.0,Destiny Johnson,Marketing,Content Writer,2023-06-28,14.7,EMP0018,Bangalore
TASK01158,EMP0145,Finance,Feature Dev,High,2025-05-17,2025-05-29,2025-06-02,True,False,10,6.6,80.0,1.0,Melissa Barnes,Finance,Finance Manager,2024-03-19,11.7,EMP0015,Hyderabad
TASK01159,EMP0145,Finance,Testing,Low,2025-06-22,2025-06-28,2025-06-29,True,False,5,7.6,69.0,4.0,Melissa Barnes,Finance,Finance Manager,2024-03-19,11.7,EMP0015,Hyderabad
TASK01160,EMP0023,Finance,Feature Dev,Critical,2025-11-22,2025-12-04,2025-12-09,True,False,20,18.5,90.7,4.0,Matthew Fisher,Finance,Accountant,2026-01-31,5.7,EMP0005,Remote
TASK01161,EMP0042,Engineering,Feature Dev,Low,2025-04-17,2025-04-20,2025-04-20,True,True,17,15.7,85.5,3.0,Elizabeth Hayes,Engineering,Tech Lead,2024-12-22,9.7,EMP0008,Bangalore
TASK01162,EMP0156,HR,Feature Dev,Critical,2025-10-10,2025-10-14,2025-10-18,True,False,14,17.0,73.4,5.0,Jason Jarvis,HR,HR Manager,2026-01-05,15.0,EMP0018,Delhi
TASK01163,EMP0097,HR,Code Review,Medium,2025-08-21,2025-08-25,,False,False,39,0.0,0.0,,Patrick Wright,HR,Recruiter,2023-04-03,6.4,EMP0013,Delhi
TASK01164,EMP0174,HR,Client Call,Low,2026-04-10,2026-04-13,2026-04-15,True,False,14,26.5,93.5,1.0,Richard Henry,HR,Recruiter,2023-03-29,1.7,EMP0008,Mumbai
TASK01165,EMP0126,Marketing,Documentation,Medium,2025-05-19,2025-05-21,2025-05-25,True,False,28,36.0,71.4,2.0,Sarah Cervantes,Marketing,Marketing Manager,2024-12-01,8.7,EMP0001,Bangalore
TASK01166,EMP0109,Sales,Meeting,Medium,2025-05-25,2025-06-02,2025-06-06,True,False,5,4.8,93.1,3.0,Scott Ewing,Sales,Sales Rep,2022-04-09,12.2,EMP0017,Hyderabad
TASK01167,EMP0053,Sales,Code Review,Low,2025-09-21,2025-09-27,2025-09-28,True,False,22,40.5,100.0,1.0,Charlotte Wells DVM,Sales,Account Manager,2023-06-24,13.6,EMP0006,Hyderabad
TASK01168,EMP0127,Support,Feature Dev,Low,2025-11-24,2025-12-05,2025-12-06,True,False,20,24.2,84.0,4.0,Timothy Stewart,Support,Support Lead,2022-10-07,2.5,EMP0015,Mumbai
TASK01169,EMP0158,Sales,Bug Fix,Low,2025-07-04,2025-07-12,2025-07-14,True,False,9,5.8,91.5,5.0,Sara Luna,Sales,Sales Rep,2023-11-07,11.0,EMP0011,Bangalore
TASK01170,EMP0162,Sales,Testing,High,2025-11-03,2025-11-06,2025-11-09,True,False,39,50.4,82.8,2.0,Gregory Parker,Sales,Account Manager,2021-08-22,3.1,EMP0001,Remote
TASK01171,EMP0154,HR,Feature Dev,Medium,2026-03-19,2026-03-23,2026-03-22,True,True,8,5.6,86.9,1.0,Eileen Burns,HR,HR Coordinator,2021-06-08,6.4,EMP0008,Delhi
TASK01172,EMP0120,Sales,Feature Dev,Medium,2025-08-19,2025-08-30,2025-08-31,True,False,30,56.6,87.3,5.0,Lawrence Charles,Sales,Account Manager,2023-03-04,6.1,EMP0019,Bangalore
TASK01173,EMP0054,Engineering,Bug Fix,Medium,2025-08-26,2025-08-31,2025-09-01,True,False,36,56.9,63.4,2.0,Melissa Lang,Engineering,Senior Dev,2026-02-22,4.3,EMP0015,Delhi
TASK01174,EMP0013,HR,Feature Dev,Low,2026-03-23,2026-04-01,2026-04-04,True,False,25,29.3,71.9,4.0,James Walker,HR,HR Coordinator,2022-03-19,12.9,EMP0004,Hyderabad
TASK01175,EMP0110,Engineering,Code Review,Low,2026-01-17,2026-01-24,2026-01-22,True,True,12,16.8,74.2,3.0,Mary Richards,Engineering,Tech Lead,2026-04-14,4.1,EMP0004,Hyderabad
TASK01176,EMP0187,Sales,Training,Low,2025-07-14,2025-07-24,2025-07-25,True,False,27,33.5,90.2,5.0,Daniel Nguyen,Sales,Account Manager,2022-08-03,8.0,EMP0015,Delhi
TASK01177,EMP0003,Finance,Client Call,Critical,2025-10-14,2025-10-17,2025-10-21,True,False,37,61.8,60.4,5.0,Christopher Barber,Finance,Accountant,2024-04-21,1.0,EMP0003,Mumbai
TASK01178,EMP0029,HR,Training,Low,2025-12-06,2025-12-09,2025-12-10,True,False,39,60.3,89.7,4.0,Daniel Lewis,HR,HR Manager,2023-12-07,2.8,EMP0001,Delhi
TASK01179,EMP0003,Finance,Meeting,Medium,2025-08-29,2025-09-10,2025-09-12,True,False,16,15.1,60.8,5.0,Christopher Barber,Finance,Accountant,2024-04-21,1.0,EMP0003,Mumbai
TASK01180,EMP0148,Finance,Code Review,Low,2025-12-16,2025-12-20,2025-12-21,True,False,20,11.2,98.6,3.0,John Johnson,Finance,Finance Manager,2023-12-08,6.0,EMP0001,Hyderabad
TASK01181,EMP0191,Support,Documentation,Critical,2025-09-23,2025-09-28,2025-09-26,True,True,17,33.7,76.0,5.0,Tamara Ramirez,Support,Support Lead,2021-06-04,12.3,EMP0018,Bangalore
TASK01182,EMP0094,Finance,Training,Low,2025-06-05,2025-06-16,2025-06-19,True,False,22,13.7,71.9,3.0,Anthony Nelson,Finance,Finance Manager,2025-10-25,10.9,EMP0007,Delhi
TASK01183,EMP0132,Support,Testing,High,2025-05-04,2025-05-11,,False,False,20,0.0,0.0,,Amanda Nichols,Support,Support Agent,2024-05-02,11.8,EMP0002,Bangalore
TASK01184,EMP0053,Sales,Meeting,Critical,2025-12-16,2025-12-27,2025-12-30,True,False,16,25.5,100.0,2.0,Charlotte Wells DVM,Sales,Account Manager,2023-06-24,13.6,EMP0006,Hyderabad
TASK01185,EMP0184,Engineering,Meeting,Low,2025-04-23,2025-04-24,2025-04-24,True,True,26,49.9,71.7,5.0,Steven Barton,Engineering,Senior Dev,2022-12-06,11.2,EMP0020,Delhi
TASK01186,EMP0171,Finance,Client Call,Medium,2025-07-06,2025-07-20,2025-07-23,True,False,19,15.3,64.2,2.0,Amy Woodward,Finance,Accountant,2024-05-08,7.0,EMP0015,Delhi
TASK01187,EMP0118,Support,Feature Dev,Medium,2026-01-24,2026-02-05,2026-02-08,True,False,11,20.4,89.5,4.0,George Meadows,Support,Support Agent,2025-07-12,10.7,EMP0003,Hyderabad
TASK01188,EMP0125,Marketing,Code Review,Low,2026-02-25,2026-02-28,2026-02-28,True,True,14,19.0,72.7,3.0,Destiny Johnson,Marketing,Content Writer,2023-06-28,14.7,EMP0018,Bangalore
TASK01189,EMP0186,Engineering,Documentation,Low,2026-03-25,2026-03-28,,False,False,27,0.0,0.0,,Jamie Herman,Engineering,Tech Lead,2022-01-16,12.4,EMP0019,Bangalore
TASK01190,EMP0044,Support,Training,Low,2025-06-17,2025-06-19,2025-06-24,True,False,27,17.6,93.8,2.0,Debbie Gordon,Support,Support Lead,2025-03-03,3.6,EMP0005,Remote
TASK01191,EMP0172,Finance,Feature Dev,High,2025-08-12,2025-08-25,2025-08-24,True,True,26,28.0,59.9,1.0,Denise Medina,Finance,Accountant,2022-08-13,4.9,EMP0020,Bangalore
TASK01192,EMP0051,Finance,Documentation,High,2025-07-06,2025-07-17,,False,False,10,0.0,0.0,,Lisa Sutton,Finance,Analyst,2022-05-10,1.2,EMP0018,Bangalore
TASK01193,EMP0031,Support,Feature Dev,High,2025-09-24,2025-09-29,2025-09-27,True,True,2,3.9,86.2,5.0,Laura Ibarra,Support,Customer Success,2026-03-02,9.3,EMP0005,Delhi
TASK01194,EMP0042,Engineering,Documentation,High,2025-12-05,2025-12-11,,False,False,7,0.0,0.0,,Elizabeth Hayes,Engineering,Tech Lead,2024-12-22,9.7,EMP0008,Bangalore
TASK01195,EMP0150,HR,Report,Low,2025-07-19,2025-08-01,2025-08-06,True,False,12,11.5,90.9,2.0,Richard Kim,HR,HR Manager,2025-11-04,13.3,EMP0009,Remote
TASK01196,EMP0051,Finance,Feature Dev,Low,2025-08-22,2025-08-31,2025-08-30,True,True,3,5.2,93.7,5.0,Lisa Sutton,Finance,Analyst,2022-05-10,1.2,EMP0018,Bangalore
TASK01197,EMP0086,HR,Code Review,Low,2025-09-05,2025-09-14,,False,False,28,0.0,0.0,,Kelly Rios DDS,HR,HR Coordinator,2022-07-03,3.7,EMP0007,Hyderabad
TASK01198,EMP0102,Finance,Meeting,Low,2025-09-17,2025-09-21,2025-09-25,True,False,26,18.7,68.8,2.0,Kimberly Brown,Finance,Accountant,2022-08-11,12.0,EMP0006,Bangalore
TASK01199,EMP0112,HR,Feature Dev,Critical,2025-10-03,2025-10-14,2025-10-13,True,True,33,24.9,76.1,2.0,Dominique Perez,HR,HR Manager,2023-01-31,9.4,EMP0017,Hyderabad
TASK01200,EMP0084,HR,Feature Dev,Low,2025-10-10,2025-10-15,2025-10-18,True,False,9,9.4,73.3,1.0,Rachel Huang,HR,HR Coordinator,2025-07-18,11.9,EMP0004,Hyderabad
TASK01201,EMP0096,HR,Client Call,Medium,2026-01-24,2026-01-27,2026-01-30,True,False,40,30.9,64.0,2.0,Rachael Li,HR,Recruiter,2026-01-31,12.8,EMP0010,Remote
TASK01202,EMP0103,HR,Meeting,High,2026-03-21,2026-04-01,2026-04-03,True,False,24,43.5,78.1,4.0,Courtney Nguyen,HR,Recruiter,2022-10-17,10.1,EMP0020,Delhi
TASK01203,EMP0021,Support,Code Review,Medium,2025-12-05,2025-12-10,2025-12-09,True,True,2,3.6,97.2,2.0,Brianna Gilmore,Support,Support Lead,2021-12-30,2.6,EMP0005,Mumbai
TASK01204,EMP0098,Finance,Client Call,Medium,2026-04-09,2026-04-16,2026-04-21,True,False,6,4.0,84.5,3.0,Angela Aguilar,Finance,Analyst,2022-06-15,3.3,EMP0013,Mumbai
TASK01205,EMP0049,Sales,Client Call,Low,2025-10-15,2025-10-21,,False,False,13,0.0,0.0,,Todd Adams,Sales,Sales Rep,2022-10-12,8.3,EMP0005,Hyderabad
TASK01206,EMP0050,Sales,Testing,Medium,2025-11-30,2025-12-08,2025-12-12,True,False,40,67.6,91.5,2.0,Jennifer Lee,Sales,Account Manager,2025-03-31,7.2,EMP0003,Hyderabad
TASK01207,EMP0007,Support,Client Call,High,2025-05-21,2025-06-01,,False,False,26,0.0,0.0,,Jacqueline Christensen,Support,Support Lead,2024-08-21,5.4,EMP0005,Mumbai
TASK01208,EMP0137,HR,Client Call,Medium,2026-02-02,2026-02-11,2026-02-12,True,False,26,16.3,80.2,5.0,Paul Baker,HR,HR Coordinator,2023-04-25,8.9,EMP0010,Remote
TASK01209,EMP0156,HR,Bug Fix,Medium,2025-12-08,2025-12-20,2025-12-21,True,False,7,6.0,82.0,2.0,Jason Jarvis,HR,HR Manager,2026-01-05,15.0,EMP0018,Delhi
TASK01210,EMP0147,HR,Bug Fix,Critical,2025-08-12,2025-08-13,2025-08-18,True,False,10,18.8,81.9,3.0,Gregory Smith,HR,HR Manager,2021-08-26,4.0,EMP0015,Remote
TASK01211,EMP0074,HR,Training,Medium,2025-04-24,2025-05-08,2025-05-08,True,True,20,23.8,66.3,4.0,Sheena Chandler,HR,HR Coordinator,2024-05-03,1.8,EMP0014,Delhi
TASK01212,EMP0195,Finance,Code Review,Low,2025-05-29,2025-06-12,2025-06-12,True,True,9,17.5,70.2,4.0,Andrea Davidson,Finance,Accountant,2023-12-10,9.6,EMP0002,Mumbai
TASK01213,EMP0062,Finance,Bug Fix,High,2026-03-08,2026-03-20,,False,False,25,0.0,0.0,,Gloria Rodriguez,Finance,Analyst,2024-03-03,6.6,EMP0019,Remote
TASK01214,EMP0136,Finance,Bug Fix,High,2025-07-03,2025-07-14,2025-07-19,True,False,40,72.2,64.2,2.0,Elizabeth Smith,Finance,Finance Manager,2021-07-29,14.5,EMP0004,Mumbai
TASK01215,EMP0146,Support,Client Call,Medium,2026-01-23,2026-01-25,2026-01-24,True,True,38,66.4,76.8,2.0,Erica Wise,Support,Customer Success,2026-02-17,4.4,EMP0008,Bangalore
TASK01216,EMP0134,Sales,Testing,High,2025-05-21,2025-05-29,2025-05-31,True,False,32,35.8,73.3,4.0,Mary Atkins,Sales,Sales Rep,2021-06-14,7.4,EMP0004,Remote
TASK01217,EMP0092,Finance,Bug Fix,High,2025-10-05,2025-10-17,2025-10-16,True,True,11,6.5,67.3,5.0,Bryce Valentine,Finance,Analyst,2021-09-30,6.1,EMP0019,Mumbai
TASK01218,EMP0172,Finance,Report,High,2026-02-13,2026-02-22,2026-02-26,True,False,29,44.1,82.5,5.0,Denise Medina,Finance,Accountant,2022-08-13,4.9,EMP0020,Bangalore
TASK01219,EMP0089,Engineering,Meeting,High,2025-05-16,2025-05-21,,False,False,34,0.0,0.0,,Gwendolyn Munoz,Engineering,Junior Dev,2023-08-28,13.2,EMP0009,Mumbai
TASK01220,EMP0113,Finance,Feature Dev,High,2025-09-02,2025-09-09,,False,False,19,0.0,0.0,,Carl Webb,Finance,Accountant,2025-10-13,13.5,EMP0016,Hyderabad
TASK01221,EMP0160,Sales,Code Review,Medium,2025-12-08,2025-12-11,2025-12-15,True,False,5,4.1,80.8,5.0,Angela Benton,Sales,Sales Lead,2023-03-07,7.5,EMP0019,Remote
TASK01222,EMP0031,Support,Client Call,Medium,2025-11-27,2025-11-29,2025-12-04,True,False,32,31.0,82.0,4.0,Laura Ibarra,Support,Customer Success,2026-03-02,9.3,EMP0005,Delhi
TASK01223,EMP0161,Finance,Feature Dev,Low,2025-10-13,2025-10-26,2025-10-30,True,False,14,12.7,63.8,1.0,Jessica Scott,Finance,Accountant,2021-09-12,14.7,EMP0007,Delhi
TASK01224,EMP0151,Engineering,Documentation,Medium,2025-08-29,2025-09-11,,False,False,3,0.0,0.0,,Tony Allen,Engineering,Tech Lead,2025-03-10,14.2,EMP0003,Mumbai
TASK01225,EMP0091,HR,Meeting,Low,2025-12-02,2025-12-11,2025-12-12,True,False,40,20.7,69.7,2.0,Heather Wright,HR,Recruiter,2022-09-23,11.9,EMP0014,Remote
TASK01226,EMP0066,Engineering,Meeting,Medium,2025-05-28,2025-06-08,,False,False,17,0.0,0.0,,Miguel Jimenez,Engineering,Junior Dev,2025-01-20,8.3,EMP0017,Delhi
TASK01227,EMP0190,Sales,Feature Dev,Low,2025-12-19,2025-12-29,2026-01-03,True,False,4,2.3,95.7,3.0,Rachel Francis,Sales,Account Manager,2022-02-28,6.5,EMP0016,Delhi
TASK01228,EMP0155,Support,Client Call,Low,2025-05-11,2025-05-17,2025-05-21,True,False,34,26.9,77.1,3.0,Kimberly Krueger,Support,Customer Success,2025-06-09,5.9,EMP0018,Remote
TASK01229,EMP0001,Support,Training,Critical,2025-05-30,2025-06-11,2025-06-14,True,False,28,51.7,67.2,1.0,Robin Doyle,Support,Support Agent,2025-05-21,0.9,EMP0009,Mumbai
TASK01230,EMP0032,Sales,Bug Fix,Medium,2025-10-24,2025-11-06,2025-11-10,True,False,32,44.1,84.9,3.0,Olivia Griffin,Sales,Sales Lead,2025-11-28,14.3,EMP0017,Bangalore
TASK01231,EMP0192,Marketing,Code Review,Low,2025-11-30,2025-12-11,2025-12-10,True,True,16,29.2,62.2,2.0,Jordan Barr,Marketing,Content Writer,2023-02-20,5.1,EMP0011,Bangalore
TASK01232,EMP0051,Finance,Testing,Critical,2025-08-14,2025-08-23,2025-08-26,True,False,30,50.3,63.8,3.0,Lisa Sutton,Finance,Analyst,2022-05-10,1.2,EMP0018,Bangalore
TASK01233,EMP0121,Finance,Client Call,Medium,2025-04-21,2025-05-05,,False,False,4,0.0,0.0,,Michael Dyer,Finance,Accountant,2023-05-31,7.4,EMP0012,Delhi
TASK01234,EMP0031,Support,Report,Low,2025-08-07,2025-08-17,2025-08-17,True,True,38,54.8,71.9,1.0,Laura Ibarra,Support,Customer Success,2026-03-02,9.3,EMP0005,Delhi
TASK01235,EMP0072,HR,Feature Dev,High,2025-11-22,2025-11-25,2025-11-27,True,False,37,66.6,100.0,4.0,Norman Johnson,HR,Recruiter,2022-01-08,3.6,EMP0011,Mumbai
TASK01236,EMP0155,Support,Testing,Low,2026-03-19,2026-03-25,2026-03-27,True,False,12,7.2,75.3,3.0,Kimberly Krueger,Support,Customer Success,2025-06-09,5.9,EMP0018,Remote
TASK01237,EMP0155,Support,Meeting,Low,2026-01-07,2026-01-10,2026-01-15,True,False,18,35.6,71.5,4.0,Kimberly Krueger,Support,Customer Success,2025-06-09,5.9,EMP0018,Remote
TASK01238,EMP0182,Marketing,Report,Medium,2025-09-15,2025-09-18,,False,False,38,0.0,0.0,,Alexander Garcia,Marketing,Marketing Manager,2021-10-21,4.9,EMP0013,Delhi
TASK01239,EMP0083,Support,Training,Low,2025-08-11,2025-08-25,2025-08-29,True,False,10,11.6,77.2,5.0,Dillon Bernard,Support,Support Lead,2024-10-08,11.8,EMP0014,Mumbai
TASK01240,EMP0188,Sales,Bug Fix,Critical,2026-02-06,2026-02-12,2026-02-16,True,False,34,40.0,72.1,5.0,Robert Love,Sales,Sales Lead,2022-11-26,6.8,EMP0016,Bangalore
TASK01241,EMP0094,Finance,Feature Dev,Critical,2025-05-21,2025-05-22,2025-05-23,True,False,37,18.9,88.9,3.0,Anthony Nelson,Finance,Finance Manager,2025-10-25,10.9,EMP0007,Delhi
TASK01242,EMP0039,Support,Report,Medium,2026-03-23,2026-04-02,2026-04-01,True,True,16,17.3,77.4,1.0,Katherine Stanley,Support,Customer Success,2023-08-12,5.9,EMP0017,Hyderabad
TASK01243,EMP0188,Sales,Feature Dev,Medium,2026-03-31,2026-04-08,2026-04-13,True,False,8,5.0,80.7,4.0,Robert Love,Sales,Sales Lead,2022-11-26,6.8,EMP0016,Bangalore
TASK01244,EMP0127,Support,Report,High,2025-10-19,2025-10-23,2025-10-22,True,True,22,22.3,68.5,2.0,Timothy Stewart,Support,Support Lead,2022-10-07,2.5,EMP0015,Mumbai
TASK01245,EMP0111,Sales,Report,High,2025-06-02,2025-06-10,2025-06-15,True,False,4,5.3,84.2,2.0,Alex Carter,Sales,Account Manager,2026-04-03,10.2,EMP0018,Remote
TASK01246,EMP0055,Marketing,Testing,Medium,2025-07-20,2025-07-26,2025-07-30,True,False,5,9.5,60.1,4.0,Pamela Powell,Marketing,Marketing Manager,2025-02-16,14.4,EMP0018,Hyderabad
TASK01247,EMP0140,Support,Code Review,Critical,2025-06-14,2025-06-18,2025-06-16,True,True,29,26.2,70.2,1.0,Andrew Jackson,Support,Support Lead,2023-02-22,12.8,EMP0020,Bangalore
TASK01248,EMP0187,Sales,Training,Low,2025-08-31,2025-09-05,2025-09-07,True,False,30,54.2,80.8,2.0,Daniel Nguyen,Sales,Account Manager,2022-08-03,8.0,EMP0015,Delhi
TASK01249,EMP0080,Sales,Client Call,Medium,2025-09-11,2025-09-16,2025-09-14,True,True,7,12.9,83.8,3.0,Leslie Harris,Sales,Sales Lead,2024-02-29,4.1,EMP0004,Delhi
TASK01250,EMP0197,Support,Training,Critical,2026-01-06,2026-01-11,2026-01-14,True,False,28,34.2,84.0,2.0,Julie Snow,Support,Support Lead,2025-07-03,2.3,EMP0020,Mumbai
TASK01251,EMP0138,Support,Documentation,Critical,2025-08-08,2025-08-15,2025-08-19,True,False,2,2.7,88.2,1.0,Joshua Martinez,Support,Support Lead,2022-02-25,6.3,EMP0007,Bangalore
TASK01252,EMP0183,Finance,Report,High,2025-11-01,2025-11-11,2025-11-14,True,False,22,11.5,89.4,2.0,Jamie Cohen,Finance,Finance Manager,2021-12-07,7.7,EMP0003,Remote
TASK01253,EMP0049,Sales,Bug Fix,Medium,2025-08-29,2025-09-04,2025-09-08,True,False,18,23.1,89.8,4.0,Todd Adams,Sales,Sales Rep,2022-10-12,8.3,EMP0005,Hyderabad
TASK01254,EMP0069,Finance,Documentation,Critical,2025-04-26,2025-05-10,2025-05-15,True,False,39,25.2,63.3,2.0,Christian Henry,Finance,Finance Manager,2022-05-02,8.2,EMP0018,Delhi
TASK01255,EMP0152,Support,Documentation,Medium,2025-11-13,2025-11-22,2025-11-26,True,False,15,15.3,87.3,5.0,Greg Shah,Support,Support Lead,2024-12-02,7.6,EMP0008,Hyderabad
TASK01256,EMP0004,Sales,Training,Critical,2026-02-25,2026-03-03,2026-03-01,True,True,21,38.7,72.5,1.0,Garrett Lynch,Sales,Sales Lead,2025-01-08,9.2,EMP0018,Mumbai
TASK01257,EMP0195,Finance,Client Call,Medium,2025-12-24,2026-01-04,,False,False,28,0.0,0.0,,Andrea Davidson,Finance,Accountant,2023-12-10,9.6,EMP0002,Mumbai
TASK01258,EMP0023,Finance,Report,Medium,2026-03-14,2026-03-28,2026-03-31,True,False,9,17.0,86.7,4.0,Matthew Fisher,Finance,Accountant,2026-01-31,5.7,EMP0005,Remote
TASK01259,EMP0023,Finance,Client Call,Medium,2026-01-06,2026-01-15,2026-01-19,True,False,26,24.1,82.8,3.0,Matthew Fisher,Finance,Accountant,2026-01-31,5.7,EMP0005,Remote
TASK01260,EMP0048,Engineering,Bug Fix,High,2026-02-06,2026-02-20,2026-02-19,True,True,8,5.1,86.0,5.0,John Martin,Engineering,Senior Dev,2022-11-09,11.1,EMP0004,Mumbai
TASK01261,EMP0144,Support,Bug Fix,Critical,2025-06-01,2025-06-03,2025-06-02,True,True,30,37.7,83.7,3.0,John Duncan,Support,Support Agent,2021-08-27,6.8,EMP0017,Delhi
TASK01262,EMP0075,Engineering,Documentation,High,2026-02-21,2026-02-25,2026-03-02,True,False,37,39.6,56.6,4.0,Deborah Ramos,Engineering,Junior Dev,2025-09-30,5.3,EMP0005,Delhi
TASK01263,EMP0194,Marketing,Client Call,Critical,2025-09-12,2025-09-18,,False,False,31,0.0,0.0,,Jennifer Cain,Marketing,SEO Specialist,2024-03-15,1.3,EMP0017,Delhi
TASK01264,EMP0049,Sales,Documentation,Critical,2026-02-07,2026-02-18,2026-02-22,True,False,2,3.8,76.8,5.0,Todd Adams,Sales,Sales Rep,2022-10-12,8.3,EMP0005,Hyderabad
TASK01265,EMP0103,HR,Client Call,Low,2026-03-13,2026-03-24,2026-03-28,True,False,17,8.6,80.3,1.0,Courtney Nguyen,HR,Recruiter,2022-10-17,10.1,EMP0020,Delhi
TASK01266,EMP0193,Marketing,Client Call,Low,2025-06-07,2025-06-10,2025-06-13,True,False,23,17.4,81.5,2.0,Patricia Graves,Marketing,Marketing Manager,2026-01-07,12.5,EMP0001,Remote
TASK01267,EMP0038,Finance,Client Call,Medium,2026-03-24,2026-03-31,2026-04-04,True,False,5,8.5,90.1,2.0,Matthew Hughes,Finance,Finance Manager,2025-03-08,10.5,EMP0010,Hyderabad
TASK01268,EMP0167,Engineering,Client Call,Critical,2025-09-29,2025-10-06,,False,False,13,0.0,0.0,,Melissa Williams,Engineering,Junior Dev,2023-03-17,6.3,EMP0003,Remote
TASK01269,EMP0035,Engineering,Code Review,Critical,2025-10-27,2025-11-05,2025-11-06,True,False,8,12.5,62.7,5.0,Isabel Williams,Engineering,Tech Lead,2024-10-23,7.5,EMP0003,Remote
TASK01270,EMP0178,Support,Testing,Low,2025-09-29,2025-10-09,2025-10-11,True,False,37,27.3,83.1,2.0,Thomas Hernandez,Support,Support Agent,2025-01-27,13.9,EMP0019,Mumbai
TASK01271,EMP0125,Marketing,Training,Low,2025-09-19,2025-09-20,2025-09-20,True,True,3,4.3,77.8,1.0,Destiny Johnson,Marketing,Content Writer,2023-06-28,14.7,EMP0018,Bangalore
TASK01272,EMP0044,Support,Testing,Medium,2025-10-22,2025-10-23,2025-10-23,True,True,31,45.0,83.1,2.0,Debbie Gordon,Support,Support Lead,2025-03-03,3.6,EMP0005,Remote
TASK01273,EMP0029,HR,Bug Fix,Low,2025-09-24,2025-09-28,2025-09-29,True,False,26,43.0,74.5,3.0,Daniel Lewis,HR,HR Manager,2023-12-07,2.8,EMP0001,Delhi
TASK01274,EMP0029,HR,Feature Dev,Low,2025-08-29,2025-09-01,2025-08-31,True,True,9,10.7,90.3,1.0,Daniel Lewis,HR,HR Manager,2023-12-07,2.8,EMP0001,Delhi
TASK01275,EMP0035,Engineering,Feature Dev,Low,2025-09-13,2025-09-18,,False,False,7,0.0,0.0,,Isabel Williams,Engineering,Tech Lead,2024-10-23,7.5,EMP0003,Remote
TASK01276,EMP0184,Engineering,Client Call,Medium,2026-04-07,2026-04-13,,False,False,15,0.0,0.0,,Steven Barton,Engineering,Senior Dev,2022-12-06,11.2,EMP0020,Delhi
TASK01277,EMP0148,Finance,Feature Dev,Low,2025-05-28,2025-06-10,2025-06-09,True,True,33,64.0,88.8,2.0,John Johnson,Finance,Finance Manager,2023-12-08,6.0,EMP0001,Hyderabad
TASK01278,EMP0184,Engineering,Code Review,Medium,2025-10-16,2025-10-23,,False,False,30,0.0,0.0,,Steven Barton,Engineering,Senior Dev,2022-12-06,11.2,EMP0020,Delhi
TASK01279,EMP0077,Engineering,Bug Fix,Low,2026-04-06,2026-04-07,,False,False,38,0.0,0.0,,Matthew Pitts,Engineering,Junior Dev,2025-08-03,1.6,EMP0005,Remote
TASK01280,EMP0095,Marketing,Training,Low,2026-01-08,2026-01-14,,False,False,32,0.0,0.0,,Amy Obrien,Marketing,Content Writer,2022-09-27,14.3,EMP0011,Remote
TASK01281,EMP0018,Support,Training,Low,2025-08-23,2025-09-01,2025-08-31,True,True,14,19.7,76.5,1.0,Sarah Mann,Support,Support Lead,2023-06-05,12.7,EMP0002,Mumbai
TASK01282,EMP0041,Finance,Bug Fix,Medium,2026-03-25,2026-04-07,2026-04-10,True,False,9,16.6,69.0,3.0,James Walters,Finance,Finance Manager,2025-01-15,3.8,EMP0008,Bangalore
TASK01283,EMP0039,Support,Documentation,Low,2025-10-24,2025-10-26,2025-10-26,True,True,19,17.3,78.0,1.0,Katherine Stanley,Support,Customer Success,2023-08-12,5.9,EMP0017,Hyderabad
TASK01284,EMP0110,Engineering,Client Call,Medium,2026-01-11,2026-01-20,2026-01-25,True,False,33,38.1,80.5,2.0,Mary Richards,Engineering,Tech Lead,2026-04-14,4.1,EMP0004,Hyderabad
TASK01285,EMP0068,HR,Meeting,Low,2025-05-10,2025-05-14,2025-05-16,True,False,27,17.7,76.1,2.0,Shelley Khan,HR,HR Coordinator,2023-11-09,6.9,EMP0018,Delhi
TASK01286,EMP0003,Finance,Meeting,High,2026-04-09,2026-04-21,2026-04-26,True,False,29,40.4,77.7,3.0,Christopher Barber,Finance,Accountant,2024-04-21,1.0,EMP0003,Mumbai
TASK01287,EMP0096,HR,Feature Dev,Medium,2026-01-31,2026-02-10,2026-02-11,True,False,38,39.1,76.2,4.0,Rachael Li,HR,Recruiter,2026-01-31,12.8,EMP0010,Remote
TASK01288,EMP0186,Engineering,Client Call,Low,2026-04-15,2026-04-16,,False,False,18,0.0,0.0,,Jamie Herman,Engineering,Tech Lead,2022-01-16,12.4,EMP0019,Bangalore
TASK01289,EMP0127,Support,Code Review,Low,2025-08-08,2025-08-22,2025-08-25,True,False,27,14.7,84.6,3.0,Timothy Stewart,Support,Support Lead,2022-10-07,2.5,EMP0015,Mumbai
TASK01290,EMP0192,Marketing,Testing,Medium,2025-06-24,2025-06-27,2025-06-26,True,True,15,22.3,76.5,2.0,Jordan Barr,Marketing,Content Writer,2023-02-20,5.1,EMP0011,Bangalore
TASK01291,EMP0103,HR,Testing,High,2025-12-16,2025-12-18,2025-12-17,True,True,23,18.9,90.6,2.0,Courtney Nguyen,HR,Recruiter,2022-10-17,10.1,EMP0020,Delhi
TASK01292,EMP0169,HR,Training,Medium,2025-05-14,2025-05-21,2025-05-22,True,False,35,28.9,93.6,3.0,Brian Davis,HR,HR Coordinator,2023-06-14,14.9,EMP0004,Remote
TASK01293,EMP0081,Finance,Client Call,High,2025-05-17,2025-05-30,2025-05-29,True,True,38,69.9,71.8,4.0,Kevin Berry,Finance,Accountant,2026-02-20,14.6,EMP0005,Mumbai
TASK01294,EMP0084,HR,Meeting,Medium,2026-02-11,2026-02-17,2026-02-15,True,True,33,41.2,88.9,4.0,Rachel Huang,HR,HR Coordinator,2025-07-18,11.9,EMP0004,Hyderabad
TASK01295,EMP0002,Sales,Bug Fix,Low,2025-06-24,2025-07-02,2025-07-05,True,False,39,41.9,82.8,3.0,Anthony Reed,Sales,Sales Rep,2022-02-09,11.2,EMP0018,Bangalore
TASK01296,EMP0018,Support,Client Call,Low,2025-06-12,2025-06-25,2025-06-23,True,True,31,28.7,90.3,1.0,Sarah Mann,Support,Support Lead,2023-06-05,12.7,EMP0002,Mumbai
TASK01297,EMP0115,Marketing,Client Call,High,2025-07-17,2025-07-26,2025-07-24,True,True,6,7.2,73.7,3.0,Jessica Moore,Marketing,Marketing Manager,2022-03-28,4.0,EMP0015,Bangalore
TASK01298,EMP0190,Sales,Report,Low,2026-03-07,2026-03-20,2026-03-19,True,True,37,61.5,99.6,5.0,Rachel Francis,Sales,Account Manager,2022-02-28,6.5,EMP0016,Delhi
TASK01299,EMP0198,Support,Feature Dev,Low,2025-06-30,2025-07-05,2025-07-10,True,False,33,58.5,70.3,3.0,Jennifer Moody,Support,Support Agent,2026-04-13,5.0,EMP0001,Remote
TASK01300,EMP0165,Engineering,Testing,Critical,2025-12-12,2025-12-14,2025-12-13,True,True,2,1.4,67.4,4.0,Joshua Mills,Engineering,Tech Lead,2025-12-13,4.6,EMP0016,Hyderabad
TASK01301,EMP0100,HR,Bug Fix,Low,2026-02-21,2026-02-23,2026-02-26,True,False,36,71.4,100.0,3.0,Anne Williams,HR,HR Manager,2022-05-31,3.5,EMP0019,Remote
TASK01302,EMP0072,HR,Client Call,High,2025-04-25,2025-04-26,2025-04-28,True,False,6,5.4,91.7,3.0,Norman Johnson,HR,Recruiter,2022-01-08,3.6,EMP0011,Mumbai
TASK01303,EMP0063,Finance,Code Review,Medium,2025-09-09,2025-09-12,2025-09-11,True,True,10,9.8,87.2,5.0,Brianna Smith,Finance,Accountant,2023-07-07,14.1,EMP0007,Delhi
TASK01304,EMP0127,Support,Report,High,2026-03-11,2026-03-18,2026-03-17,True,True,35,45.2,64.6,4.0,Timothy Stewart,Support,Support Lead,2022-10-07,2.5,EMP0015,Mumbai
TASK01305,EMP0195,Finance,Meeting,Critical,2026-02-16,2026-02-22,2026-02-27,True,False,16,10.2,75.7,1.0,Andrea Davidson,Finance,Accountant,2023-12-10,9.6,EMP0002,Mumbai
TASK01306,EMP0030,Finance,Report,Medium,2025-11-08,2025-11-22,2025-11-23,True,False,6,3.7,91.2,1.0,Joshua Duncan,Finance,Analyst,2025-02-02,7.9,EMP0004,Delhi
TASK01307,EMP0105,Sales,Testing,Low,2026-02-12,2026-02-23,2026-02-27,True,False,14,17.2,79.3,2.0,James Singh,Sales,Sales Rep,2021-10-17,1.2,EMP0016,Remote
TASK01308,EMP0114,HR,Code Review,High,2025-09-15,2025-09-28,2025-10-01,True,False,21,32.8,73.7,5.0,Kelli Berry,HR,HR Coordinator,2023-03-04,12.7,EMP0009,Remote
TASK01309,EMP0164,HR,Training,Low,2025-06-29,2025-07-02,2025-07-05,True,False,26,51.0,59.6,2.0,Jennifer Powers,HR,Recruiter,2024-04-02,14.2,EMP0016,Bangalore
TASK01310,EMP0104,Engineering,Feature Dev,High,2026-02-20,2026-02-24,2026-02-28,True,False,12,18.4,91.5,2.0,Roy Schultz,Engineering,Junior Dev,2024-12-17,10.3,EMP0008,Mumbai
TASK01311,EMP0025,Support,Code Review,Medium,2025-10-22,2025-10-24,2025-10-25,True,False,3,5.5,97.3,3.0,Shannon Orozco,Support,Support Agent,2022-02-25,12.0,EMP0014,Remote
TASK01312,EMP0078,Engineering,Training,Low,2025-11-16,2025-11-27,2025-11-30,True,False,18,12.2,69.6,1.0,Angela Stone,Engineering,Senior Dev,2024-09-17,8.9,EMP0005,Hyderabad
TASK01313,EMP0176,Support,Report,Medium,2026-01-23,2026-01-27,2026-01-31,True,False,34,34.0,88.2,3.0,William Fox,Support,Customer Success,2024-04-15,7.3,EMP0002,Mumbai
TASK01314,EMP0013,HR,Client Call,Medium,2025-08-22,2025-08-23,2025-08-27,True,False,14,13.2,77.6,2.0,James Walker,HR,HR Coordinator,2022-03-19,12.9,EMP0004,Hyderabad
TASK01315,EMP0074,HR,Documentation,Medium,2025-11-06,2025-11-15,2025-11-19,True,False,8,12.2,86.2,1.0,Sheena Chandler,HR,HR Coordinator,2024-05-03,1.8,EMP0014,Delhi
TASK01316,EMP0080,Sales,Feature Dev,Low,2026-01-21,2026-01-22,2026-01-24,True,False,17,10.2,77.5,3.0,Leslie Harris,Sales,Sales Lead,2024-02-29,4.1,EMP0004,Delhi
TASK01317,EMP0186,Engineering,Documentation,Low,2025-05-01,2025-05-11,2025-05-15,True,False,27,29.4,88.8,3.0,Jamie Herman,Engineering,Tech Lead,2022-01-16,12.4,EMP0019,Bangalore
TASK01318,EMP0082,Sales,Meeting,Medium,2025-08-13,2025-08-16,2025-08-19,True,False,20,31.2,90.0,1.0,Theresa Robinson,Sales,Sales Rep,2024-04-17,13.3,EMP0001,Mumbai
TASK01319,EMP0015,HR,Meeting,Low,2026-01-05,2026-01-14,,False,False,32,0.0,0.0,,Whitney Vaughn,HR,HR Manager,2025-01-09,3.5,EMP0009,Bangalore
TASK01320,EMP0026,Engineering,Testing,High,2025-07-01,2025-07-13,2025-07-16,True,False,6,4.5,83.4,4.0,Calvin Kane,Engineering,Senior Dev,2023-09-23,6.0,EMP0015,Remote
TASK01321,EMP0067,Sales,Meeting,Low,2026-02-22,2026-02-23,2026-02-27,True,False,23,12.2,86.3,1.0,Devon Jackson,Sales,Account Manager,2024-03-31,13.3,EMP0008,Delhi
TASK01322,EMP0187,Sales,Report,Low,2026-02-24,2026-03-09,2026-03-12,True,False,32,44.0,84.7,2.0,Daniel Nguyen,Sales,Account Manager,2022-08-03,8.0,EMP0015,Delhi
TASK01323,EMP0172,Finance,Code Review,Medium,2026-01-22,2026-01-23,2026-01-25,True,False,16,20.6,98.5,2.0,Denise Medina,Finance,Accountant,2022-08-13,4.9,EMP0020,Bangalore
TASK01324,EMP0101,Support,Testing,High,2025-08-20,2025-08-22,2025-08-25,True,False,30,37.1,75.2,5.0,Nicholas Keller,Support,Support Lead,2024-09-21,7.2,EMP0015,Mumbai
TASK01325,EMP0169,HR,Meeting,Low,2025-04-23,2025-05-01,2025-05-06,True,False,2,3.5,83.4,3.0,Brian Davis,HR,HR Coordinator,2023-06-14,14.9,EMP0004,Remote
TASK01326,EMP0149,HR,Training,High,2025-11-18,2025-12-01,2025-12-06,True,False,9,8.1,82.5,1.0,Amber Nelson,HR,HR Coordinator,2022-12-28,7.6,EMP0012,Delhi
TASK01327,EMP0005,Support,Documentation,Low,2025-09-28,2025-10-05,2025-10-05,True,True,24,29.9,81.2,5.0,Samantha Lindsey,Support,Customer Success,2025-06-06,10.7,EMP0014,Mumbai
TASK01328,EMP0009,HR,Client Call,High,2025-11-29,2025-12-06,2025-12-05,True,True,14,26.3,100.0,1.0,Ryan Norman DVM,HR,Recruiter,2023-01-14,4.3,EMP0002,Hyderabad
TASK01329,EMP0061,Engineering,Testing,Critical,2026-03-10,2026-03-21,2026-03-26,True,False,35,26.7,77.3,3.0,Maria Rodriguez,Engineering,Tech Lead,2024-02-04,4.1,EMP0020,Bangalore
TASK01330,EMP0185,Engineering,Meeting,Medium,2025-10-06,2025-10-13,,False,False,19,0.0,0.0,,Mrs. Toni Webb,Engineering,Junior Dev,2021-05-01,3.8,EMP0019,Remote
TASK01331,EMP0143,Marketing,Report,Low,2026-02-26,2026-03-08,2026-03-11,True,False,9,10.4,73.4,5.0,Kevin Baker,Marketing,Content Writer,2022-07-02,6.8,EMP0012,Hyderabad
TASK01332,EMP0134,Sales,Code Review,Critical,2025-10-31,2025-11-13,2025-11-12,True,True,2,2.5,92.1,4.0,Mary Atkins,Sales,Sales Rep,2021-06-14,7.4,EMP0004,Remote
TASK01333,EMP0039,Support,Code Review,Medium,2026-03-07,2026-03-16,,False,False,37,0.0,0.0,,Katherine Stanley,Support,Customer Success,2023-08-12,5.9,EMP0017,Hyderabad
TASK01334,EMP0003,Finance,Documentation,Medium,2025-05-23,2025-05-28,2025-05-30,True,False,2,2.4,74.3,3.0,Christopher Barber,Finance,Accountant,2024-04-21,1.0,EMP0003,Mumbai
TASK01335,EMP0044,Support,Bug Fix,High,2026-03-23,2026-03-25,2026-03-27,True,False,2,2.3,84.6,1.0,Debbie Gordon,Support,Support Lead,2025-03-03,3.6,EMP0005,Remote
TASK01336,EMP0009,HR,Code Review,Low,2025-06-28,2025-07-04,2025-07-04,True,True,7,11.0,76.2,2.0,Ryan Norman DVM,HR,Recruiter,2023-01-14,4.3,EMP0002,Hyderabad
TASK01337,EMP0040,Engineering,Documentation,Medium,2026-03-27,2026-03-29,2026-03-28,True,True,32,60.8,56.1,4.0,Andrea Kennedy,Engineering,Junior Dev,2025-03-30,3.8,EMP0011,Bangalore
TASK01338,EMP0156,HR,Meeting,Medium,2025-05-25,2025-05-27,,False,False,21,0.0,0.0,,Jason Jarvis,HR,HR Manager,2026-01-05,15.0,EMP0018,Delhi
TASK01339,EMP0056,Sales,Documentation,Low,2025-12-06,2025-12-13,2025-12-16,True,False,39,27.6,71.1,3.0,Brian Howard,Sales,Sales Rep,2024-02-07,4.8,EMP0002,Remote
TASK01340,EMP0014,HR,Report,Low,2025-11-30,2025-12-09,2025-12-11,True,False,7,6.6,71.4,5.0,Kathryn Perez,HR,HR Manager,2023-11-12,9.7,EMP0012,Mumbai
TASK01341,EMP0061,Engineering,Feature Dev,Low,2026-01-09,2026-01-22,,False,False,29,0.0,0.0,,Maria Rodriguez,Engineering,Tech Lead,2024-02-04,4.1,EMP0020,Bangalore
TASK01342,EMP0020,Finance,Report,Low,2025-10-17,2025-10-25,2025-10-28,True,False,31,32.0,60.0,4.0,Sydney Cole,Finance,Finance Manager,2021-08-01,5.1,EMP0016,Hyderabad
TASK01343,EMP0061,Engineering,Code Review,Critical,2025-07-26,2025-08-03,2025-08-01,True,True,28,17.7,68.3,5.0,Maria Rodriguez,Engineering,Tech Lead,2024-02-04,4.1,EMP0020,Bangalore
TASK01344,EMP0128,Engineering,Meeting,Critical,2026-01-31,2026-02-13,2026-02-16,True,False,10,14.3,77.9,1.0,Jennifer Perez,Engineering,Senior Dev,2025-09-24,6.0,EMP0007,Hyderabad
TASK01345,EMP0008,HR,Training,High,2025-08-24,2025-08-31,2025-08-29,True,True,31,53.0,88.3,4.0,Alison Hayes,HR,HR Coordinator,2022-11-19,1.8,EMP0004,Delhi
TASK01346,EMP0119,Marketing,Meeting,High,2025-12-05,2025-12-07,2025-12-06,True,True,23,32.0,87.8,5.0,William Campbell,Marketing,SEO Specialist,2023-12-09,8.4,EMP0014,Bangalore
TASK01347,EMP0169,HR,Bug Fix,Medium,2025-12-31,2026-01-06,2026-01-05,True,True,39,59.0,71.4,2.0,Brian Davis,HR,HR Coordinator,2023-06-14,14.9,EMP0004,Remote
TASK01348,EMP0014,HR,Code Review,Medium,2025-04-20,2025-04-29,2025-05-04,True,False,10,8.4,66.1,3.0,Kathryn Perez,HR,HR Manager,2023-11-12,9.7,EMP0012,Mumbai
TASK01349,EMP0190,Sales,Report,Medium,2026-01-09,2026-01-21,,False,False,2,0.0,0.0,,Rachel Francis,Sales,Account Manager,2022-02-28,6.5,EMP0016,Delhi
TASK01350,EMP0090,Finance,Feature Dev,Medium,2025-06-04,2025-06-08,2025-06-06,True,True,11,15.5,77.6,5.0,Joann Sanders,Finance,Accountant,2023-07-16,1.1,EMP0020,Hyderabad
TASK01351,EMP0005,Support,Bug Fix,Low,2025-09-04,2025-09-08,2025-09-06,True,True,34,39.6,74.0,1.0,Samantha Lindsey,Support,Customer Success,2025-06-06,10.7,EMP0014,Mumbai
TASK01352,EMP0019,Engineering,Training,Low,2025-11-20,2025-11-28,,False,False,17,0.0,0.0,,Christopher Lester,Engineering,Senior Dev,2024-07-20,6.3,EMP0003,Mumbai
TASK01353,EMP0137,HR,Bug Fix,Low,2025-07-05,2025-07-15,2025-07-14,True,True,29,20.9,80.0,2.0,Paul Baker,HR,HR Coordinator,2023-04-25,8.9,EMP0010,Remote
TASK01354,EMP0094,Finance,Training,Low,2026-04-13,2026-04-25,2026-04-25,True,True,34,54.8,94.4,2.0,Anthony Nelson,Finance,Finance Manager,2025-10-25,10.9,EMP0007,Delhi
TASK01355,EMP0142,Engineering,Meeting,Medium,2026-01-14,2026-01-19,2026-01-18,True,True,39,48.3,61.0,4.0,Jacob Stein,Engineering,Tech Lead,2025-10-06,9.9,EMP0001,Hyderabad
TASK01356,EMP0005,Support,Meeting,Medium,2026-03-31,2026-04-13,2026-04-17,True,False,29,20.9,85.4,4.0,Samantha Lindsey,Support,Customer Success,2025-06-06,10.7,EMP0014,Mumbai
TASK01357,EMP0134,Sales,Report,Low,2026-03-30,2026-04-06,2026-04-08,True,False,4,5.9,74.5,1.0,Mary Atkins,Sales,Sales Rep,2021-06-14,7.4,EMP0004,Remote
TASK01358,EMP0145,Finance,Report,Critical,2026-02-02,2026-02-08,,False,False,31,0.0,0.0,,Melissa Barnes,Finance,Finance Manager,2024-03-19,11.7,EMP0015,Hyderabad
TASK01359,EMP0191,Support,Training,Low,2025-04-16,2025-04-19,2025-04-20,True,False,24,44.5,76.9,4.0,Tamara Ramirez,Support,Support Lead,2021-06-04,12.3,EMP0018,Bangalore
TASK01360,EMP0048,Engineering,Code Review,Medium,2026-02-06,2026-02-09,2026-02-12,True,False,38,38.3,71.2,3.0,John Martin,Engineering,Senior Dev,2022-11-09,11.1,EMP0004,Mumbai
TASK01361,EMP0023,Finance,Report,High,2026-01-23,2026-02-03,2026-02-07,True,False,6,11.2,100.0,4.0,Matthew Fisher,Finance,Accountant,2026-01-31,5.7,EMP0005,Remote
TASK01362,EMP0122,Marketing,Testing,Critical,2025-12-16,2025-12-26,2025-12-28,True,False,10,15.5,70.2,5.0,Erin Dixon,Marketing,SEO Specialist,2026-04-01,8.3,EMP0018,Remote
TASK01363,EMP0122,Marketing,Feature Dev,Medium,2025-06-05,2025-06-12,2025-06-10,True,True,12,10.2,95.8,4.0,Erin Dixon,Marketing,SEO Specialist,2026-04-01,8.3,EMP0018,Remote
TASK01364,EMP0084,HR,Code Review,Critical,2025-10-25,2025-11-02,2025-11-03,True,False,17,11.2,82.1,4.0,Rachel Huang,HR,HR Coordinator,2025-07-18,11.9,EMP0004,Hyderabad
TASK01365,EMP0147,HR,Meeting,High,2025-04-29,2025-05-06,,False,False,5,0.0,0.0,,Gregory Smith,HR,HR Manager,2021-08-26,4.0,EMP0015,Remote
TASK01366,EMP0103,HR,Bug Fix,Low,2025-07-26,2025-08-09,2025-08-14,True,False,25,35.2,74.7,2.0,Courtney Nguyen,HR,Recruiter,2022-10-17,10.1,EMP0020,Delhi
TASK01367,EMP0055,Marketing,Documentation,Medium,2026-01-18,2026-01-30,2026-01-30,True,True,38,50.7,76.4,3.0,Pamela Powell,Marketing,Marketing Manager,2025-02-16,14.4,EMP0018,Hyderabad
TASK01368,EMP0023,Finance,Training,Medium,2025-09-15,2025-09-26,2025-09-27,True,False,12,13.8,75.8,2.0,Matthew Fisher,Finance,Accountant,2026-01-31,5.7,EMP0005,Remote
TASK01369,EMP0031,Support,Code Review,Low,2025-11-07,2025-11-08,2025-11-08,True,True,15,8.2,82.7,1.0,Laura Ibarra,Support,Customer Success,2026-03-02,9.3,EMP0005,Delhi
TASK01370,EMP0158,Sales,Training,Medium,2025-09-16,2025-09-23,2025-09-22,True,True,23,17.9,89.1,4.0,Sara Luna,Sales,Sales Rep,2023-11-07,11.0,EMP0011,Bangalore
TASK01371,EMP0089,Engineering,Training,Low,2025-07-14,2025-07-18,2025-07-23,True,False,34,35.0,66.1,2.0,Gwendolyn Munoz,Engineering,Junior Dev,2023-08-28,13.2,EMP0009,Mumbai
TASK01372,EMP0010,Finance,Code Review,High,2025-05-11,2025-05-19,2025-05-23,True,False,6,8.1,65.5,5.0,Kelsey Monroe,Finance,Analyst,2021-09-09,14.6,EMP0013,Bangalore
TASK01373,EMP0160,Sales,Bug Fix,Low,2025-09-29,2025-10-01,2025-09-30,True,True,40,52.4,78.1,2.0,Angela Benton,Sales,Sales Lead,2023-03-07,7.5,EMP0019,Remote
TASK01374,EMP0133,Sales,Client Call,High,2025-07-21,2025-07-26,,False,False,18,0.0,0.0,,Michael Rollins,Sales,Sales Rep,2025-08-12,12.7,EMP0020,Mumbai
TASK01375,EMP0044,Support,Documentation,High,2025-08-15,2025-08-17,2025-08-17,True,True,20,12.2,88.7,5.0,Debbie Gordon,Support,Support Lead,2025-03-03,3.6,EMP0005,Remote
TASK01376,EMP0093,HR,Feature Dev,Critical,2026-02-11,2026-02-20,2026-02-18,True,True,36,55.7,80.4,5.0,Terri Grimes,HR,HR Coordinator,2025-11-19,10.8,EMP0001,Remote
TASK01377,EMP0036,Sales,Documentation,Medium,2026-02-25,2026-03-02,2026-02-28,True,True,23,26.0,100.0,3.0,Jamie Swanson,Sales,Sales Rep,2023-10-11,10.1,EMP0018,Mumbai
TASK01378,EMP0143,Marketing,Feature Dev,High,2025-07-04,2025-07-05,2025-07-08,True,False,5,4.3,87.8,5.0,Kevin Baker,Marketing,Content Writer,2022-07-02,6.8,EMP0012,Hyderabad
TASK01379,EMP0052,Engineering,Testing,Critical,2026-03-31,2026-04-12,,False,False,4,0.0,0.0,,Patrick Mercer,Engineering,Junior Dev,2021-08-27,2.9,EMP0016,Hyderabad
TASK01380,EMP0029,HR,Code Review,Critical,2026-03-10,2026-03-17,2026-03-16,True,True,37,45.1,85.5,3.0,Daniel Lewis,HR,HR Manager,2023-12-07,2.8,EMP0001,Delhi
TASK01381,EMP0055,Marketing,Meeting,High,2025-12-01,2025-12-03,2025-12-04,True,False,24,27.5,76.7,2.0,Pamela Powell,Marketing,Marketing Manager,2025-02-16,14.4,EMP0018,Hyderabad
TASK01382,EMP0076,Sales,Client Call,Low,2025-09-14,2025-09-15,2025-09-16,True,False,36,50.8,96.4,1.0,Brianna Black,Sales,Sales Lead,2024-03-04,6.9,EMP0014,Remote
TASK01383,EMP0158,Sales,Client Call,Medium,2026-01-17,2026-01-18,2026-01-22,True,False,10,11.4,77.0,5.0,Sara Luna,Sales,Sales Rep,2023-11-07,11.0,EMP0011,Bangalore
TASK01384,EMP0139,Finance,Client Call,Low,2025-05-18,2025-05-26,2025-05-29,True,False,24,19.0,47.4,1.0,Peter Ware,Finance,Finance Manager,2023-08-18,12.5,EMP0008,Bangalore
TASK01385,EMP0157,HR,Training,Low,2025-04-30,2025-05-02,2025-05-03,True,False,28,45.4,80.0,5.0,James Garza,HR,Recruiter,2023-07-31,7.1,EMP0010,Delhi
TASK01386,EMP0061,Engineering,Code Review,Low,2025-10-02,2025-10-15,2025-10-16,True,False,5,3.1,59.7,4.0,Maria Rodriguez,Engineering,Tech Lead,2024-02-04,4.1,EMP0020,Bangalore
TASK01387,EMP0164,HR,Client Call,Low,2025-11-25,2025-11-26,2025-11-27,True,False,20,13.9,85.0,4.0,Jennifer Powers,HR,Recruiter,2024-04-02,14.2,EMP0016,Bangalore
TASK01388,EMP0080,Sales,Testing,Medium,2025-08-06,2025-08-17,2025-08-19,True,False,36,29.1,83.4,2.0,Leslie Harris,Sales,Sales Lead,2024-02-29,4.1,EMP0004,Delhi
TASK01389,EMP0053,Sales,Meeting,Medium,2025-12-15,2025-12-20,,False,False,37,0.0,0.0,,Charlotte Wells DVM,Sales,Account Manager,2023-06-24,13.6,EMP0006,Hyderabad
TASK01390,EMP0197,Support,Training,High,2025-12-13,2025-12-17,2025-12-19,True,False,22,34.0,82.7,1.0,Julie Snow,Support,Support Lead,2025-07-03,2.3,EMP0020,Mumbai
TASK01391,EMP0108,Sales,Code Review,Low,2025-10-29,2025-11-05,2025-11-10,True,False,19,11.7,90.9,5.0,Marc Jackson,Sales,Sales Lead,2021-10-26,10.5,EMP0004,Hyderabad
TASK01392,EMP0094,Finance,Code Review,Low,2026-01-13,2026-01-25,2026-01-24,True,True,25,39.7,74.9,1.0,Anthony Nelson,Finance,Finance Manager,2025-10-25,10.9,EMP0007,Delhi
TASK01393,EMP0095,Marketing,Bug Fix,Critical,2025-11-03,2025-11-15,2025-11-20,True,False,9,4.8,84.6,3.0,Amy Obrien,Marketing,Content Writer,2022-09-27,14.3,EMP0011,Remote
TASK01394,EMP0035,Engineering,Client Call,Low,2026-01-04,2026-01-11,2026-01-10,True,True,5,4.6,81.9,4.0,Isabel Williams,Engineering,Tech Lead,2024-10-23,7.5,EMP0003,Remote
TASK01395,EMP0030,Finance,Code Review,Low,2025-06-08,2025-06-15,2025-06-13,True,True,16,12.9,74.3,4.0,Joshua Duncan,Finance,Analyst,2025-02-02,7.9,EMP0004,Delhi
TASK01396,EMP0150,HR,Testing,Medium,2025-08-14,2025-08-25,2025-08-28,True,False,3,5.6,89.1,3.0,Richard Kim,HR,HR Manager,2025-11-04,13.3,EMP0009,Remote
TASK01397,EMP0002,Sales,Client Call,High,2025-07-04,2025-07-14,2025-07-12,True,True,23,36.5,89.0,4.0,Anthony Reed,Sales,Sales Rep,2022-02-09,11.2,EMP0018,Bangalore
TASK01398,EMP0098,Finance,Meeting,High,2026-03-18,2026-03-30,2026-03-29,True,True,37,40.0,84.0,5.0,Angela Aguilar,Finance,Analyst,2022-06-15,3.3,EMP0013,Mumbai
TASK01399,EMP0009,HR,Report,Medium,2025-11-04,2025-11-14,2025-11-16,True,False,12,23.3,81.1,2.0,Ryan Norman DVM,HR,Recruiter,2023-01-14,4.3,EMP0002,Hyderabad
TASK01400,EMP0039,Support,Training,Low,2026-01-17,2026-01-18,2026-01-20,True,False,7,14.0,79.5,3.0,Katherine Stanley,Support,Customer Success,2023-08-12,5.9,EMP0017,Hyderabad
TASK01401,EMP0136,Finance,Meeting,Medium,2025-06-30,2025-07-07,2025-07-09,True,False,25,22.6,93.2,5.0,Elizabeth Smith,Finance,Finance Manager,2021-07-29,14.5,EMP0004,Mumbai
TASK01402,EMP0176,Support,Report,Low,2025-06-12,2025-06-17,2025-06-20,True,False,18,31.9,100.0,4.0,William Fox,Support,Customer Success,2024-04-15,7.3,EMP0002,Mumbai
TASK01403,EMP0020,Finance,Training,Low,2025-11-23,2025-11-24,2025-11-27,True,False,32,46.6,75.8,2.0,Sydney Cole,Finance,Finance Manager,2021-08-01,5.1,EMP0016,Hyderabad
TASK01404,EMP0126,Marketing,Training,Medium,2025-11-20,2025-11-30,,False,False,19,0.0,0.0,,Sarah Cervantes,Marketing,Marketing Manager,2024-12-01,8.7,EMP0001,Bangalore
TASK01405,EMP0164,HR,Report,Medium,2025-08-18,2025-08-20,2025-08-22,True,False,19,16.9,73.9,2.0,Jennifer Powers,HR,Recruiter,2024-04-02,14.2,EMP0016,Bangalore
TASK01406,EMP0030,Finance,Bug Fix,Low,2026-03-06,2026-03-09,2026-03-07,True,True,16,10.7,74.9,2.0,Joshua Duncan,Finance,Analyst,2025-02-02,7.9,EMP0004,Delhi
TASK01407,EMP0098,Finance,Documentation,Medium,2026-03-16,2026-03-30,2026-04-02,True,False,4,5.3,92.9,1.0,Angela Aguilar,Finance,Analyst,2022-06-15,3.3,EMP0013,Mumbai
TASK01408,EMP0067,Sales,Testing,Critical,2026-03-25,2026-03-30,,False,False,3,0.0,0.0,,Devon Jackson,Sales,Account Manager,2024-03-31,13.3,EMP0008,Delhi
TASK01409,EMP0055,Marketing,Report,Medium,2026-03-22,2026-03-23,2026-03-26,True,False,8,4.9,81.1,1.0,Pamela Powell,Marketing,Marketing Manager,2025-02-16,14.4,EMP0018,Hyderabad
TASK01410,EMP0070,Support,Client Call,Medium,2025-09-07,2025-09-11,2025-09-14,True,False,28,17.0,99.5,3.0,Travis Webb,Support,Support Agent,2025-04-03,14.1,EMP0005,Delhi
TASK01411,EMP0131,Support,Testing,Low,2025-11-28,2025-12-04,2025-12-07,True,False,23,45.1,73.8,4.0,Robin Jones,Support,Customer Success,2023-05-11,1.3,EMP0012,Mumbai
TASK01412,EMP0140,Support,Code Review,Critical,2026-02-28,2026-03-05,2026-03-05,True,True,25,14.2,84.1,5.0,Andrew Jackson,Support,Support Lead,2023-02-22,12.8,EMP0020,Bangalore
TASK01413,EMP0030,Finance,Training,Low,2026-04-04,2026-04-14,2026-04-17,True,False,34,53.5,89.4,5.0,Joshua Duncan,Finance,Analyst,2025-02-02,7.9,EMP0004,Delhi
TASK01414,EMP0165,Engineering,Feature Dev,High,2026-02-26,2026-03-02,2026-02-28,True,True,11,11.8,59.7,1.0,Joshua Mills,Engineering,Tech Lead,2025-12-13,4.6,EMP0016,Hyderabad
TASK01415,EMP0196,HR,Training,Critical,2025-08-12,2025-08-16,2025-08-20,True,False,36,57.6,87.9,1.0,Lisa Martinez,HR,Recruiter,2022-06-20,2.4,EMP0010,Hyderabad
TASK01416,EMP0085,Engineering,Meeting,Medium,2026-01-04,2026-01-15,2026-01-20,True,False,22,19.9,84.0,2.0,Natalie Rice,Engineering,Senior Dev,2025-09-12,3.7,EMP0015,Delhi
TASK01417,EMP0150,HR,Feature Dev,Medium,2025-05-17,2025-05-30,2025-06-02,True,False,16,18.9,88.5,2.0,Richard Kim,HR,HR Manager,2025-11-04,13.3,EMP0009,Remote
TASK01418,EMP0115,Marketing,Testing,Medium,2026-03-20,2026-03-27,2026-03-30,True,False,37,46.6,75.1,4.0,Jessica Moore,Marketing,Marketing Manager,2022-03-28,4.0,EMP0015,Bangalore
TASK01419,EMP0178,Support,Code Review,Medium,2025-10-26,2025-11-03,2025-11-04,True,False,38,66.2,72.0,5.0,Thomas Hernandez,Support,Support Agent,2025-01-27,13.9,EMP0019,Mumbai
TASK01420,EMP0082,Sales,Meeting,Low,2025-07-16,2025-07-23,2025-07-23,True,True,40,35.6,73.5,3.0,Theresa Robinson,Sales,Sales Rep,2024-04-17,13.3,EMP0001,Mumbai
TASK01421,EMP0046,Sales,Documentation,Medium,2025-08-26,2025-08-28,2025-08-28,True,True,38,47.2,90.9,2.0,Andrew Reed Jr.,Sales,Sales Rep,2022-04-27,1.9,EMP0014,Delhi
TASK01422,EMP0063,Finance,Report,High,2026-03-27,2026-03-28,2026-04-01,True,False,18,29.7,66.9,1.0,Brianna Smith,Finance,Accountant,2023-07-07,14.1,EMP0007,Delhi
TASK01423,EMP0095,Marketing,Code Review,Low,2026-04-09,2026-04-10,2026-04-10,True,True,12,23.8,92.4,5.0,Amy Obrien,Marketing,Content Writer,2022-09-27,14.3,EMP0011,Remote
TASK01424,EMP0006,Marketing,Code Review,High,2025-11-07,2025-11-14,,False,False,24,0.0,0.0,,Paula White,Marketing,Marketing Manager,2023-08-11,4.5,EMP0001,Mumbai
TASK01425,EMP0027,HR,Testing,Medium,2025-04-16,2025-04-25,2025-04-27,True,False,9,9.0,72.5,5.0,Aaron Robinson,HR,Recruiter,2025-12-28,13.0,EMP0001,Bangalore
TASK01426,EMP0047,Marketing,Feature Dev,Medium,2026-01-08,2026-01-10,,False,False,4,0.0,0.0,,Christopher Conley,Marketing,SEO Specialist,2022-11-08,7.3,EMP0002,Bangalore
TASK01427,EMP0135,Sales,Report,High,2025-09-25,2025-10-01,,False,False,28,0.0,0.0,,Jack Clark,Sales,Account Manager,2022-02-08,10.6,EMP0012,Mumbai
TASK01428,EMP0055,Marketing,Training,High,2025-08-31,2025-09-07,2025-09-12,True,False,10,16.0,82.8,1.0,Pamela Powell,Marketing,Marketing Manager,2025-02-16,14.4,EMP0018,Hyderabad
TASK01429,EMP0188,Sales,Report,Low,2025-07-10,2025-07-11,2025-07-14,True,False,31,33.1,83.1,2.0,Robert Love,Sales,Sales Lead,2022-11-26,6.8,EMP0016,Bangalore
TASK01430,EMP0099,Finance,Testing,Medium,2025-06-11,2025-06-21,2025-06-20,True,True,16,15.1,91.6,1.0,Lisa Mcfarland,Finance,Finance Manager,2023-05-08,4.9,EMP0018,Bangalore
TASK01431,EMP0058,Engineering,Testing,Medium,2025-05-31,2025-06-09,2025-06-13,True,False,20,19.7,62.9,2.0,Benjamin Buchanan,Engineering,Tech Lead,2024-02-09,7.4,EMP0017,Mumbai
TASK01432,EMP0165,Engineering,Testing,Critical,2025-08-26,2025-08-27,2025-08-28,True,False,29,37.1,64.1,1.0,Joshua Mills,Engineering,Tech Lead,2025-12-13,4.6,EMP0016,Hyderabad
TASK01433,EMP0047,Marketing,Code Review,Medium,2026-02-24,2026-02-27,2026-03-01,True,False,33,38.2,95.7,3.0,Christopher Conley,Marketing,SEO Specialist,2022-11-08,7.3,EMP0002,Bangalore
TASK01434,EMP0081,Finance,Documentation,Critical,2025-11-08,2025-11-13,,False,False,8,0.0,0.0,,Kevin Berry,Finance,Accountant,2026-02-20,14.6,EMP0005,Mumbai
TASK01435,EMP0100,HR,Bug Fix,Medium,2026-01-05,2026-01-08,2026-01-08,True,True,3,4.2,80.7,5.0,Anne Williams,HR,HR Manager,2022-05-31,3.5,EMP0019,Remote
TASK01436,EMP0018,Support,Client Call,Medium,2025-07-15,2025-07-19,2025-07-17,True,True,25,20.1,82.0,4.0,Sarah Mann,Support,Support Lead,2023-06-05,12.7,EMP0002,Mumbai
TASK01437,EMP0162,Sales,Client Call,Medium,2025-06-21,2025-07-05,2025-07-04,True,True,9,10.5,75.4,4.0,Gregory Parker,Sales,Account Manager,2021-08-22,3.1,EMP0001,Remote
TASK01438,EMP0007,Support,Feature Dev,Low,2026-01-18,2026-02-01,2026-02-03,True,False,9,17.6,79.7,2.0,Jacqueline Christensen,Support,Support Lead,2024-08-21,5.4,EMP0005,Mumbai
TASK01439,EMP0004,Sales,Training,High,2025-12-26,2026-01-01,2026-01-04,True,False,19,22.4,83.2,1.0,Garrett Lynch,Sales,Sales Lead,2025-01-08,9.2,EMP0018,Mumbai
TASK01440,EMP0147,HR,Client Call,High,2025-11-16,2025-11-22,,False,False,4,0.0,0.0,,Gregory Smith,HR,HR Manager,2021-08-26,4.0,EMP0015,Remote
TASK01441,EMP0140,Support,Bug Fix,Low,2026-04-01,2026-04-13,2026-04-16,True,False,14,24.7,76.0,1.0,Andrew Jackson,Support,Support Lead,2023-02-22,12.8,EMP0020,Bangalore
TASK01442,EMP0140,Support,Code Review,Low,2025-05-08,2025-05-18,2025-05-19,True,False,14,12.6,94.2,4.0,Andrew Jackson,Support,Support Lead,2023-02-22,12.8,EMP0020,Bangalore
TASK01443,EMP0103,HR,Feature Dev,High,2026-01-25,2026-02-06,2026-02-06,True,True,14,20.3,75.2,5.0,Courtney Nguyen,HR,Recruiter,2022-10-17,10.1,EMP0020,Delhi
TASK01444,EMP0118,Support,Documentation,High,2025-10-16,2025-10-28,2025-11-01,True,False,6,7.4,78.6,2.0,George Meadows,Support,Support Agent,2025-07-12,10.7,EMP0003,Hyderabad
TASK01445,EMP0193,Marketing,Testing,Low,2025-10-04,2025-10-16,2025-10-20,True,False,39,33.2,76.3,4.0,Patricia Graves,Marketing,Marketing Manager,2026-01-07,12.5,EMP0001,Remote
TASK01446,EMP0025,Support,Report,Medium,2025-10-30,2025-11-02,2025-11-03,True,False,20,30.0,68.9,4.0,Shannon Orozco,Support,Support Agent,2022-02-25,12.0,EMP0014,Remote
TASK01447,EMP0176,Support,Meeting,Medium,2025-08-18,2025-08-27,2025-08-26,True,True,16,10.7,89.1,4.0,William Fox,Support,Customer Success,2024-04-15,7.3,EMP0002,Mumbai
TASK01448,EMP0103,HR,Testing,Critical,2026-01-02,2026-01-08,2026-01-12,True,False,9,6.9,82.2,1.0,Courtney Nguyen,HR,Recruiter,2022-10-17,10.1,EMP0020,Delhi
TASK01449,EMP0028,Support,Documentation,Medium,2025-10-20,2025-10-27,2025-11-01,True,False,33,46.3,91.7,1.0,Michelle Goodwin,Support,Customer Success,2021-09-04,11.4,EMP0011,Bangalore
TASK01450,EMP0052,Engineering,Testing,Low,2025-08-05,2025-08-14,2025-08-18,True,False,5,6.7,81.3,3.0,Patrick Mercer,Engineering,Junior Dev,2021-08-27,2.9,EMP0016,Hyderabad
TASK01451,EMP0080,Sales,Bug Fix,Medium,2025-08-25,2025-09-01,2025-09-06,True,False,29,31.8,75.7,3.0,Leslie Harris,Sales,Sales Lead,2024-02-29,4.1,EMP0004,Delhi
TASK01452,EMP0173,Finance,Documentation,Medium,2025-05-28,2025-06-01,2025-05-30,True,True,21,24.6,75.9,5.0,Jasmine Lewis,Finance,Finance Manager,2022-01-09,1.9,EMP0007,Mumbai
TASK01453,EMP0122,Marketing,Training,High,2025-10-19,2025-10-28,2025-10-27,True,True,23,16.0,77.9,1.0,Erin Dixon,Marketing,SEO Specialist,2026-04-01,8.3,EMP0018,Remote
TASK01454,EMP0012,Finance,Training,Critical,2025-12-10,2025-12-11,2025-12-11,True,True,23,43.0,82.9,1.0,Leslie Ramos,Finance,Analyst,2022-07-08,10.7,EMP0002,Mumbai
TASK01455,EMP0070,Support,Client Call,Medium,2026-03-06,2026-03-15,2026-03-16,True,False,12,21.1,86.3,2.0,Travis Webb,Support,Support Agent,2025-04-03,14.1,EMP0005,Delhi
TASK01456,EMP0130,Marketing,Client Call,Low,2026-02-23,2026-02-26,,False,False,23,0.0,0.0,,Willie Johnson,Marketing,SEO Specialist,2024-07-24,12.6,EMP0016,Bangalore
TASK01457,EMP0056,Sales,Training,Low,2025-07-18,2025-07-30,2025-07-28,True,True,4,7.1,93.8,1.0,Brian Howard,Sales,Sales Rep,2024-02-07,4.8,EMP0002,Remote
TASK01458,EMP0188,Sales,Documentation,Medium,2025-06-19,2025-07-02,2025-07-02,True,True,20,19.0,86.5,2.0,Robert Love,Sales,Sales Lead,2022-11-26,6.8,EMP0016,Bangalore
TASK01459,EMP0064,Sales,Meeting,Low,2026-02-28,2026-03-12,2026-03-16,True,False,27,18.8,81.5,1.0,William Smith,Sales,Account Manager,2025-01-05,6.2,EMP0010,Hyderabad
TASK01460,EMP0124,Engineering,Training,Low,2026-01-17,2026-01-26,2026-01-30,True,False,3,1.6,64.4,5.0,Donna Gutierrez,Engineering,Senior Dev,2022-10-16,5.4,EMP0013,Mumbai
TASK01461,EMP0196,HR,Meeting,Critical,2025-05-04,2025-05-06,2025-05-10,True,False,14,24.5,97.1,3.0,Lisa Martinez,HR,Recruiter,2022-06-20,2.4,EMP0010,Hyderabad
TASK01462,EMP0007,Support,Meeting,Medium,2025-04-19,2025-05-01,2025-05-03,True,False,31,24.9,83.5,5.0,Jacqueline Christensen,Support,Support Lead,2024-08-21,5.4,EMP0005,Mumbai
TASK01463,EMP0054,Engineering,Report,Medium,2026-04-06,2026-04-11,2026-04-12,True,False,28,37.6,51.9,3.0,Melissa Lang,Engineering,Senior Dev,2026-02-22,4.3,EMP0015,Delhi
TASK01464,EMP0059,Engineering,Client Call,Critical,2025-09-19,2025-09-28,2025-10-02,True,False,3,6.0,76.5,3.0,Richard Barker,Engineering,Tech Lead,2021-12-24,1.7,EMP0006,Bangalore
TASK01465,EMP0001,Support,Client Call,High,2025-07-06,2025-07-18,2025-07-19,True,False,38,74.6,80.5,2.0,Robin Doyle,Support,Support Agent,2025-05-21,0.9,EMP0009,Mumbai
TASK01466,EMP0188,Sales,Feature Dev,Medium,2025-08-17,2025-08-25,2025-08-27,True,False,23,16.5,68.5,1.0,Robert Love,Sales,Sales Lead,2022-11-26,6.8,EMP0016,Bangalore
TASK01467,EMP0186,Engineering,Documentation,Medium,2026-02-04,2026-02-08,,False,False,33,0.0,0.0,,Jamie Herman,Engineering,Tech Lead,2022-01-16,12.4,EMP0019,Bangalore
TASK01468,EMP0116,Support,Documentation,Low,2025-10-24,2025-10-31,2025-11-05,True,False,35,55.5,86.8,1.0,Colleen Olsen,Support,Support Lead,2024-05-31,3.9,EMP0011,Delhi
TASK01469,EMP0108,Sales,Client Call,High,2025-10-10,2025-10-15,2025-10-18,True,False,11,6.1,100.0,1.0,Marc Jackson,Sales,Sales Lead,2021-10-26,10.5,EMP0004,Hyderabad
TASK01470,EMP0194,Marketing,Documentation,Low,2025-06-19,2025-06-23,2025-06-28,True,False,36,45.0,82.9,3.0,Jennifer Cain,Marketing,SEO Specialist,2024-03-15,1.3,EMP0017,Delhi
TASK01471,EMP0154,HR,Feature Dev,Medium,2026-01-17,2026-01-25,2026-01-24,True,True,8,9.1,88.5,4.0,Eileen Burns,HR,HR Coordinator,2021-06-08,6.4,EMP0008,Delhi
TASK01472,EMP0161,Finance,Feature Dev,Low,2025-11-13,2025-11-14,2025-11-14,True,True,12,9.6,83.5,1.0,Jessica Scott,Finance,Accountant,2021-09-12,14.7,EMP0007,Delhi
TASK01473,EMP0013,HR,Training,High,2025-09-27,2025-10-05,2025-10-10,True,False,10,16.2,75.5,4.0,James Walker,HR,HR Coordinator,2022-03-19,12.9,EMP0004,Hyderabad
TASK01474,EMP0101,Support,Testing,Medium,2026-01-07,2026-01-12,2026-01-14,True,False,19,24.4,78.8,5.0,Nicholas Keller,Support,Support Lead,2024-09-21,7.2,EMP0015,Mumbai
TASK01475,EMP0119,Marketing,Meeting,Medium,2025-07-15,2025-07-18,2025-07-19,True,False,25,32.0,75.1,4.0,William Campbell,Marketing,SEO Specialist,2023-12-09,8.4,EMP0014,Bangalore
TASK01476,EMP0008,HR,Code Review,Medium,2026-02-11,2026-02-17,,False,False,10,0.0,0.0,,Alison Hayes,HR,HR Coordinator,2022-11-19,1.8,EMP0004,Delhi
TASK01477,EMP0001,Support,Report,Medium,2025-11-20,2025-12-04,2025-12-07,True,False,28,21.5,62.1,1.0,Robin Doyle,Support,Support Agent,2025-05-21,0.9,EMP0009,Mumbai
TASK01478,EMP0008,HR,Training,Critical,2025-04-19,2025-04-20,2025-04-21,True,False,14,21.6,86.0,4.0,Alison Hayes,HR,HR Coordinator,2022-11-19,1.8,EMP0004,Delhi
TASK01479,EMP0149,HR,Training,Medium,2026-01-15,2026-01-16,2026-01-16,True,True,6,6.2,80.4,2.0,Amber Nelson,HR,HR Coordinator,2022-12-28,7.6,EMP0012,Delhi
TASK01480,EMP0157,HR,Meeting,Medium,2025-12-19,2025-12-20,,False,False,19,0.0,0.0,,James Garza,HR,Recruiter,2023-07-31,7.1,EMP0010,Delhi
TASK01481,EMP0186,Engineering,Client Call,High,2025-09-07,2025-09-21,2025-09-23,True,False,25,35.9,83.3,3.0,Jamie Herman,Engineering,Tech Lead,2022-01-16,12.4,EMP0019,Bangalore
TASK01482,EMP0190,Sales,Documentation,Medium,2026-01-03,2026-01-14,2026-01-13,True,True,39,28.4,77.1,3.0,Rachel Francis,Sales,Account Manager,2022-02-28,6.5,EMP0016,Delhi
TASK01483,EMP0072,HR,Meeting,Low,2025-06-18,2025-06-28,2025-07-02,True,False,23,31.4,64.3,5.0,Norman Johnson,HR,Recruiter,2022-01-08,3.6,EMP0011,Mumbai
TASK01484,EMP0077,Engineering,Feature Dev,Medium,2026-03-05,2026-03-13,2026-03-11,True,True,16,31.7,75.7,5.0,Matthew Pitts,Engineering,Junior Dev,2025-08-03,1.6,EMP0005,Remote
TASK01485,EMP0174,HR,Bug Fix,Low,2025-06-07,2025-06-10,2025-06-08,True,True,22,13.6,98.8,2.0,Richard Henry,HR,Recruiter,2023-03-29,1.7,EMP0008,Mumbai
TASK01486,EMP0159,Support,Feature Dev,Medium,2025-05-06,2025-05-14,2025-05-19,True,False,22,21.0,81.0,2.0,Carol Lee,Support,Customer Success,2021-08-08,14.3,EMP0006,Mumbai
TASK01487,EMP0096,HR,Training,Medium,2025-10-10,2025-10-17,2025-10-22,True,False,24,23.2,76.1,3.0,Rachael Li,HR,Recruiter,2026-01-31,12.8,EMP0010,Remote
TASK01488,EMP0109,Sales,Client Call,Medium,2025-05-29,2025-06-08,2025-06-08,True,True,19,29.8,82.7,5.0,Scott Ewing,Sales,Sales Rep,2022-04-09,12.2,EMP0017,Hyderabad
TASK01489,EMP0181,Support,Testing,Medium,2025-10-13,2025-10-25,2025-10-24,True,True,37,68.4,87.5,2.0,Joanne Hall,Support,Customer Success,2021-11-21,13.9,EMP0015,Bangalore
TASK01490,EMP0007,Support,Training,Low,2025-05-17,2025-05-23,2025-05-26,True,False,29,23.8,78.8,2.0,Jacqueline Christensen,Support,Support Lead,2024-08-21,5.4,EMP0005,Mumbai
TASK01491,EMP0187,Sales,Documentation,Medium,2026-01-17,2026-01-20,,False,False,2,0.0,0.0,,Daniel Nguyen,Sales,Account Manager,2022-08-03,8.0,EMP0015,Delhi
TASK01492,EMP0126,Marketing,Testing,Medium,2026-02-22,2026-03-03,2026-03-05,True,False,23,14.7,81.8,3.0,Sarah Cervantes,Marketing,Marketing Manager,2024-12-01,8.7,EMP0001,Bangalore
TASK01493,EMP0074,HR,Client Call,Medium,2025-09-01,2025-09-02,2025-09-02,True,True,19,27.8,71.0,1.0,Sheena Chandler,HR,HR Coordinator,2024-05-03,1.8,EMP0014,Delhi
TASK01494,EMP0191,Support,Report,Critical,2025-05-09,2025-05-21,2025-05-19,True,True,38,65.9,97.1,5.0,Tamara Ramirez,Support,Support Lead,2021-06-04,12.3,EMP0018,Bangalore
TASK01495,EMP0194,Marketing,Code Review,Medium,2025-09-15,2025-09-23,2025-09-22,True,True,4,4.2,86.6,2.0,Jennifer Cain,Marketing,SEO Specialist,2024-03-15,1.3,EMP0017,Delhi
TASK01496,EMP0168,Support,Bug Fix,High,2025-11-24,2025-11-27,2025-11-26,True,True,5,5.8,83.1,3.0,Jon Porter,Support,Customer Success,2022-05-12,1.3,EMP0005,Remote
TASK01497,EMP0069,Finance,Testing,Low,2026-04-06,2026-04-15,2026-04-16,True,False,3,3.0,73.5,2.0,Christian Henry,Finance,Finance Manager,2022-05-02,8.2,EMP0018,Delhi
TASK01498,EMP0107,Support,Client Call,Critical,2025-09-05,2025-09-15,2025-09-18,True,False,35,18.2,80.0,4.0,Lisa Shepard,Support,Customer Success,2024-05-01,6.1,EMP0013,Mumbai
TASK01499,EMP0049,Sales,Meeting,High,2025-10-18,2025-10-29,2025-10-30,True,False,34,24.5,99.9,1.0,Todd Adams,Sales,Sales Rep,2022-10-12,8.3,EMP0005,Hyderabad
TASK01500,EMP0192,Marketing,Bug Fix,Low,2025-11-13,2025-11-14,2025-11-15,True,False,34,37.9,87.7,3.0,Jordan Barr,Marketing,Content Writer,2023-02-20,5.1,EMP0011,Bangalore
TASK01501,EMP0191,Support,Feature Dev,Low,2026-01-10,2026-01-16,2026-01-21,True,False,38,66.7,89.5,5.0,Tamara Ramirez,Support,Support Lead,2021-06-04,12.3,EMP0018,Bangalore
TASK01502,EMP0096,HR,Code Review,Critical,2025-10-07,2025-10-09,2025-10-08,True,True,13,20.7,63.6,3.0,Rachael Li,HR,Recruiter,2026-01-31,12.8,EMP0010,Remote
TASK01503,EMP0084,HR,Report,Medium,2026-02-25,2026-02-26,2026-02-26,True,True,15,21.9,92.0,1.0,Rachel Huang,HR,HR Coordinator,2025-07-18,11.9,EMP0004,Hyderabad
TASK01504,EMP0075,Engineering,Client Call,High,2025-06-22,2025-06-26,2025-06-27,True,False,10,9.7,89.1,3.0,Deborah Ramos,Engineering,Junior Dev,2025-09-30,5.3,EMP0005,Delhi
TASK01505,EMP0094,Finance,Meeting,Low,2025-12-31,2026-01-03,2026-01-07,True,False,16,28.0,99.5,2.0,Anthony Nelson,Finance,Finance Manager,2025-10-25,10.9,EMP0007,Delhi
TASK01506,EMP0184,Engineering,Testing,Low,2025-05-18,2025-05-23,2025-05-28,True,False,18,11.5,84.3,5.0,Steven Barton,Engineering,Senior Dev,2022-12-06,11.2,EMP0020,Delhi
TASK01507,EMP0108,Sales,Client Call,Medium,2026-01-31,2026-02-13,2026-02-18,True,False,12,6.7,82.0,2.0,Marc Jackson,Sales,Sales Lead,2021-10-26,10.5,EMP0004,Hyderabad
TASK01508,EMP0197,Support,Testing,Medium,2025-10-03,2025-10-07,,False,False,29,0.0,0.0,,Julie Snow,Support,Support Lead,2025-07-03,2.3,EMP0020,Mumbai
TASK01509,EMP0081,Finance,Training,Medium,2025-10-29,2025-11-09,2025-11-10,True,False,23,35.6,82.1,5.0,Kevin Berry,Finance,Accountant,2026-02-20,14.6,EMP0005,Mumbai
TASK01510,EMP0087,HR,Meeting,High,2025-11-18,2025-12-01,2025-12-02,True,False,18,14.9,100.0,1.0,Anthony Young,HR,HR Manager,2025-12-13,13.0,EMP0009,Delhi
TASK01511,EMP0077,Engineering,Testing,Critical,2025-08-21,2025-08-30,2025-08-30,True,True,32,22.7,82.9,3.0,Matthew Pitts,Engineering,Junior Dev,2025-08-03,1.6,EMP0005,Remote
TASK01512,EMP0076,Sales,Testing,Medium,2025-12-11,2025-12-22,2025-12-20,True,True,22,34.1,92.3,1.0,Brianna Black,Sales,Sales Lead,2024-03-04,6.9,EMP0014,Remote
TASK01513,EMP0011,Finance,Meeting,Low,2026-03-04,2026-03-12,2026-03-11,True,True,13,24.3,82.5,2.0,Brenda Walter,Finance,Accountant,2025-01-27,12.5,EMP0020,Delhi
TASK01514,EMP0117,Finance,Client Call,Medium,2025-10-22,2025-10-25,2025-10-30,True,False,31,43.1,73.9,4.0,Gregory Christensen,Finance,Analyst,2022-01-23,2.5,EMP0008,Hyderabad
TASK01515,EMP0064,Sales,Client Call,Medium,2025-10-17,2025-10-21,2025-10-24,True,False,40,40.3,79.6,3.0,William Smith,Sales,Account Manager,2025-01-05,6.2,EMP0010,Hyderabad
TASK01516,EMP0103,HR,Meeting,Low,2025-10-16,2025-10-20,2025-10-19,True,True,28,31.9,78.8,5.0,Courtney Nguyen,HR,Recruiter,2022-10-17,10.1,EMP0020,Delhi
TASK01517,EMP0128,Engineering,Training,Medium,2025-11-13,2025-11-14,2025-11-14,True,True,21,38.4,78.9,2.0,Jennifer Perez,Engineering,Senior Dev,2025-09-24,6.0,EMP0007,Hyderabad
TASK01518,EMP0177,HR,Bug Fix,Critical,2025-11-26,2025-12-06,2025-12-06,True,True,23,38.7,66.2,1.0,Douglas Yates,HR,Recruiter,2023-01-07,4.6,EMP0015,Bangalore
TASK01519,EMP0164,HR,Report,Medium,2025-07-16,2025-07-29,2025-08-01,True,False,31,33.9,84.0,1.0,Jennifer Powers,HR,Recruiter,2024-04-02,14.2,EMP0016,Bangalore
TASK01520,EMP0132,Support,Meeting,Medium,2025-07-01,2025-07-05,,False,False,21,0.0,0.0,,Amanda Nichols,Support,Support Agent,2024-05-02,11.8,EMP0002,Bangalore
TASK01521,EMP0144,Support,Code Review,Low,2025-05-13,2025-05-17,2025-05-21,True,False,7,11.1,85.6,5.0,John Duncan,Support,Support Agent,2021-08-27,6.8,EMP0017,Delhi
TASK01522,EMP0186,Engineering,Training,High,2025-08-15,2025-08-21,2025-08-21,True,True,24,15.6,67.3,4.0,Jamie Herman,Engineering,Tech Lead,2022-01-16,12.4,EMP0019,Bangalore
TASK01523,EMP0019,Engineering,Feature Dev,Medium,2025-04-20,2025-04-28,2025-05-03,True,False,17,28.0,75.6,4.0,Christopher Lester,Engineering,Senior Dev,2024-07-20,6.3,EMP0003,Mumbai
TASK01524,EMP0194,Marketing,Testing,Low,2026-02-14,2026-02-27,,False,False,27,0.0,0.0,,Jennifer Cain,Marketing,SEO Specialist,2024-03-15,1.3,EMP0017,Delhi
TASK01525,EMP0108,Sales,Feature Dev,High,2025-04-15,2025-04-29,2025-05-03,True,False,40,43.6,80.6,3.0,Marc Jackson,Sales,Sales Lead,2021-10-26,10.5,EMP0004,Hyderabad
TASK01526,EMP0023,Finance,Documentation,Medium,2025-04-16,2025-04-28,,False,False,3,0.0,0.0,,Matthew Fisher,Finance,Accountant,2026-01-31,5.7,EMP0005,Remote
TASK01527,EMP0018,Support,Bug Fix,High,2025-09-09,2025-09-12,2025-09-15,True,False,25,25.2,82.7,5.0,Sarah Mann,Support,Support Lead,2023-06-05,12.7,EMP0002,Mumbai
TASK01528,EMP0156,HR,Code Review,Medium,2025-10-19,2025-10-26,,False,False,16,0.0,0.0,,Jason Jarvis,HR,HR Manager,2026-01-05,15.0,EMP0018,Delhi
TASK01529,EMP0182,Marketing,Code Review,Medium,2026-03-22,2026-03-23,2026-03-27,True,False,7,7.1,77.6,4.0,Alexander Garcia,Marketing,Marketing Manager,2021-10-21,4.9,EMP0013,Delhi
TASK01530,EMP0092,Finance,Client Call,Low,2026-01-22,2026-01-27,2026-02-01,True,False,4,3.6,73.0,2.0,Bryce Valentine,Finance,Analyst,2021-09-30,6.1,EMP0019,Mumbai
TASK01531,EMP0178,Support,Testing,Low,2025-11-10,2025-11-21,2025-11-20,True,True,31,53.0,97.1,1.0,Thomas Hernandez,Support,Support Agent,2025-01-27,13.9,EMP0019,Mumbai
TASK01532,EMP0119,Marketing,Training,Medium,2025-10-01,2025-10-08,2025-10-06,True,True,12,11.7,78.4,4.0,William Campbell,Marketing,SEO Specialist,2023-12-09,8.4,EMP0014,Bangalore
TASK01533,EMP0043,Engineering,Meeting,Medium,2026-03-13,2026-03-14,2026-03-18,True,False,29,48.1,84.5,4.0,Melinda Zuniga,Engineering,Senior Dev,2023-04-19,1.5,EMP0008,Delhi
TASK01534,EMP0161,Finance,Report,Low,2025-12-19,2025-12-30,2026-01-04,True,False,34,36.0,91.2,3.0,Jessica Scott,Finance,Accountant,2021-09-12,14.7,EMP0007,Delhi
TASK01535,EMP0090,Finance,Client Call,High,2025-10-06,2025-10-12,2025-10-12,True,True,29,37.6,72.6,1.0,Joann Sanders,Finance,Accountant,2023-07-16,1.1,EMP0020,Hyderabad
TASK01536,EMP0164,HR,Meeting,Low,2025-12-08,2025-12-14,,False,False,39,0.0,0.0,,Jennifer Powers,HR,Recruiter,2024-04-02,14.2,EMP0016,Bangalore
TASK01537,EMP0071,Engineering,Meeting,Low,2025-04-15,2025-04-29,2025-05-04,True,False,29,16.6,67.9,1.0,Elizabeth Decker,Engineering,Junior Dev,2025-10-02,11.3,EMP0005,Delhi
TASK01538,EMP0195,Finance,Meeting,Low,2025-08-19,2025-08-27,2025-08-25,True,True,40,61.2,72.1,4.0,Andrea Davidson,Finance,Accountant,2023-12-10,9.6,EMP0002,Mumbai
TASK01539,EMP0172,Finance,Meeting,Medium,2025-12-06,2025-12-11,2025-12-09,True,True,36,32.4,100.0,3.0,Denise Medina,Finance,Accountant,2022-08-13,4.9,EMP0020,Bangalore
TASK01540,EMP0184,Engineering,Bug Fix,Medium,2026-04-10,2026-04-18,2026-04-16,True,True,40,26.7,54.7,5.0,Steven Barton,Engineering,Senior Dev,2022-12-06,11.2,EMP0020,Delhi
TASK01541,EMP0162,Sales,Report,High,2026-01-17,2026-01-21,2026-01-20,True,True,10,15.9,100.0,4.0,Gregory Parker,Sales,Account Manager,2021-08-22,3.1,EMP0001,Remote
TASK01542,EMP0130,Marketing,Training,High,2026-02-19,2026-02-25,,False,False,17,0.0,0.0,,Willie Johnson,Marketing,SEO Specialist,2024-07-24,12.6,EMP0016,Bangalore
TASK01543,EMP0029,HR,Feature Dev,Medium,2025-04-18,2025-04-19,2025-04-22,True,False,4,2.9,78.6,4.0,Daniel Lewis,HR,HR Manager,2023-12-07,2.8,EMP0001,Delhi
TASK01544,EMP0106,Engineering,Code Review,Medium,2025-05-28,2025-06-09,2025-06-11,True,False,29,31.9,61.8,3.0,Jennifer Young,Engineering,Senior Dev,2024-12-07,6.5,EMP0019,Mumbai
TASK01545,EMP0025,Support,Feature Dev,High,2026-01-19,2026-01-31,,False,False,29,0.0,0.0,,Shannon Orozco,Support,Support Agent,2022-02-25,12.0,EMP0014,Remote
TASK01546,EMP0059,Engineering,Documentation,High,2025-06-09,2025-06-19,2025-06-21,True,False,34,44.5,68.6,1.0,Richard Barker,Engineering,Tech Lead,2021-12-24,1.7,EMP0006,Bangalore
TASK01547,EMP0154,HR,Code Review,Medium,2026-04-05,2026-04-13,2026-04-17,True,False,19,30.8,79.6,3.0,Eileen Burns,HR,HR Coordinator,2021-06-08,6.4,EMP0008,Delhi
TASK01548,EMP0014,HR,Client Call,Medium,2025-11-14,2025-11-15,2025-11-15,True,True,20,18.2,77.2,2.0,Kathryn Perez,HR,HR Manager,2023-11-12,9.7,EMP0012,Mumbai
TASK01549,EMP0138,Support,Testing,Low,2025-05-25,2025-06-01,2025-06-03,True,False,19,22.7,72.6,1.0,Joshua Martinez,Support,Support Lead,2022-02-25,6.3,EMP0007,Bangalore
TASK01550,EMP0009,HR,Report,Low,2025-07-28,2025-07-29,2025-07-30,True,False,6,8.5,73.9,5.0,Ryan Norman DVM,HR,Recruiter,2023-01-14,4.3,EMP0002,Hyderabad
TASK01551,EMP0187,Sales,Bug Fix,Medium,2026-01-11,2026-01-21,2026-01-25,True,False,32,60.6,100.0,3.0,Daniel Nguyen,Sales,Account Manager,2022-08-03,8.0,EMP0015,Delhi
TASK01552,EMP0001,Support,Report,Medium,2025-11-04,2025-11-10,2025-11-10,True,True,31,55.2,67.3,2.0,Robin Doyle,Support,Support Agent,2025-05-21,0.9,EMP0009,Mumbai
TASK01553,EMP0113,Finance,Feature Dev,Medium,2025-08-27,2025-08-30,2025-09-01,True,False,27,14.8,66.1,4.0,Carl Webb,Finance,Accountant,2025-10-13,13.5,EMP0016,Hyderabad
TASK01554,EMP0182,Marketing,Testing,Medium,2026-04-06,2026-04-12,2026-04-15,True,False,21,19.7,86.7,4.0,Alexander Garcia,Marketing,Marketing Manager,2021-10-21,4.9,EMP0013,Delhi
TASK01555,EMP0167,Engineering,Client Call,Medium,2025-09-12,2025-09-13,2025-09-13,True,True,24,32.3,63.3,1.0,Melissa Williams,Engineering,Junior Dev,2023-03-17,6.3,EMP0003,Remote
TASK01556,EMP0117,Finance,Training,High,2025-11-28,2025-12-03,2025-12-08,True,False,17,18.1,71.3,2.0,Gregory Christensen,Finance,Analyst,2022-01-23,2.5,EMP0008,Hyderabad
TASK01557,EMP0113,Finance,Feature Dev,Medium,2025-11-27,2025-12-11,2025-12-15,True,False,15,12.3,89.3,5.0,Carl Webb,Finance,Accountant,2025-10-13,13.5,EMP0016,Hyderabad
TASK01558,EMP0135,Sales,Documentation,Low,2025-05-18,2025-06-01,2025-06-05,True,False,37,41.2,69.2,4.0,Jack Clark,Sales,Account Manager,2022-02-08,10.6,EMP0012,Mumbai
TASK01559,EMP0056,Sales,Testing,Critical,2025-05-13,2025-05-18,2025-05-21,True,False,8,12.0,99.3,5.0,Brian Howard,Sales,Sales Rep,2024-02-07,4.8,EMP0002,Remote
TASK01560,EMP0087,HR,Meeting,Medium,2025-08-23,2025-08-30,2025-09-03,True,False,33,54.0,76.9,4.0,Anthony Young,HR,HR Manager,2025-12-13,13.0,EMP0009,Delhi
TASK01561,EMP0085,Engineering,Testing,Low,2025-04-18,2025-05-02,2025-05-04,True,False,2,2.6,74.7,4.0,Natalie Rice,Engineering,Senior Dev,2025-09-12,3.7,EMP0015,Delhi
TASK01562,EMP0066,Engineering,Client Call,Medium,2026-04-05,2026-04-16,,False,False,26,0.0,0.0,,Miguel Jimenez,Engineering,Junior Dev,2025-01-20,8.3,EMP0017,Delhi
TASK01563,EMP0124,Engineering,Training,Critical,2025-04-16,2025-04-23,2025-04-21,True,True,16,11.3,80.5,1.0,Donna Gutierrez,Engineering,Senior Dev,2022-10-16,5.4,EMP0013,Mumbai
TASK01564,EMP0122,Marketing,Code Review,Medium,2026-04-09,2026-04-21,2026-04-19,True,True,22,31.1,57.9,5.0,Erin Dixon,Marketing,SEO Specialist,2026-04-01,8.3,EMP0018,Remote
TASK01565,EMP0096,HR,Client Call,Medium,2026-04-09,2026-04-20,2026-04-23,True,False,3,4.8,92.3,5.0,Rachael Li,HR,Recruiter,2026-01-31,12.8,EMP0010,Remote
TASK01566,EMP0155,Support,Documentation,Medium,2025-06-27,2025-07-01,2025-07-01,True,True,31,32.7,62.6,2.0,Kimberly Krueger,Support,Customer Success,2025-06-09,5.9,EMP0018,Remote
TASK01567,EMP0186,Engineering,Code Review,Medium,2026-04-15,2026-04-27,,False,False,22,0.0,0.0,,Jamie Herman,Engineering,Tech Lead,2022-01-16,12.4,EMP0019,Bangalore
TASK01568,EMP0111,Sales,Report,Low,2025-11-12,2025-11-13,2025-11-18,True,False,31,26.9,83.6,2.0,Alex Carter,Sales,Account Manager,2026-04-03,10.2,EMP0018,Remote
TASK01569,EMP0001,Support,Code Review,High,2025-05-21,2025-05-29,2025-05-28,True,True,40,70.3,74.3,2.0,Robin Doyle,Support,Support Agent,2025-05-21,0.9,EMP0009,Mumbai
TASK01570,EMP0128,Engineering,Report,Medium,2026-04-09,2026-04-11,2026-04-10,True,True,28,50.4,80.4,4.0,Jennifer Perez,Engineering,Senior Dev,2025-09-24,6.0,EMP0007,Hyderabad
TASK01571,EMP0070,Support,Feature Dev,Low,2025-09-20,2025-09-27,,False,False,36,0.0,0.0,,Travis Webb,Support,Support Agent,2025-04-03,14.1,EMP0005,Delhi
TASK01572,EMP0026,Engineering,Bug Fix,High,2025-07-12,2025-07-22,2025-07-20,True,True,30,36.6,91.4,3.0,Calvin Kane,Engineering,Senior Dev,2023-09-23,6.0,EMP0015,Remote
TASK01573,EMP0188,Sales,Training,High,2025-09-01,2025-09-15,2025-09-13,True,True,25,27.5,87.7,4.0,Robert Love,Sales,Sales Lead,2022-11-26,6.8,EMP0016,Bangalore
TASK01574,EMP0197,Support,Feature Dev,Medium,2025-12-21,2025-12-23,2025-12-25,True,False,39,63.6,71.2,2.0,Julie Snow,Support,Support Lead,2025-07-03,2.3,EMP0020,Mumbai
TASK01575,EMP0104,Engineering,Feature Dev,Medium,2025-04-23,2025-05-04,2025-05-05,True,False,32,26.1,67.7,3.0,Roy Schultz,Engineering,Junior Dev,2024-12-17,10.3,EMP0008,Mumbai
TASK01576,EMP0123,Sales,Testing,Medium,2026-02-14,2026-02-16,2026-02-21,True,False,17,27.8,63.8,3.0,Collin Weber,Sales,Account Manager,2024-12-22,3.7,EMP0014,Hyderabad
TASK01577,EMP0022,Support,Bug Fix,Medium,2026-03-16,2026-03-22,2026-03-24,True,False,38,34.7,64.6,2.0,Christina Hutchinson,Support,Customer Success,2025-04-14,8.3,EMP0019,Hyderabad
TASK01578,EMP0011,Finance,Meeting,Low,2025-08-17,2025-08-22,2025-08-25,True,False,38,39.7,87.8,3.0,Brenda Walter,Finance,Accountant,2025-01-27,12.5,EMP0020,Delhi
TASK01579,EMP0058,Engineering,Meeting,Critical,2025-09-22,2025-09-25,2025-09-27,True,False,32,50.2,71.2,2.0,Benjamin Buchanan,Engineering,Tech Lead,2024-02-09,7.4,EMP0017,Mumbai
TASK01580,EMP0062,Finance,Documentation,High,2025-07-05,2025-07-17,2025-07-19,True,False,26,23.0,72.4,1.0,Gloria Rodriguez,Finance,Analyst,2024-03-03,6.6,EMP0019,Remote
TASK01581,EMP0055,Marketing,Training,High,2026-01-05,2026-01-15,2026-01-13,True,True,18,18.8,85.0,5.0,Pamela Powell,Marketing,Marketing Manager,2025-02-16,14.4,EMP0018,Hyderabad
TASK01582,EMP0127,Support,Code Review,Medium,2026-02-07,2026-02-17,,False,False,24,0.0,0.0,,Timothy Stewart,Support,Support Lead,2022-10-07,2.5,EMP0015,Mumbai
TASK01583,EMP0182,Marketing,Report,Medium,2026-03-17,2026-03-26,2026-03-29,True,False,26,46.8,97.4,2.0,Alexander Garcia,Marketing,Marketing Manager,2021-10-21,4.9,EMP0013,Delhi
TASK01584,EMP0015,HR,Feature Dev,High,2025-12-23,2025-12-31,2026-01-04,True,False,2,3.0,81.5,3.0,Whitney Vaughn,HR,HR Manager,2025-01-09,3.5,EMP0009,Bangalore
TASK01585,EMP0066,Engineering,Feature Dev,Low,2025-04-17,2025-04-21,2025-04-23,True,False,40,66.7,84.3,2.0,Miguel Jimenez,Engineering,Junior Dev,2025-01-20,8.3,EMP0017,Delhi
TASK01586,EMP0155,Support,Documentation,Medium,2026-01-18,2026-01-26,2026-01-24,True,True,35,64.7,79.7,3.0,Kimberly Krueger,Support,Customer Success,2025-06-09,5.9,EMP0018,Remote
TASK01587,EMP0098,Finance,Training,Medium,2025-07-15,2025-07-22,2025-07-25,True,False,34,20.4,60.6,5.0,Angela Aguilar,Finance,Analyst,2022-06-15,3.3,EMP0013,Mumbai
TASK01588,EMP0113,Finance,Documentation,High,2025-12-09,2025-12-18,2025-12-16,True,True,30,40.5,73.4,2.0,Carl Webb,Finance,Accountant,2025-10-13,13.5,EMP0016,Hyderabad
TASK01589,EMP0157,HR,Report,Low,2025-10-03,2025-10-15,2025-10-16,True,False,16,24.6,63.2,2.0,James Garza,HR,Recruiter,2023-07-31,7.1,EMP0010,Delhi
TASK01590,EMP0169,HR,Feature Dev,Low,2026-03-24,2026-04-03,2026-04-05,True,False,7,11.3,79.1,2.0,Brian Davis,HR,HR Coordinator,2023-06-14,14.9,EMP0004,Remote
TASK01591,EMP0093,HR,Report,Medium,2025-07-17,2025-07-18,2025-07-19,True,False,39,64.1,98.3,4.0,Terri Grimes,HR,HR Coordinator,2025-11-19,10.8,EMP0001,Remote
TASK01592,EMP0174,HR,Report,Low,2025-11-27,2025-12-10,2025-12-09,True,True,14,17.0,87.1,1.0,Richard Henry,HR,Recruiter,2023-03-29,1.7,EMP0008,Mumbai
TASK01593,EMP0107,Support,Bug Fix,Medium,2025-06-17,2025-06-19,2025-06-20,True,False,40,49.2,66.7,5.0,Lisa Shepard,Support,Customer Success,2024-05-01,6.1,EMP0013,Mumbai
TASK01594,EMP0111,Sales,Report,Medium,2025-09-23,2025-09-25,2025-09-30,True,False,14,19.4,97.2,1.0,Alex Carter,Sales,Account Manager,2026-04-03,10.2,EMP0018,Remote
TASK01595,EMP0135,Sales,Report,Low,2025-11-26,2025-12-03,2025-12-08,True,False,13,12.9,82.1,5.0,Jack Clark,Sales,Account Manager,2022-02-08,10.6,EMP0012,Mumbai
TASK01596,EMP0059,Engineering,Training,Low,2025-07-19,2025-07-30,2025-07-31,True,False,23,21.0,86.5,5.0,Richard Barker,Engineering,Tech Lead,2021-12-24,1.7,EMP0006,Bangalore
TASK01597,EMP0039,Support,Training,Medium,2026-02-12,2026-02-20,2026-02-20,True,True,33,16.8,76.2,4.0,Katherine Stanley,Support,Customer Success,2023-08-12,5.9,EMP0017,Hyderabad
TASK01598,EMP0154,HR,Report,Medium,2025-07-08,2025-07-11,2025-07-15,True,False,21,13.5,85.6,3.0,Eileen Burns,HR,HR Coordinator,2021-06-08,6.4,EMP0008,Delhi
TASK01599,EMP0172,Finance,Documentation,Medium,2025-07-02,2025-07-11,2025-07-12,True,False,8,13.2,80.7,3.0,Denise Medina,Finance,Accountant,2022-08-13,4.9,EMP0020,Bangalore
TASK01600,EMP0061,Engineering,Documentation,Medium,2026-01-24,2026-01-30,2026-02-04,True,False,8,12.2,92.7,5.0,Maria Rodriguez,Engineering,Tech Lead,2024-02-04,4.1,EMP0020,Bangalore
TASK01601,EMP0102,Finance,Code Review,Medium,2025-07-23,2025-07-29,2025-08-02,True,False,12,21.3,83.6,3.0,Kimberly Brown,Finance,Accountant,2022-08-11,12.0,EMP0006,Bangalore
TASK01602,EMP0034,HR,Meeting,Critical,2025-05-02,2025-05-10,2025-05-14,True,False,19,16.0,78.3,4.0,Jeffery Griffith,HR,HR Coordinator,2023-08-25,1.3,EMP0019,Bangalore
TASK01603,EMP0121,Finance,Testing,Critical,2026-02-24,2026-03-10,2026-03-10,True,True,21,21.0,74.5,3.0,Michael Dyer,Finance,Accountant,2023-05-31,7.4,EMP0012,Delhi
TASK01604,EMP0073,Support,Client Call,Medium,2026-02-16,2026-02-23,2026-02-27,True,False,2,3.3,79.2,1.0,Courtney Reyes,Support,Customer Success,2023-02-03,12.9,EMP0017,Hyderabad
TASK01605,EMP0052,Engineering,Bug Fix,Critical,2025-09-07,2025-09-13,2025-09-13,True,True,31,51.2,64.0,2.0,Patrick Mercer,Engineering,Junior Dev,2021-08-27,2.9,EMP0016,Hyderabad
TASK01606,EMP0115,Marketing,Client Call,Low,2025-12-17,2025-12-29,2026-01-01,True,False,3,2.9,77.4,3.0,Jessica Moore,Marketing,Marketing Manager,2022-03-28,4.0,EMP0015,Bangalore
TASK01607,EMP0169,HR,Meeting,Medium,2026-02-05,2026-02-17,2026-02-18,True,False,34,39.4,100.0,1.0,Brian Davis,HR,HR Coordinator,2023-06-14,14.9,EMP0004,Remote
TASK01608,EMP0053,Sales,Bug Fix,Low,2025-05-07,2025-05-10,2025-05-15,True,False,39,47.0,84.5,4.0,Charlotte Wells DVM,Sales,Account Manager,2023-06-24,13.6,EMP0006,Hyderabad
TASK01609,EMP0138,Support,Bug Fix,Medium,2025-09-23,2025-10-05,2025-10-07,True,False,40,55.2,88.9,1.0,Joshua Martinez,Support,Support Lead,2022-02-25,6.3,EMP0007,Bangalore
TASK01610,EMP0002,Sales,Feature Dev,Low,2026-01-15,2026-01-21,2026-01-24,True,False,30,56.6,86.7,4.0,Anthony Reed,Sales,Sales Rep,2022-02-09,11.2,EMP0018,Bangalore
TASK01611,EMP0036,Sales,Meeting,Low,2025-08-07,2025-08-19,2025-08-23,True,False,11,19.9,76.8,5.0,Jamie Swanson,Sales,Sales Rep,2023-10-11,10.1,EMP0018,Mumbai
TASK01612,EMP0168,Support,Meeting,Low,2026-03-16,2026-03-18,2026-03-21,True,False,38,50.2,66.4,5.0,Jon Porter,Support,Customer Success,2022-05-12,1.3,EMP0005,Remote
TASK01613,EMP0126,Marketing,Testing,Medium,2025-12-21,2025-12-26,2025-12-26,True,True,6,10.8,74.7,3.0,Sarah Cervantes,Marketing,Marketing Manager,2024-12-01,8.7,EMP0001,Bangalore
TASK01614,EMP0151,Engineering,Documentation,Critical,2025-11-02,2025-11-10,2025-11-11,True,False,13,12.8,92.8,4.0,Tony Allen,Engineering,Tech Lead,2025-03-10,14.2,EMP0003,Mumbai
TASK01615,EMP0184,Engineering,Bug Fix,Medium,2025-04-22,2025-04-26,2025-04-28,True,False,18,25.3,77.7,2.0,Steven Barton,Engineering,Senior Dev,2022-12-06,11.2,EMP0020,Delhi
TASK01616,EMP0178,Support,Bug Fix,Low,2025-12-07,2025-12-14,2025-12-19,True,False,5,8.7,99.3,5.0,Thomas Hernandez,Support,Support Agent,2025-01-27,13.9,EMP0019,Mumbai
TASK01617,EMP0081,Finance,Testing,Medium,2025-08-12,2025-08-22,2025-08-20,True,True,34,61.5,86.7,5.0,Kevin Berry,Finance,Accountant,2026-02-20,14.6,EMP0005,Mumbai
TASK01618,EMP0065,HR,Training,Medium,2025-12-24,2026-01-03,2026-01-02,True,True,6,8.1,78.1,1.0,Richard Davis,HR,HR Coordinator,2022-04-18,0.6,EMP0020,Remote
TASK01619,EMP0122,Marketing,Documentation,Medium,2025-09-21,2025-10-04,2025-10-03,True,True,38,71.6,72.6,1.0,Erin Dixon,Marketing,SEO Specialist,2026-04-01,8.3,EMP0018,Remote
TASK01620,EMP0169,HR,Code Review,High,2026-02-22,2026-03-01,2026-03-06,True,False,30,55.0,93.3,3.0,Brian Davis,HR,HR Coordinator,2023-06-14,14.9,EMP0004,Remote
TASK01621,EMP0028,Support,Client Call,Low,2025-10-07,2025-10-18,2025-10-23,True,False,35,58.5,75.1,1.0,Michelle Goodwin,Support,Customer Success,2021-09-04,11.4,EMP0011,Bangalore
TASK01622,EMP0048,Engineering,Testing,Medium,2025-05-09,2025-05-14,2025-05-18,True,False,3,1.5,54.0,4.0,John Martin,Engineering,Senior Dev,2022-11-09,11.1,EMP0004,Mumbai
TASK01623,EMP0096,HR,Documentation,Low,2025-06-22,2025-07-06,2025-07-09,True,False,36,42.7,70.8,5.0,Rachael Li,HR,Recruiter,2026-01-31,12.8,EMP0010,Remote
TASK01624,EMP0086,HR,Documentation,Critical,2026-01-31,2026-02-12,2026-02-12,True,True,14,23.2,77.1,3.0,Kelly Rios DDS,HR,HR Coordinator,2022-07-03,3.7,EMP0007,Hyderabad
TASK01625,EMP0011,Finance,Feature Dev,Low,2026-04-02,2026-04-03,2026-04-03,True,True,10,13.1,70.2,3.0,Brenda Walter,Finance,Accountant,2025-01-27,12.5,EMP0020,Delhi
TASK01626,EMP0029,HR,Meeting,High,2025-10-03,2025-10-07,2025-10-08,True,False,21,15.6,76.1,2.0,Daniel Lewis,HR,HR Manager,2023-12-07,2.8,EMP0001,Delhi
TASK01627,EMP0074,HR,Report,Critical,2025-07-24,2025-07-28,2025-07-26,True,True,10,18.2,85.7,1.0,Sheena Chandler,HR,HR Coordinator,2024-05-03,1.8,EMP0014,Delhi
TASK01628,EMP0005,Support,Report,High,2026-01-24,2026-01-31,2026-02-01,True,False,26,14.9,72.8,4.0,Samantha Lindsey,Support,Customer Success,2025-06-06,10.7,EMP0014,Mumbai
TASK01629,EMP0026,Engineering,Training,Low,2025-05-05,2025-05-18,2025-05-17,True,True,7,13.7,66.3,5.0,Calvin Kane,Engineering,Senior Dev,2023-09-23,6.0,EMP0015,Remote
TASK01630,EMP0078,Engineering,Testing,High,2026-01-01,2026-01-03,2026-01-04,True,False,9,17.2,79.0,3.0,Angela Stone,Engineering,Senior Dev,2024-09-17,8.9,EMP0005,Hyderabad
TASK01631,EMP0163,Sales,Testing,Medium,2025-08-15,2025-08-19,,False,False,34,0.0,0.0,,Drew Mckinney,Sales,Account Manager,2021-11-24,1.2,EMP0002,Remote
TASK01632,EMP0153,Support,Client Call,Medium,2026-01-12,2026-01-21,2026-01-26,True,False,3,1.5,96.1,4.0,James Johnson,Support,Customer Success,2022-11-28,7.6,EMP0001,Bangalore
TASK01633,EMP0163,Sales,Meeting,Critical,2026-01-10,2026-01-12,2026-01-14,True,False,6,6.9,95.5,2.0,Drew Mckinney,Sales,Account Manager,2021-11-24,1.2,EMP0002,Remote
TASK01634,EMP0062,Finance,Meeting,Critical,2025-12-11,2025-12-13,2025-12-17,True,False,32,16.8,87.7,3.0,Gloria Rodriguez,Finance,Analyst,2024-03-03,6.6,EMP0019,Remote
TASK01635,EMP0141,Finance,Code Review,Low,2025-06-26,2025-07-10,2025-07-08,True,True,10,12.8,82.8,4.0,William Green,Finance,Analyst,2023-01-12,5.5,EMP0014,Delhi
TASK01636,EMP0110,Engineering,Client Call,High,2026-03-28,2026-03-29,2026-03-30,True,False,20,21.2,63.1,2.0,Mary Richards,Engineering,Tech Lead,2026-04-14,4.1,EMP0004,Hyderabad
TASK01637,EMP0038,Finance,Code Review,Medium,2026-03-02,2026-03-05,,False,False,11,0.0,0.0,,Matthew Hughes,Finance,Finance Manager,2025-03-08,10.5,EMP0010,Hyderabad
TASK01638,EMP0024,Marketing,Client Call,Medium,2025-05-03,2025-05-05,2025-05-04,True,True,33,26.6,76.9,3.0,Briana Dawson,Marketing,Content Writer,2023-01-29,11.5,EMP0004,Mumbai
TASK01639,EMP0042,Engineering,Report,Critical,2026-03-20,2026-03-25,2026-03-23,True,True,3,3.0,70.3,1.0,Elizabeth Hayes,Engineering,Tech Lead,2024-12-22,9.7,EMP0008,Bangalore
TASK01640,EMP0183,Finance,Training,High,2025-10-15,2025-10-18,,False,False,4,0.0,0.0,,Jamie Cohen,Finance,Finance Manager,2021-12-07,7.7,EMP0003,Remote
TASK01641,EMP0063,Finance,Testing,Medium,2025-09-19,2025-09-29,2025-09-29,True,True,12,7.8,86.6,2.0,Brianna Smith,Finance,Accountant,2023-07-07,14.1,EMP0007,Delhi
TASK01642,EMP0084,HR,Training,Low,2025-06-08,2025-06-10,2025-06-15,True,False,31,61.2,95.3,4.0,Rachel Huang,HR,HR Coordinator,2025-07-18,11.9,EMP0004,Hyderabad
TASK01643,EMP0030,Finance,Meeting,Low,2025-12-08,2025-12-18,2025-12-16,True,True,21,25.5,85.8,2.0,Joshua Duncan,Finance,Analyst,2025-02-02,7.9,EMP0004,Delhi
TASK01644,EMP0014,HR,Documentation,Medium,2026-01-05,2026-01-14,2026-01-13,True,True,32,39.7,84.9,2.0,Kathryn Perez,HR,HR Manager,2023-11-12,9.7,EMP0012,Mumbai
TASK01645,EMP0167,Engineering,Feature Dev,Low,2025-11-08,2025-11-11,2025-11-11,True,True,16,23.8,79.1,4.0,Melissa Williams,Engineering,Junior Dev,2023-03-17,6.3,EMP0003,Remote
TASK01646,EMP0068,HR,Meeting,Low,2026-03-03,2026-03-13,2026-03-14,True,False,18,14.0,75.7,3.0,Shelley Khan,HR,HR Coordinator,2023-11-09,6.9,EMP0018,Delhi
TASK01647,EMP0057,Support,Testing,High,2026-01-15,2026-01-23,2026-01-25,True,False,10,9.9,89.1,2.0,Scott Harper,Support,Customer Success,2023-04-07,1.4,EMP0011,Bangalore
TASK01648,EMP0008,HR,Code Review,Medium,2026-04-08,2026-04-22,2026-04-26,True,False,5,8.5,71.3,1.0,Alison Hayes,HR,HR Coordinator,2022-11-19,1.8,EMP0004,Delhi
TASK01649,EMP0108,Sales,Bug Fix,Low,2026-01-12,2026-01-13,2026-01-14,True,False,12,13.1,78.5,5.0,Marc Jackson,Sales,Sales Lead,2021-10-26,10.5,EMP0004,Hyderabad
TASK01650,EMP0112,HR,Report,Medium,2026-04-01,2026-04-15,2026-04-19,True,False,30,59.7,85.3,5.0,Dominique Perez,HR,HR Manager,2023-01-31,9.4,EMP0017,Hyderabad
TASK01651,EMP0048,Engineering,Testing,Low,2025-07-06,2025-07-14,2025-07-16,True,False,34,64.1,70.5,2.0,John Martin,Engineering,Senior Dev,2022-11-09,11.1,EMP0004,Mumbai
TASK01652,EMP0006,Marketing,Testing,Low,2025-08-30,2025-09-12,2025-09-17,True,False,8,12.0,88.4,5.0,Paula White,Marketing,Marketing Manager,2023-08-11,4.5,EMP0001,Mumbai
TASK01653,EMP0109,Sales,Documentation,Low,2025-06-23,2025-07-06,2025-07-04,True,True,36,24.8,83.7,4.0,Scott Ewing,Sales,Sales Rep,2022-04-09,12.2,EMP0017,Hyderabad
TASK01654,EMP0093,HR,Meeting,High,2025-05-12,2025-05-14,2025-05-16,True,False,10,18.1,85.9,4.0,Terri Grimes,HR,HR Coordinator,2025-11-19,10.8,EMP0001,Remote
TASK01655,EMP0029,HR,Code Review,Medium,2025-12-19,2025-12-21,,False,False,34,0.0,0.0,,Daniel Lewis,HR,HR Manager,2023-12-07,2.8,EMP0001,Delhi
TASK01656,EMP0068,HR,Testing,Medium,2025-07-09,2025-07-18,2025-07-19,True,False,3,2.4,89.4,5.0,Shelley Khan,HR,HR Coordinator,2023-11-09,6.9,EMP0018,Delhi
TASK01657,EMP0195,Finance,Documentation,Medium,2025-04-24,2025-04-27,2025-04-25,True,True,36,37.6,75.7,5.0,Andrea Davidson,Finance,Accountant,2023-12-10,9.6,EMP0002,Mumbai
TASK01658,EMP0191,Support,Code Review,Low,2025-05-27,2025-05-30,2025-05-30,True,True,16,28.2,87.0,5.0,Tamara Ramirez,Support,Support Lead,2021-06-04,12.3,EMP0018,Bangalore
TASK01659,EMP0034,HR,Client Call,Critical,2026-02-23,2026-03-05,2026-03-06,True,False,19,10.9,68.3,3.0,Jeffery Griffith,HR,HR Coordinator,2023-08-25,1.3,EMP0019,Bangalore
TASK01660,EMP0089,Engineering,Report,Medium,2025-12-18,2025-12-27,,False,False,32,0.0,0.0,,Gwendolyn Munoz,Engineering,Junior Dev,2023-08-28,13.2,EMP0009,Mumbai
TASK01661,EMP0018,Support,Feature Dev,Medium,2025-10-17,2025-10-29,,False,False,2,0.0,0.0,,Sarah Mann,Support,Support Lead,2023-06-05,12.7,EMP0002,Mumbai
TASK01662,EMP0161,Finance,Bug Fix,Low,2025-04-25,2025-05-04,2025-05-05,True,False,40,77.6,98.7,4.0,Jessica Scott,Finance,Accountant,2021-09-12,14.7,EMP0007,Delhi
TASK01663,EMP0075,Engineering,Client Call,Low,2025-08-06,2025-08-14,,False,False,17,0.0,0.0,,Deborah Ramos,Engineering,Junior Dev,2025-09-30,5.3,EMP0005,Delhi
TASK01664,EMP0199,Marketing,Feature Dev,High,2026-02-14,2026-02-25,2026-02-26,True,False,17,29.8,81.9,2.0,Kimberly King,Marketing,Content Writer,2025-07-24,3.8,EMP0004,Hyderabad
TASK01665,EMP0039,Support,Code Review,Critical,2025-12-22,2025-12-27,2025-12-31,True,False,9,14.3,81.1,2.0,Katherine Stanley,Support,Customer Success,2023-08-12,5.9,EMP0017,Hyderabad
TASK01666,EMP0151,Engineering,Training,Medium,2025-10-31,2025-11-11,2025-11-14,True,False,2,2.9,77.0,3.0,Tony Allen,Engineering,Tech Lead,2025-03-10,14.2,EMP0003,Mumbai
TASK01667,EMP0052,Engineering,Meeting,Medium,2025-07-02,2025-07-15,2025-07-20,True,False,16,23.9,56.1,1.0,Patrick Mercer,Engineering,Junior Dev,2021-08-27,2.9,EMP0016,Hyderabad
TASK01668,EMP0123,Sales,Bug Fix,Medium,2025-06-24,2025-07-04,2025-07-03,True,True,23,41.7,82.2,4.0,Collin Weber,Sales,Account Manager,2024-12-22,3.7,EMP0014,Hyderabad
TASK01669,EMP0037,HR,Report,High,2025-05-22,2025-05-27,2025-06-01,True,False,29,39.9,93.5,3.0,Rhonda Barnes,HR,Recruiter,2022-09-14,13.2,EMP0014,Mumbai
TASK01670,EMP0079,Sales,Report,Low,2025-06-30,2025-07-02,2025-07-05,True,False,17,30.7,79.2,4.0,Darryl Blanchard,Sales,Sales Rep,2021-12-30,5.0,EMP0002,Delhi
TASK01671,EMP0138,Support,Training,Medium,2026-01-10,2026-01-21,2026-01-23,True,False,19,35.3,88.7,3.0,Joshua Martinez,Support,Support Lead,2022-02-25,6.3,EMP0007,Bangalore
TASK01672,EMP0143,Marketing,Report,Medium,2026-03-04,2026-03-18,2026-03-21,True,False,7,3.6,73.3,2.0,Kevin Baker,Marketing,Content Writer,2022-07-02,6.8,EMP0012,Hyderabad
TASK01673,EMP0176,Support,Report,Medium,2025-04-25,2025-04-29,2025-05-01,True,False,8,16.0,61.1,5.0,William Fox,Support,Customer Success,2024-04-15,7.3,EMP0002,Mumbai
TASK01674,EMP0047,Marketing,Feature Dev,Medium,2026-02-24,2026-03-06,2026-03-10,True,False,4,5.6,81.1,5.0,Christopher Conley,Marketing,SEO Specialist,2022-11-08,7.3,EMP0002,Bangalore
TASK01675,EMP0167,Engineering,Bug Fix,Low,2025-08-31,2025-09-13,2025-09-17,True,False,27,42.6,80.3,3.0,Melissa Williams,Engineering,Junior Dev,2023-03-17,6.3,EMP0003,Remote
TASK01676,EMP0067,Sales,Client Call,Medium,2026-03-14,2026-03-22,2026-03-20,True,True,27,46.4,78.5,1.0,Devon Jackson,Sales,Account Manager,2024-03-31,13.3,EMP0008,Delhi
TASK01677,EMP0090,Finance,Client Call,Low,2026-03-24,2026-03-27,2026-03-30,True,False,8,7.5,66.3,1.0,Joann Sanders,Finance,Accountant,2023-07-16,1.1,EMP0020,Hyderabad
TASK01678,EMP0199,Marketing,Testing,High,2026-01-01,2026-01-15,,False,False,24,0.0,0.0,,Kimberly King,Marketing,Content Writer,2025-07-24,3.8,EMP0004,Hyderabad
TASK01679,EMP0079,Sales,Meeting,Medium,2025-05-21,2025-05-25,2025-05-23,True,True,22,26.1,80.3,2.0,Darryl Blanchard,Sales,Sales Rep,2021-12-30,5.0,EMP0002,Delhi
TASK01680,EMP0169,HR,Code Review,Low,2026-01-11,2026-01-24,2026-01-27,True,False,27,44.0,83.3,4.0,Brian Davis,HR,HR Coordinator,2023-06-14,14.9,EMP0004,Remote
TASK01681,EMP0121,Finance,Feature Dev,High,2026-02-12,2026-02-18,2026-02-19,True,False,22,38.3,62.4,1.0,Michael Dyer,Finance,Accountant,2023-05-31,7.4,EMP0012,Delhi
TASK01682,EMP0034,HR,Report,Medium,2026-03-14,2026-03-20,2026-03-20,True,True,26,20.9,72.8,3.0,Jeffery Griffith,HR,HR Coordinator,2023-08-25,1.3,EMP0019,Bangalore
TASK01683,EMP0024,Marketing,Code Review,Medium,2026-01-15,2026-01-23,,False,False,12,0.0,0.0,,Briana Dawson,Marketing,Content Writer,2023-01-29,11.5,EMP0004,Mumbai
TASK01684,EMP0058,Engineering,Training,Medium,2026-01-07,2026-01-09,2026-01-11,True,False,34,52.7,81.8,3.0,Benjamin Buchanan,Engineering,Tech Lead,2024-02-09,7.4,EMP0017,Mumbai
TASK01685,EMP0177,HR,Client Call,High,2026-01-24,2026-02-02,2026-02-01,True,True,14,9.0,85.5,3.0,Douglas Yates,HR,Recruiter,2023-01-07,4.6,EMP0015,Bangalore
TASK01686,EMP0157,HR,Feature Dev,Low,2026-03-17,2026-03-23,2026-03-27,True,False,10,18.8,91.1,3.0,James Garza,HR,Recruiter,2023-07-31,7.1,EMP0010,Delhi
TASK01687,EMP0039,Support,Documentation,Medium,2025-07-04,2025-07-06,2025-07-07,True,False,30,52.2,80.5,5.0,Katherine Stanley,Support,Customer Success,2023-08-12,5.9,EMP0017,Hyderabad
TASK01688,EMP0048,Engineering,Documentation,Low,2025-09-30,2025-10-05,2025-10-06,True,False,16,13.9,75.3,4.0,John Martin,Engineering,Senior Dev,2022-11-09,11.1,EMP0004,Mumbai
TASK01689,EMP0114,HR,Report,Medium,2025-09-10,2025-09-14,2025-09-16,True,False,17,33.1,79.1,4.0,Kelli Berry,HR,HR Coordinator,2023-03-04,12.7,EMP0009,Remote
TASK01690,EMP0091,HR,Client Call,Medium,2025-07-20,2025-07-29,,False,False,14,0.0,0.0,,Heather Wright,HR,Recruiter,2022-09-23,11.9,EMP0014,Remote
TASK01691,EMP0154,HR,Testing,Low,2026-02-14,2026-02-23,2026-02-27,True,False,18,28.1,58.6,3.0,Eileen Burns,HR,HR Coordinator,2021-06-08,6.4,EMP0008,Delhi
TASK01692,EMP0164,HR,Testing,Medium,2026-04-10,2026-04-16,,False,False,17,0.0,0.0,,Jennifer Powers,HR,Recruiter,2024-04-02,14.2,EMP0016,Bangalore
TASK01693,EMP0005,Support,Testing,Medium,2026-01-03,2026-01-05,,False,False,10,0.0,0.0,,Samantha Lindsey,Support,Customer Success,2025-06-06,10.7,EMP0014,Mumbai
TASK01694,EMP0096,HR,Training,High,2025-07-28,2025-08-09,2025-08-09,True,True,8,15.8,71.4,4.0,Rachael Li,HR,Recruiter,2026-01-31,12.8,EMP0010,Remote
TASK01695,EMP0104,Engineering,Training,Medium,2025-06-20,2025-06-22,2025-06-23,True,False,24,37.8,65.2,2.0,Roy Schultz,Engineering,Junior Dev,2024-12-17,10.3,EMP0008,Mumbai
TASK01696,EMP0132,Support,Client Call,Medium,2025-11-25,2025-12-05,2025-12-10,True,False,30,37.4,88.6,1.0,Amanda Nichols,Support,Support Agent,2024-05-02,11.8,EMP0002,Bangalore
TASK01697,EMP0025,Support,Testing,Critical,2025-07-19,2025-07-22,2025-07-27,True,False,37,54.6,91.3,4.0,Shannon Orozco,Support,Support Agent,2022-02-25,12.0,EMP0014,Remote
TASK01698,EMP0081,Finance,Meeting,High,2026-04-11,2026-04-14,2026-04-17,True,False,6,11.6,75.5,5.0,Kevin Berry,Finance,Accountant,2026-02-20,14.6,EMP0005,Mumbai
TASK01699,EMP0168,Support,Code Review,Low,2025-05-16,2025-05-28,2025-06-02,True,False,29,45.1,77.7,4.0,Jon Porter,Support,Customer Success,2022-05-12,1.3,EMP0005,Remote
TASK01700,EMP0146,Support,Training,Low,2025-05-30,2025-06-07,2025-06-09,True,False,23,19.5,83.0,4.0,Erica Wise,Support,Customer Success,2026-02-17,4.4,EMP0008,Bangalore
TASK01701,EMP0060,Finance,Testing,Low,2026-01-20,2026-01-29,,False,False,39,0.0,0.0,,Phillip Cummings,Finance,Analyst,2025-05-31,10.3,EMP0008,Hyderabad
TASK01702,EMP0172,Finance,Feature Dev,High,2025-04-30,2025-05-10,2025-05-13,True,False,39,26.5,72.7,5.0,Denise Medina,Finance,Accountant,2022-08-13,4.9,EMP0020,Bangalore
TASK01703,EMP0156,HR,Code Review,Low,2025-07-30,2025-08-06,2025-08-07,True,False,17,33.5,87.9,2.0,Jason Jarvis,HR,HR Manager,2026-01-05,15.0,EMP0018,Delhi
TASK01704,EMP0108,Sales,Client Call,Low,2025-04-23,2025-05-01,2025-05-04,True,False,7,4.5,96.9,5.0,Marc Jackson,Sales,Sales Lead,2021-10-26,10.5,EMP0004,Hyderabad
TASK01705,EMP0075,Engineering,Code Review,High,2025-09-05,2025-09-16,2025-09-20,True,False,26,40.2,61.2,3.0,Deborah Ramos,Engineering,Junior Dev,2025-09-30,5.3,EMP0005,Delhi
TASK01706,EMP0008,HR,Code Review,Low,2026-02-22,2026-02-27,2026-03-03,True,False,18,22.5,62.6,3.0,Alison Hayes,HR,HR Coordinator,2022-11-19,1.8,EMP0004,Delhi
TASK01707,EMP0082,Sales,Feature Dev,Medium,2026-02-10,2026-02-14,2026-02-13,True,True,23,27.1,100.0,5.0,Theresa Robinson,Sales,Sales Rep,2024-04-17,13.3,EMP0001,Mumbai
TASK01708,EMP0063,Finance,Bug Fix,Low,2025-10-09,2025-10-19,2025-10-17,True,True,25,16.1,87.0,5.0,Brianna Smith,Finance,Accountant,2023-07-07,14.1,EMP0007,Delhi
TASK01709,EMP0100,HR,Feature Dev,Low,2026-02-23,2026-03-01,2026-02-27,True,True,38,51.1,73.4,2.0,Anne Williams,HR,HR Manager,2022-05-31,3.5,EMP0019,Remote
TASK01710,EMP0150,HR,Code Review,Low,2026-04-04,2026-04-14,2026-04-15,True,False,24,15.5,63.4,5.0,Richard Kim,HR,HR Manager,2025-11-04,13.3,EMP0009,Remote
TASK01711,EMP0182,Marketing,Training,Medium,2026-02-06,2026-02-09,,False,False,13,0.0,0.0,,Alexander Garcia,Marketing,Marketing Manager,2021-10-21,4.9,EMP0013,Delhi
TASK01712,EMP0102,Finance,Feature Dev,Low,2025-06-01,2025-06-15,2025-06-13,True,True,36,66.0,68.0,3.0,Kimberly Brown,Finance,Accountant,2022-08-11,12.0,EMP0006,Bangalore
TASK01713,EMP0110,Engineering,Feature Dev,Critical,2025-07-29,2025-07-31,2025-07-31,True,True,39,49.8,50.1,4.0,Mary Richards,Engineering,Tech Lead,2026-04-14,4.1,EMP0004,Hyderabad
TASK01714,EMP0056,Sales,Report,Low,2025-05-27,2025-05-30,,False,False,23,0.0,0.0,,Brian Howard,Sales,Sales Rep,2024-02-07,4.8,EMP0002,Remote
TASK01715,EMP0107,Support,Feature Dev,Critical,2025-09-09,2025-09-18,2025-09-23,True,False,9,13.5,92.2,3.0,Lisa Shepard,Support,Customer Success,2024-05-01,6.1,EMP0013,Mumbai
TASK01716,EMP0078,Engineering,Bug Fix,Low,2025-10-05,2025-10-08,2025-10-13,True,False,14,23.7,68.6,3.0,Angela Stone,Engineering,Senior Dev,2024-09-17,8.9,EMP0005,Hyderabad
TASK01717,EMP0143,Marketing,Testing,Low,2025-04-26,2025-05-04,2025-05-03,True,True,35,22.3,95.0,5.0,Kevin Baker,Marketing,Content Writer,2022-07-02,6.8,EMP0012,Hyderabad
TASK01718,EMP0194,Marketing,Meeting,Medium,2025-10-25,2025-11-06,2025-11-10,True,False,36,52.7,83.8,3.0,Jennifer Cain,Marketing,SEO Specialist,2024-03-15,1.3,EMP0017,Delhi
TASK01719,EMP0117,Finance,Feature Dev,Low,2026-03-23,2026-04-05,2026-04-09,True,False,27,31.1,79.0,4.0,Gregory Christensen,Finance,Analyst,2022-01-23,2.5,EMP0008,Hyderabad
TASK01720,EMP0085,Engineering,Meeting,Low,2025-04-20,2025-04-22,2025-04-27,True,False,26,24.9,85.5,1.0,Natalie Rice,Engineering,Senior Dev,2025-09-12,3.7,EMP0015,Delhi
TASK01721,EMP0102,Finance,Training,Medium,2025-10-28,2025-10-29,2025-10-29,True,True,21,38.6,74.1,2.0,Kimberly Brown,Finance,Accountant,2022-08-11,12.0,EMP0006,Bangalore
TASK01722,EMP0019,Engineering,Client Call,Medium,2025-09-04,2025-09-16,2025-09-14,True,True,5,9.8,60.3,2.0,Christopher Lester,Engineering,Senior Dev,2024-07-20,6.3,EMP0003,Mumbai
TASK01723,EMP0060,Finance,Code Review,Medium,2026-01-22,2026-01-31,2026-02-04,True,False,34,43.7,70.9,5.0,Phillip Cummings,Finance,Analyst,2025-05-31,10.3,EMP0008,Hyderabad
TASK01724,EMP0187,Sales,Code Review,Medium,2026-04-12,2026-04-24,2026-04-25,True,False,8,9.5,93.8,2.0,Daniel Nguyen,Sales,Account Manager,2022-08-03,8.0,EMP0015,Delhi
TASK01725,EMP0166,HR,Bug Fix,High,2025-04-18,2025-04-20,2025-04-25,True,False,15,20.4,71.6,1.0,Dylan Kirk,HR,HR Coordinator,2023-01-20,14.5,EMP0009,Hyderabad
TASK01726,EMP0074,HR,Meeting,Critical,2025-11-21,2025-11-25,,False,False,9,0.0,0.0,,Sheena Chandler,HR,HR Coordinator,2024-05-03,1.8,EMP0014,Delhi
TASK01727,EMP0021,Support,Documentation,Low,2025-08-30,2025-09-03,2025-09-06,True,False,13,25.7,75.6,3.0,Brianna Gilmore,Support,Support Lead,2021-12-30,2.6,EMP0005,Mumbai
TASK01728,EMP0096,HR,Meeting,Critical,2025-08-17,2025-08-24,2025-08-24,True,True,40,34.8,85.9,4.0,Rachael Li,HR,Recruiter,2026-01-31,12.8,EMP0010,Remote
TASK01729,EMP0098,Finance,Meeting,Medium,2025-10-14,2025-10-26,2025-10-28,True,False,15,28.7,90.5,4.0,Angela Aguilar,Finance,Analyst,2022-06-15,3.3,EMP0013,Mumbai
TASK01730,EMP0159,Support,Documentation,Medium,2025-07-31,2025-08-07,2025-08-11,True,False,19,33.5,89.0,4.0,Carol Lee,Support,Customer Success,2021-08-08,14.3,EMP0006,Mumbai
TASK01731,EMP0163,Sales,Report,Low,2026-01-11,2026-01-12,2026-01-16,True,False,4,6.2,95.0,2.0,Drew Mckinney,Sales,Account Manager,2021-11-24,1.2,EMP0002,Remote
TASK01732,EMP0134,Sales,Report,Medium,2025-06-25,2025-06-29,2025-06-28,True,True,9,6.6,85.3,1.0,Mary Atkins,Sales,Sales Rep,2021-06-14,7.4,EMP0004,Remote
TASK01733,EMP0161,Finance,Meeting,Low,2025-12-19,2025-12-25,2025-12-27,True,False,27,25.0,73.1,3.0,Jessica Scott,Finance,Accountant,2021-09-12,14.7,EMP0007,Delhi
TASK01734,EMP0080,Sales,Documentation,High,2026-01-14,2026-01-19,2026-01-18,True,True,27,46.8,70.9,1.0,Leslie Harris,Sales,Sales Lead,2024-02-29,4.1,EMP0004,Delhi
TASK01735,EMP0064,Sales,Feature Dev,Medium,2025-05-11,2025-05-19,2025-05-17,True,True,32,39.0,93.1,2.0,William Smith,Sales,Account Manager,2025-01-05,6.2,EMP0010,Hyderabad
TASK01736,EMP0087,HR,Testing,Low,2025-07-09,2025-07-16,2025-07-15,True,True,17,19.6,69.9,4.0,Anthony Young,HR,HR Manager,2025-12-13,13.0,EMP0009,Delhi
TASK01737,EMP0018,Support,Documentation,High,2026-03-06,2026-03-14,2026-03-12,True,True,34,56.1,73.8,2.0,Sarah Mann,Support,Support Lead,2023-06-05,12.7,EMP0002,Mumbai
TASK01738,EMP0152,Support,Meeting,High,2025-06-03,2025-06-04,2025-06-04,True,True,23,41.2,80.0,2.0,Greg Shah,Support,Support Lead,2024-12-02,7.6,EMP0008,Hyderabad
TASK01739,EMP0019,Engineering,Client Call,Medium,2025-05-07,2025-05-11,,False,False,5,0.0,0.0,,Christopher Lester,Engineering,Senior Dev,2024-07-20,6.3,EMP0003,Mumbai
TASK01740,EMP0183,Finance,Testing,Medium,2025-08-13,2025-08-18,2025-08-19,True,False,13,18.7,80.7,4.0,Jamie Cohen,Finance,Finance Manager,2021-12-07,7.7,EMP0003,Remote
TASK01741,EMP0044,Support,Training,Low,2025-05-12,2025-05-20,2025-05-21,True,False,40,51.7,67.9,2.0,Debbie Gordon,Support,Support Lead,2025-03-03,3.6,EMP0005,Remote
TASK01742,EMP0106,Engineering,Bug Fix,Low,2025-11-30,2025-12-06,2025-12-05,True,True,28,35.8,76.3,5.0,Jennifer Young,Engineering,Senior Dev,2024-12-07,6.5,EMP0019,Mumbai
TASK01743,EMP0003,Finance,Bug Fix,High,2025-07-07,2025-07-19,,False,False,25,0.0,0.0,,Christopher Barber,Finance,Accountant,2024-04-21,1.0,EMP0003,Mumbai
TASK01744,EMP0082,Sales,Bug Fix,Low,2025-11-14,2025-11-16,2025-11-15,True,True,26,13.1,82.9,4.0,Theresa Robinson,Sales,Sales Rep,2024-04-17,13.3,EMP0001,Mumbai
TASK01745,EMP0050,Sales,Bug Fix,High,2025-05-17,2025-05-19,2025-05-18,True,True,38,50.1,82.0,4.0,Jennifer Lee,Sales,Account Manager,2025-03-31,7.2,EMP0003,Hyderabad
TASK01746,EMP0116,Support,Documentation,Critical,2025-09-27,2025-10-08,2025-10-12,True,False,30,56.0,68.1,4.0,Colleen Olsen,Support,Support Lead,2024-05-31,3.9,EMP0011,Delhi
TASK01747,EMP0039,Support,Report,Medium,2026-02-10,2026-02-16,,False,False,31,0.0,0.0,,Katherine Stanley,Support,Customer Success,2023-08-12,5.9,EMP0017,Hyderabad
TASK01748,EMP0090,Finance,Code Review,Critical,2025-10-02,2025-10-05,2025-10-08,True,False,16,11.5,89.7,4.0,Joann Sanders,Finance,Accountant,2023-07-16,1.1,EMP0020,Hyderabad
TASK01749,EMP0097,HR,Code Review,Critical,2025-06-16,2025-06-19,2025-06-17,True,True,29,49.5,80.0,1.0,Patrick Wright,HR,Recruiter,2023-04-03,6.4,EMP0013,Delhi
TASK01750,EMP0019,Engineering,Client Call,Medium,2025-08-26,2025-09-07,,False,False,16,0.0,0.0,,Christopher Lester,Engineering,Senior Dev,2024-07-20,6.3,EMP0003,Mumbai
TASK01751,EMP0119,Marketing,Report,Low,2025-07-20,2025-07-31,2025-08-04,True,False,28,51.1,82.0,4.0,William Campbell,Marketing,SEO Specialist,2023-12-09,8.4,EMP0014,Bangalore
TASK01752,EMP0002,Sales,Code Review,Medium,2025-07-04,2025-07-11,2025-07-14,True,False,22,33.0,90.0,5.0,Anthony Reed,Sales,Sales Rep,2022-02-09,11.2,EMP0018,Bangalore
TASK01753,EMP0011,Finance,Training,Low,2025-06-08,2025-06-12,2025-06-13,True,False,25,46.3,76.1,4.0,Brenda Walter,Finance,Accountant,2025-01-27,12.5,EMP0020,Delhi
TASK01754,EMP0004,Sales,Report,Medium,2025-06-08,2025-06-13,2025-06-13,True,True,32,21.2,82.6,3.0,Garrett Lynch,Sales,Sales Lead,2025-01-08,9.2,EMP0018,Mumbai
TASK01755,EMP0135,Sales,Testing,Critical,2025-11-20,2025-12-03,2025-12-07,True,False,5,4.0,70.8,5.0,Jack Clark,Sales,Account Manager,2022-02-08,10.6,EMP0012,Mumbai
TASK01756,EMP0101,Support,Bug Fix,High,2025-11-28,2025-12-09,2025-12-13,True,False,13,24.9,96.0,2.0,Nicholas Keller,Support,Support Lead,2024-09-21,7.2,EMP0015,Mumbai
TASK01757,EMP0041,Finance,Documentation,Medium,2026-03-30,2026-04-10,2026-04-10,True,True,27,36.8,77.0,2.0,James Walters,Finance,Finance Manager,2025-01-15,3.8,EMP0008,Bangalore
TASK01758,EMP0058,Engineering,Training,Medium,2025-11-07,2025-11-15,2025-11-15,True,True,33,32.2,98.1,1.0,Benjamin Buchanan,Engineering,Tech Lead,2024-02-09,7.4,EMP0017,Mumbai
TASK01759,EMP0012,Finance,Bug Fix,Medium,2026-04-04,2026-04-17,2026-04-15,True,True,2,3.8,82.1,3.0,Leslie Ramos,Finance,Analyst,2022-07-08,10.7,EMP0002,Mumbai
TASK01760,EMP0183,Finance,Documentation,High,2025-06-25,2025-07-01,,False,False,24,0.0,0.0,,Jamie Cohen,Finance,Finance Manager,2021-12-07,7.7,EMP0003,Remote
TASK01761,EMP0028,Support,Testing,High,2025-09-28,2025-10-02,2025-10-01,True,True,25,35.9,77.7,5.0,Michelle Goodwin,Support,Customer Success,2021-09-04,11.4,EMP0011,Bangalore
TASK01762,EMP0150,HR,Training,Critical,2026-04-01,2026-04-09,2026-04-09,True,True,20,19.1,81.8,2.0,Richard Kim,HR,HR Manager,2025-11-04,13.3,EMP0009,Remote
TASK01763,EMP0114,HR,Client Call,Critical,2025-04-20,2025-04-23,2025-04-22,True,True,36,67.2,75.6,2.0,Kelli Berry,HR,HR Coordinator,2023-03-04,12.7,EMP0009,Remote
TASK01764,EMP0011,Finance,Code Review,Medium,2026-03-26,2026-04-06,2026-04-08,True,False,17,33.4,91.2,4.0,Brenda Walter,Finance,Accountant,2025-01-27,12.5,EMP0020,Delhi
TASK01765,EMP0143,Marketing,Code Review,Low,2026-01-07,2026-01-08,2026-01-12,True,False,32,34.2,89.9,1.0,Kevin Baker,Marketing,Content Writer,2022-07-02,6.8,EMP0012,Hyderabad
TASK01766,EMP0061,Engineering,Report,Medium,2025-10-24,2025-11-07,2025-11-12,True,False,39,53.0,64.7,1.0,Maria Rodriguez,Engineering,Tech Lead,2024-02-04,4.1,EMP0020,Bangalore
TASK01767,EMP0165,Engineering,Feature Dev,Critical,2025-07-15,2025-07-26,2025-07-29,True,False,7,12.8,81.0,2.0,Joshua Mills,Engineering,Tech Lead,2025-12-13,4.6,EMP0016,Hyderabad
TASK01768,EMP0055,Marketing,Documentation,Low,2026-03-11,2026-03-16,2026-03-16,True,True,9,17.9,81.4,3.0,Pamela Powell,Marketing,Marketing Manager,2025-02-16,14.4,EMP0018,Hyderabad
TASK01769,EMP0065,HR,Testing,Low,2025-11-01,2025-11-14,,False,False,7,0.0,0.0,,Richard Davis,HR,HR Coordinator,2022-04-18,0.6,EMP0020,Remote
TASK01770,EMP0155,Support,Meeting,Medium,2026-04-03,2026-04-16,2026-04-20,True,False,12,12.6,66.5,2.0,Kimberly Krueger,Support,Customer Success,2025-06-09,5.9,EMP0018,Remote
TASK01771,EMP0112,HR,Report,Medium,2025-07-14,2025-07-23,,False,False,3,0.0,0.0,,Dominique Perez,HR,HR Manager,2023-01-31,9.4,EMP0017,Hyderabad
TASK01772,EMP0074,HR,Client Call,Medium,2025-10-22,2025-10-25,2025-10-26,True,False,21,18.8,91.8,3.0,Sheena Chandler,HR,HR Coordinator,2024-05-03,1.8,EMP0014,Delhi
TASK01773,EMP0079,Sales,Feature Dev,Low,2026-03-01,2026-03-13,,False,False,31,0.0,0.0,,Darryl Blanchard,Sales,Sales Rep,2021-12-30,5.0,EMP0002,Delhi
TASK01774,EMP0157,HR,Client Call,Medium,2025-06-26,2025-06-27,2025-06-27,True,True,38,20.1,86.2,2.0,James Garza,HR,Recruiter,2023-07-31,7.1,EMP0010,Delhi
TASK01775,EMP0194,Marketing,Training,Critical,2025-05-03,2025-05-10,2025-05-12,True,False,26,26.1,97.6,4.0,Jennifer Cain,Marketing,SEO Specialist,2024-03-15,1.3,EMP0017,Delhi
TASK01776,EMP0080,Sales,Report,Medium,2025-12-09,2025-12-15,2025-12-18,True,False,18,23.9,100.0,3.0,Leslie Harris,Sales,Sales Lead,2024-02-29,4.1,EMP0004,Delhi
TASK01777,EMP0029,HR,Testing,Low,2025-08-27,2025-09-04,,False,False,7,0.0,0.0,,Daniel Lewis,HR,HR Manager,2023-12-07,2.8,EMP0001,Delhi
TASK01778,EMP0041,Finance,Code Review,High,2025-08-21,2025-08-23,2025-08-23,True,True,8,6.9,79.7,3.0,James Walters,Finance,Finance Manager,2025-01-15,3.8,EMP0008,Bangalore
TASK01779,EMP0179,Marketing,Bug Fix,Low,2025-09-29,2025-10-09,2025-10-08,True,True,6,3.1,84.3,3.0,Justin White,Marketing,Content Writer,2023-03-29,8.4,EMP0005,Delhi
TASK01780,EMP0050,Sales,Feature Dev,High,2025-10-07,2025-10-17,2025-10-22,True,False,23,38.6,92.6,5.0,Jennifer Lee,Sales,Account Manager,2025-03-31,7.2,EMP0003,Hyderabad
TASK01781,EMP0112,HR,Feature Dev,Low,2025-05-06,2025-05-18,2025-05-17,True,True,13,8.3,69.7,1.0,Dominique Perez,HR,HR Manager,2023-01-31,9.4,EMP0017,Hyderabad
TASK01782,EMP0063,Finance,Training,Medium,2025-10-29,2025-11-09,2025-11-07,True,True,7,7.6,67.9,2.0,Brianna Smith,Finance,Accountant,2023-07-07,14.1,EMP0007,Delhi
TASK01783,EMP0105,Sales,Report,Medium,2025-10-06,2025-10-10,2025-10-15,True,False,40,62.4,95.4,3.0,James Singh,Sales,Sales Rep,2021-10-17,1.2,EMP0016,Remote
TASK01784,EMP0074,HR,Bug Fix,High,2025-07-23,2025-08-02,2025-07-31,True,True,30,23.3,94.4,1.0,Sheena Chandler,HR,HR Coordinator,2024-05-03,1.8,EMP0014,Delhi
TASK01785,EMP0034,HR,Feature Dev,Low,2025-10-18,2025-10-22,2025-10-23,True,False,9,14.0,88.5,2.0,Jeffery Griffith,HR,HR Coordinator,2023-08-25,1.3,EMP0019,Bangalore
TASK01786,EMP0084,HR,Meeting,Low,2025-08-13,2025-08-19,2025-08-20,True,False,12,13.1,84.6,5.0,Rachel Huang,HR,HR Coordinator,2025-07-18,11.9,EMP0004,Hyderabad
TASK01787,EMP0153,Support,Documentation,Medium,2026-01-30,2026-02-10,2026-02-14,True,False,18,31.3,65.1,5.0,James Johnson,Support,Customer Success,2022-11-28,7.6,EMP0001,Bangalore
TASK01788,EMP0087,HR,Report,Low,2026-04-14,2026-04-25,2026-04-25,True,True,6,3.6,83.4,3.0,Anthony Young,HR,HR Manager,2025-12-13,13.0,EMP0009,Delhi
TASK01789,EMP0141,Finance,Report,Critical,2025-08-18,2025-08-19,2025-08-23,True,False,7,10.6,82.2,1.0,William Green,Finance,Analyst,2023-01-12,5.5,EMP0014,Delhi
TASK01790,EMP0040,Engineering,Feature Dev,Critical,2025-04-22,2025-05-03,2025-05-06,True,False,40,60.7,68.9,5.0,Andrea Kennedy,Engineering,Junior Dev,2025-03-30,3.8,EMP0011,Bangalore
TASK01791,EMP0023,Finance,Meeting,Low,2025-07-20,2025-08-03,2025-08-06,True,False,32,33.8,77.3,4.0,Matthew Fisher,Finance,Accountant,2026-01-31,5.7,EMP0005,Remote
TASK01792,EMP0033,Finance,Client Call,Medium,2025-10-27,2025-11-08,2025-11-08,True,True,4,6.1,69.1,4.0,Lori Hernandez,Finance,Accountant,2021-12-06,7.6,EMP0004,Delhi
TASK01793,EMP0058,Engineering,Report,High,2025-06-15,2025-06-21,,False,False,27,0.0,0.0,,Benjamin Buchanan,Engineering,Tech Lead,2024-02-09,7.4,EMP0017,Mumbai
TASK01794,EMP0056,Sales,Bug Fix,High,2026-01-01,2026-01-09,2026-01-09,True,True,26,29.4,67.6,2.0,Brian Howard,Sales,Sales Rep,2024-02-07,4.8,EMP0002,Remote
TASK01795,EMP0199,Marketing,Client Call,High,2025-08-20,2025-08-27,,False,False,11,0.0,0.0,,Kimberly King,Marketing,Content Writer,2025-07-24,3.8,EMP0004,Hyderabad
TASK01796,EMP0152,Support,Code Review,Medium,2026-03-11,2026-03-18,2026-03-18,True,True,11,15.3,82.4,2.0,Greg Shah,Support,Support Lead,2024-12-02,7.6,EMP0008,Hyderabad
TASK01797,EMP0097,HR,Report,Low,2025-08-10,2025-08-17,2025-08-19,True,False,23,18.3,76.4,4.0,Patrick Wright,HR,Recruiter,2023-04-03,6.4,EMP0013,Delhi
TASK01798,EMP0006,Marketing,Meeting,Low,2025-12-09,2025-12-23,,False,False,37,0.0,0.0,,Paula White,Marketing,Marketing Manager,2023-08-11,4.5,EMP0001,Mumbai
TASK01799,EMP0149,HR,Code Review,Low,2025-07-18,2025-07-26,2025-07-31,True,False,29,33.4,82.3,4.0,Amber Nelson,HR,HR Coordinator,2022-12-28,7.6,EMP0012,Delhi
TASK01800,EMP0188,Sales,Report,Critical,2025-06-04,2025-06-05,2025-06-05,True,True,6,11.6,84.8,5.0,Robert Love,Sales,Sales Lead,2022-11-26,6.8,EMP0016,Bangalore
TASK01801,EMP0007,Support,Bug Fix,Low,2026-04-09,2026-04-13,2026-04-18,True,False,15,16.9,72.7,3.0,Jacqueline Christensen,Support,Support Lead,2024-08-21,5.4,EMP0005,Mumbai
TASK01802,EMP0060,Finance,Training,Medium,2025-10-14,2025-10-20,2025-10-24,True,False,9,12.6,74.8,3.0,Phillip Cummings,Finance,Analyst,2025-05-31,10.3,EMP0008,Hyderabad
TASK01803,EMP0100,HR,Report,Medium,2025-08-05,2025-08-11,2025-08-11,True,True,25,33.7,75.5,1.0,Anne Williams,HR,HR Manager,2022-05-31,3.5,EMP0019,Remote
TASK01804,EMP0098,Finance,Testing,Low,2025-06-02,2025-06-08,2025-06-09,True,False,22,33.7,90.5,4.0,Angela Aguilar,Finance,Analyst,2022-06-15,3.3,EMP0013,Mumbai
TASK01805,EMP0020,Finance,Testing,High,2026-02-13,2026-02-22,2026-02-25,True,False,14,25.9,91.8,5.0,Sydney Cole,Finance,Finance Manager,2021-08-01,5.1,EMP0016,Hyderabad
TASK01806,EMP0004,Sales,Report,Critical,2025-05-17,2025-05-21,2025-05-22,True,False,17,21.0,89.3,1.0,Garrett Lynch,Sales,Sales Lead,2025-01-08,9.2,EMP0018,Mumbai
TASK01807,EMP0028,Support,Report,Medium,2026-01-23,2026-01-25,2026-01-25,True,True,22,13.7,74.4,4.0,Michelle Goodwin,Support,Customer Success,2021-09-04,11.4,EMP0011,Bangalore
TASK01808,EMP0187,Sales,Meeting,Medium,2026-01-22,2026-02-03,2026-02-08,True,False,26,43.3,89.5,2.0,Daniel Nguyen,Sales,Account Manager,2022-08-03,8.0,EMP0015,Delhi
TASK01809,EMP0151,Engineering,Testing,Medium,2025-11-11,2025-11-24,2025-11-25,True,False,16,23.2,73.4,3.0,Tony Allen,Engineering,Tech Lead,2025-03-10,14.2,EMP0003,Mumbai
TASK01810,EMP0190,Sales,Testing,High,2025-09-22,2025-09-30,2025-10-02,True,False,22,27.0,90.6,5.0,Rachel Francis,Sales,Account Manager,2022-02-28,6.5,EMP0016,Delhi
TASK01811,EMP0086,HR,Meeting,High,2025-07-27,2025-07-31,2025-08-01,True,False,40,56.3,74.1,1.0,Kelly Rios DDS,HR,HR Coordinator,2022-07-03,3.7,EMP0007,Hyderabad
TASK01812,EMP0111,Sales,Client Call,High,2026-01-22,2026-01-26,2026-01-28,True,False,17,28.7,84.6,1.0,Alex Carter,Sales,Account Manager,2026-04-03,10.2,EMP0018,Remote
TASK01813,EMP0100,HR,Client Call,Low,2025-07-06,2025-07-10,2025-07-08,True,True,3,4.4,84.3,1.0,Anne Williams,HR,HR Manager,2022-05-31,3.5,EMP0019,Remote
TASK01814,EMP0135,Sales,Training,Medium,2026-04-09,2026-04-22,2026-04-22,True,True,30,43.2,84.0,2.0,Jack Clark,Sales,Account Manager,2022-02-08,10.6,EMP0012,Mumbai
TASK01815,EMP0106,Engineering,Report,Medium,2026-02-15,2026-02-28,2026-03-02,True,False,31,28.3,64.8,3.0,Jennifer Young,Engineering,Senior Dev,2024-12-07,6.5,EMP0019,Mumbai
TASK01816,EMP0060,Finance,Testing,Low,2025-09-24,2025-09-27,2025-09-25,True,True,9,5.2,96.5,5.0,Phillip Cummings,Finance,Analyst,2025-05-31,10.3,EMP0008,Hyderabad
TASK01817,EMP0157,HR,Client Call,Medium,2026-02-14,2026-02-17,2026-02-21,True,False,37,19.9,77.0,3.0,James Garza,HR,Recruiter,2023-07-31,7.1,EMP0010,Delhi
TASK01818,EMP0127,Support,Bug Fix,Medium,2025-08-31,2025-09-06,2025-09-04,True,True,20,19.7,73.3,5.0,Timothy Stewart,Support,Support Lead,2022-10-07,2.5,EMP0015,Mumbai
TASK01819,EMP0154,HR,Code Review,Low,2025-08-30,2025-09-11,2025-09-16,True,False,6,11.3,94.2,2.0,Eileen Burns,HR,HR Coordinator,2021-06-08,6.4,EMP0008,Delhi
TASK01820,EMP0160,Sales,Feature Dev,Low,2025-08-21,2025-08-24,,False,False,17,0.0,0.0,,Angela Benton,Sales,Sales Lead,2023-03-07,7.5,EMP0019,Remote
TASK01821,EMP0106,Engineering,Report,High,2025-10-18,2025-10-24,2025-10-28,True,False,23,37.4,80.5,4.0,Jennifer Young,Engineering,Senior Dev,2024-12-07,6.5,EMP0019,Mumbai
TASK01822,EMP0102,Finance,Feature Dev,Medium,2026-02-19,2026-02-28,2026-03-04,True,False,11,14.5,78.5,2.0,Kimberly Brown,Finance,Accountant,2022-08-11,12.0,EMP0006,Bangalore
TASK01823,EMP0191,Support,Training,Medium,2025-07-28,2025-07-30,2025-08-01,True,False,16,13.7,69.8,1.0,Tamara Ramirez,Support,Support Lead,2021-06-04,12.3,EMP0018,Bangalore
TASK01824,EMP0200,Engineering,Documentation,Low,2025-11-23,2025-12-07,2025-12-12,True,False,4,2.3,73.0,2.0,Ashley Lopez,Engineering,Tech Lead,2023-11-18,12.6,EMP0016,Delhi
TASK01825,EMP0195,Finance,Client Call,Critical,2025-06-22,2025-06-25,2025-06-28,True,False,26,42.5,67.0,1.0,Andrea Davidson,Finance,Accountant,2023-12-10,9.6,EMP0002,Mumbai
TASK01826,EMP0077,Engineering,Documentation,Medium,2026-02-21,2026-02-26,2026-03-02,True,False,37,22.3,62.5,5.0,Matthew Pitts,Engineering,Junior Dev,2025-08-03,1.6,EMP0005,Remote
TASK01827,EMP0161,Finance,Testing,Low,2025-06-15,2025-06-19,2025-06-17,True,True,24,37.3,77.9,5.0,Jessica Scott,Finance,Accountant,2021-09-12,14.7,EMP0007,Delhi
TASK01828,EMP0111,Sales,Meeting,High,2026-01-16,2026-01-19,2026-01-19,True,True,36,18.4,86.7,3.0,Alex Carter,Sales,Account Manager,2026-04-03,10.2,EMP0018,Remote
TASK01829,EMP0184,Engineering,Documentation,Medium,2025-06-04,2025-06-13,2025-06-14,True,False,40,35.4,64.5,3.0,Steven Barton,Engineering,Senior Dev,2022-12-06,11.2,EMP0020,Delhi
TASK01830,EMP0012,Finance,Training,High,2025-11-07,2025-11-14,2025-11-16,True,False,30,16.3,76.4,4.0,Leslie Ramos,Finance,Analyst,2022-07-08,10.7,EMP0002,Mumbai
TASK01831,EMP0200,Engineering,Meeting,Low,2025-05-25,2025-05-27,2025-05-26,True,True,15,12.0,65.7,2.0,Ashley Lopez,Engineering,Tech Lead,2023-11-18,12.6,EMP0016,Delhi
TASK01832,EMP0036,Sales,Documentation,High,2025-12-19,2026-01-02,2026-01-07,True,False,5,7.4,80.2,5.0,Jamie Swanson,Sales,Sales Rep,2023-10-11,10.1,EMP0018,Mumbai
TASK01833,EMP0066,Engineering,Code Review,High,2026-04-03,2026-04-17,2026-04-15,True,True,21,10.9,91.4,3.0,Miguel Jimenez,Engineering,Junior Dev,2025-01-20,8.3,EMP0017,Delhi
TASK01834,EMP0117,Finance,Code Review,Low,2026-03-24,2026-04-05,2026-04-08,True,False,31,61.3,81.6,4.0,Gregory Christensen,Finance,Analyst,2022-01-23,2.5,EMP0008,Hyderabad
TASK01835,EMP0137,HR,Bug Fix,Medium,2025-04-28,2025-05-08,2025-05-09,True,False,6,8.5,79.3,1.0,Paul Baker,HR,HR Coordinator,2023-04-25,8.9,EMP0010,Remote
TASK01836,EMP0178,Support,Client Call,Medium,2026-01-31,2026-02-14,2026-02-16,True,False,2,1.9,100.0,5.0,Thomas Hernandez,Support,Support Agent,2025-01-27,13.9,EMP0019,Mumbai
TASK01837,EMP0037,HR,Testing,Critical,2025-10-10,2025-10-12,2025-10-13,True,False,14,27.4,99.0,1.0,Rhonda Barnes,HR,Recruiter,2022-09-14,13.2,EMP0014,Mumbai
TASK01838,EMP0018,Support,Meeting,Low,2025-11-28,2025-12-09,2025-12-07,True,True,9,8.6,70.8,4.0,Sarah Mann,Support,Support Lead,2023-06-05,12.7,EMP0002,Mumbai
TASK01839,EMP0021,Support,Bug Fix,Critical,2025-10-17,2025-10-30,,False,False,9,0.0,0.0,,Brianna Gilmore,Support,Support Lead,2021-12-30,2.6,EMP0005,Mumbai
TASK01840,EMP0080,Sales,Report,High,2025-08-03,2025-08-11,2025-08-10,True,True,7,11.1,91.7,5.0,Leslie Harris,Sales,Sales Lead,2024-02-29,4.1,EMP0004,Delhi
TASK01841,EMP0088,Support,Code Review,Medium,2026-04-04,2026-04-09,2026-04-14,True,False,6,9.6,61.4,2.0,Nicole Taylor,Support,Customer Success,2022-01-16,6.3,EMP0018,Delhi
TASK01842,EMP0063,Finance,Report,Low,2025-05-31,2025-06-11,2025-06-09,True,True,33,37.9,82.6,4.0,Brianna Smith,Finance,Accountant,2023-07-07,14.1,EMP0007,Delhi
TASK01843,EMP0160,Sales,Meeting,Low,2025-10-13,2025-10-14,2025-10-14,True,True,6,11.6,92.7,3.0,Angela Benton,Sales,Sales Lead,2023-03-07,7.5,EMP0019,Remote
TASK01844,EMP0028,Support,Documentation,High,2025-10-19,2025-10-23,2025-10-21,True,True,19,37.0,77.6,2.0,Michelle Goodwin,Support,Customer Success,2021-09-04,11.4,EMP0011,Bangalore
TASK01845,EMP0185,Engineering,Client Call,Medium,2025-10-15,2025-10-28,2025-10-26,True,True,38,66.6,80.3,5.0,Mrs. Toni Webb,Engineering,Junior Dev,2021-05-01,3.8,EMP0019,Remote
TASK01846,EMP0087,HR,Testing,Critical,2025-07-03,2025-07-11,2025-07-09,True,True,20,20.9,62.1,4.0,Anthony Young,HR,HR Manager,2025-12-13,13.0,EMP0009,Delhi
TASK01847,EMP0192,Marketing,Testing,High,2026-01-31,2026-02-09,2026-02-12,True,False,37,48.5,82.7,3.0,Jordan Barr,Marketing,Content Writer,2023-02-20,5.1,EMP0011,Bangalore
TASK01848,EMP0097,HR,Code Review,Medium,2026-03-15,2026-03-25,2026-03-30,True,False,24,39.6,79.6,4.0,Patrick Wright,HR,Recruiter,2023-04-03,6.4,EMP0013,Delhi
TASK01849,EMP0154,HR,Code Review,Medium,2025-12-15,2025-12-22,2025-12-26,True,False,7,9.8,76.4,3.0,Eileen Burns,HR,HR Coordinator,2021-06-08,6.4,EMP0008,Delhi
TASK01850,EMP0135,Sales,Code Review,Critical,2025-04-19,2025-04-30,2025-04-30,True,True,4,4.1,95.6,5.0,Jack Clark,Sales,Account Manager,2022-02-08,10.6,EMP0012,Mumbai
TASK01851,EMP0072,HR,Documentation,Medium,2025-10-17,2025-10-28,2025-10-28,True,True,38,27.0,100.0,4.0,Norman Johnson,HR,Recruiter,2022-01-08,3.6,EMP0011,Mumbai
TASK01852,EMP0005,Support,Training,Low,2025-12-17,2025-12-24,,False,False,34,0.0,0.0,,Samantha Lindsey,Support,Customer Success,2025-06-06,10.7,EMP0014,Mumbai
TASK01853,EMP0111,Sales,Code Review,Low,2026-01-26,2026-01-28,2026-01-30,True,False,37,55.4,98.9,2.0,Alex Carter,Sales,Account Manager,2026-04-03,10.2,EMP0018,Remote
TASK01854,EMP0061,Engineering,Testing,Medium,2026-04-13,2026-04-26,2026-04-25,True,True,22,35.2,100.0,5.0,Maria Rodriguez,Engineering,Tech Lead,2024-02-04,4.1,EMP0020,Bangalore
TASK01855,EMP0106,Engineering,Client Call,Critical,2025-11-18,2025-11-27,2025-12-01,True,False,16,21.8,75.0,1.0,Jennifer Young,Engineering,Senior Dev,2024-12-07,6.5,EMP0019,Mumbai
TASK01856,EMP0193,Marketing,Training,Low,2025-09-08,2025-09-19,2025-09-20,True,False,2,3.7,54.5,1.0,Patricia Graves,Marketing,Marketing Manager,2026-01-07,12.5,EMP0001,Remote
TASK01857,EMP0123,Sales,Meeting,Medium,2026-02-04,2026-02-06,2026-02-08,True,False,17,27.8,84.8,2.0,Collin Weber,Sales,Account Manager,2024-12-22,3.7,EMP0014,Hyderabad
TASK01858,EMP0034,HR,Bug Fix,Medium,2026-02-03,2026-02-05,,False,False,14,0.0,0.0,,Jeffery Griffith,HR,HR Coordinator,2023-08-25,1.3,EMP0019,Bangalore
TASK01859,EMP0153,Support,Report,Low,2025-05-08,2025-05-13,2025-05-13,True,True,6,3.6,75.2,1.0,James Johnson,Support,Customer Success,2022-11-28,7.6,EMP0001,Bangalore
TASK01860,EMP0141,Finance,Client Call,Medium,2025-04-18,2025-04-24,2025-04-22,True,True,40,38.0,85.1,3.0,William Green,Finance,Analyst,2023-01-12,5.5,EMP0014,Delhi
TASK01861,EMP0034,HR,Report,Low,2025-12-06,2025-12-13,2025-12-18,True,False,39,21.9,73.6,1.0,Jeffery Griffith,HR,HR Coordinator,2023-08-25,1.3,EMP0019,Bangalore
TASK01862,EMP0098,Finance,Feature Dev,Medium,2026-02-02,2026-02-08,2026-02-13,True,False,26,42.4,68.7,4.0,Angela Aguilar,Finance,Analyst,2022-06-15,3.3,EMP0013,Mumbai
TASK01863,EMP0033,Finance,Bug Fix,Medium,2025-09-07,2025-09-17,,False,False,33,0.0,0.0,,Lori Hernandez,Finance,Accountant,2021-12-06,7.6,EMP0004,Delhi
TASK01864,EMP0054,Engineering,Feature Dev,Medium,2025-05-15,2025-05-23,2025-05-22,True,True,32,28.1,85.3,1.0,Melissa Lang,Engineering,Senior Dev,2026-02-22,4.3,EMP0015,Delhi
TASK01865,EMP0166,HR,Testing,Low,2025-07-30,2025-08-13,2025-08-12,True,True,31,33.2,77.9,2.0,Dylan Kirk,HR,HR Coordinator,2023-01-20,14.5,EMP0009,Hyderabad
TASK01866,EMP0053,Sales,Report,Medium,2025-08-08,2025-08-16,2025-08-18,True,False,37,61.6,76.5,2.0,Charlotte Wells DVM,Sales,Account Manager,2023-06-24,13.6,EMP0006,Hyderabad
TASK01867,EMP0013,HR,Bug Fix,Medium,2026-02-09,2026-02-11,2026-02-11,True,True,39,70.0,65.1,5.0,James Walker,HR,HR Coordinator,2022-03-19,12.9,EMP0004,Hyderabad
TASK01868,EMP0064,Sales,Training,Medium,2026-03-01,2026-03-10,2026-03-12,True,False,38,41.1,95.7,1.0,William Smith,Sales,Account Manager,2025-01-05,6.2,EMP0010,Hyderabad
TASK01869,EMP0109,Sales,Meeting,Low,2025-06-24,2025-06-26,2025-07-01,True,False,13,24.1,97.4,2.0,Scott Ewing,Sales,Sales Rep,2022-04-09,12.2,EMP0017,Hyderabad
TASK01870,EMP0098,Finance,Feature Dev,Low,2025-10-14,2025-10-24,2025-10-23,True,True,11,21.5,75.4,2.0,Angela Aguilar,Finance,Analyst,2022-06-15,3.3,EMP0013,Mumbai
TASK01871,EMP0077,Engineering,Code Review,Medium,2026-01-21,2026-01-25,2026-01-25,True,True,26,14.7,98.6,2.0,Matthew Pitts,Engineering,Junior Dev,2025-08-03,1.6,EMP0005,Remote
TASK01872,EMP0109,Sales,Feature Dev,Medium,2026-01-14,2026-01-25,2026-01-30,True,False,16,25.1,85.2,1.0,Scott Ewing,Sales,Sales Rep,2022-04-09,12.2,EMP0017,Hyderabad
TASK01873,EMP0082,Sales,Client Call,Low,2026-03-23,2026-03-26,2026-03-24,True,True,30,37.3,87.1,1.0,Theresa Robinson,Sales,Sales Rep,2024-04-17,13.3,EMP0001,Mumbai
TASK01874,EMP0198,Support,Meeting,High,2025-09-12,2025-09-24,2025-09-23,True,True,28,33.9,64.7,4.0,Jennifer Moody,Support,Support Agent,2026-04-13,5.0,EMP0001,Remote
TASK01875,EMP0096,HR,Testing,Medium,2025-10-09,2025-10-16,2025-10-15,True,True,18,32.7,86.8,4.0,Rachael Li,HR,Recruiter,2026-01-31,12.8,EMP0010,Remote
TASK01876,EMP0079,Sales,Feature Dev,Medium,2025-07-25,2025-07-29,2025-07-29,True,True,9,4.8,85.1,5.0,Darryl Blanchard,Sales,Sales Rep,2021-12-30,5.0,EMP0002,Delhi
TASK01877,EMP0057,Support,Feature Dev,Low,2026-04-02,2026-04-06,2026-04-09,True,False,37,33.1,66.8,2.0,Scott Harper,Support,Customer Success,2023-04-07,1.4,EMP0011,Bangalore
TASK01878,EMP0053,Sales,Code Review,Medium,2025-08-21,2025-08-23,2025-08-24,True,False,14,10.1,90.1,4.0,Charlotte Wells DVM,Sales,Account Manager,2023-06-24,13.6,EMP0006,Hyderabad
TASK01879,EMP0169,HR,Meeting,Low,2025-08-03,2025-08-04,2025-08-04,True,True,9,11.6,84.5,5.0,Brian Davis,HR,HR Coordinator,2023-06-14,14.9,EMP0004,Remote
TASK01880,EMP0092,Finance,Testing,Medium,2025-07-08,2025-07-13,,False,False,10,0.0,0.0,,Bryce Valentine,Finance,Analyst,2021-09-30,6.1,EMP0019,Mumbai
TASK01881,EMP0102,Finance,Report,Critical,2025-09-29,2025-10-13,2025-10-14,True,False,14,20.9,71.9,4.0,Kimberly Brown,Finance,Accountant,2022-08-11,12.0,EMP0006,Bangalore
TASK01882,EMP0160,Sales,Training,Low,2025-09-29,2025-10-02,2025-10-01,True,True,11,16.5,67.5,2.0,Angela Benton,Sales,Sales Lead,2023-03-07,7.5,EMP0019,Remote
TASK01883,EMP0171,Finance,Client Call,High,2025-05-30,2025-06-01,2025-05-31,True,True,38,28.4,87.2,3.0,Amy Woodward,Finance,Accountant,2024-05-08,7.0,EMP0015,Delhi
TASK01884,EMP0123,Sales,Testing,Critical,2025-10-06,2025-10-20,2025-10-18,True,True,29,16.4,85.9,4.0,Collin Weber,Sales,Account Manager,2024-12-22,3.7,EMP0014,Hyderabad
TASK01885,EMP0132,Support,Documentation,Low,2025-11-05,2025-11-16,2025-11-19,True,False,27,31.7,82.8,2.0,Amanda Nichols,Support,Support Agent,2024-05-02,11.8,EMP0002,Bangalore
TASK01886,EMP0119,Marketing,Training,Medium,2026-04-01,2026-04-14,2026-04-18,True,False,12,10.3,76.9,3.0,William Campbell,Marketing,SEO Specialist,2023-12-09,8.4,EMP0014,Bangalore
TASK01887,EMP0058,Engineering,Feature Dev,Medium,2026-03-20,2026-03-22,2026-03-21,True,True,28,16.8,55.7,2.0,Benjamin Buchanan,Engineering,Tech Lead,2024-02-09,7.4,EMP0017,Mumbai
TASK01888,EMP0078,Engineering,Testing,High,2025-11-18,2025-11-19,2025-11-23,True,False,19,22.7,63.7,3.0,Angela Stone,Engineering,Senior Dev,2024-09-17,8.9,EMP0005,Hyderabad
TASK01889,EMP0200,Engineering,Client Call,High,2025-09-12,2025-09-22,2025-09-24,True,False,32,40.5,77.6,5.0,Ashley Lopez,Engineering,Tech Lead,2023-11-18,12.6,EMP0016,Delhi
TASK01890,EMP0173,Finance,Report,Medium,2026-04-01,2026-04-12,2026-04-12,True,True,32,32.2,71.4,3.0,Jasmine Lewis,Finance,Finance Manager,2022-01-09,1.9,EMP0007,Mumbai
TASK01891,EMP0105,Sales,Meeting,Medium,2025-09-27,2025-10-07,2025-10-09,True,False,19,36.1,76.3,5.0,James Singh,Sales,Sales Rep,2021-10-17,1.2,EMP0016,Remote
TASK01892,EMP0089,Engineering,Documentation,Medium,2026-03-26,2026-04-01,,False,False,22,0.0,0.0,,Gwendolyn Munoz,Engineering,Junior Dev,2023-08-28,13.2,EMP0009,Mumbai
TASK01893,EMP0110,Engineering,Testing,Medium,2025-11-19,2025-11-25,,False,False,14,0.0,0.0,,Mary Richards,Engineering,Tech Lead,2026-04-14,4.1,EMP0004,Hyderabad
TASK01894,EMP0001,Support,Code Review,Medium,2025-05-20,2025-05-27,2025-05-31,True,False,14,23.1,67.9,3.0,Robin Doyle,Support,Support Agent,2025-05-21,0.9,EMP0009,Mumbai
TASK01895,EMP0194,Marketing,Training,Low,2025-10-18,2025-10-29,2025-11-01,True,False,15,25.5,83.3,2.0,Jennifer Cain,Marketing,SEO Specialist,2024-03-15,1.3,EMP0017,Delhi
TASK01896,EMP0067,Sales,Testing,Low,2025-09-10,2025-09-22,2025-09-23,True,False,15,21.0,97.4,2.0,Devon Jackson,Sales,Account Manager,2024-03-31,13.3,EMP0008,Delhi
TASK01897,EMP0117,Finance,Meeting,High,2026-03-07,2026-03-20,2026-03-21,True,False,27,33.1,72.7,5.0,Gregory Christensen,Finance,Analyst,2022-01-23,2.5,EMP0008,Hyderabad
TASK01898,EMP0062,Finance,Client Call,Medium,2025-12-02,2025-12-08,2025-12-07,True,True,18,12.4,63.2,5.0,Gloria Rodriguez,Finance,Analyst,2024-03-03,6.6,EMP0019,Remote
TASK01899,EMP0037,HR,Training,Critical,2026-02-04,2026-02-05,2026-02-07,True,False,33,39.0,92.1,5.0,Rhonda Barnes,HR,Recruiter,2022-09-14,13.2,EMP0014,Mumbai
TASK01900,EMP0024,Marketing,Client Call,High,2025-11-02,2025-11-11,2025-11-12,True,False,19,11.0,63.0,4.0,Briana Dawson,Marketing,Content Writer,2023-01-29,11.5,EMP0004,Mumbai
TASK01901,EMP0098,Finance,Feature Dev,Medium,2025-11-29,2025-12-07,2025-12-10,True,False,9,6.4,100.0,3.0,Angela Aguilar,Finance,Analyst,2022-06-15,3.3,EMP0013,Mumbai
TASK01902,EMP0041,Finance,Training,High,2025-09-29,2025-09-30,2025-09-30,True,True,19,12.6,77.1,3.0,James Walters,Finance,Finance Manager,2025-01-15,3.8,EMP0008,Bangalore
TASK01903,EMP0165,Engineering,Documentation,Low,2025-05-08,2025-05-10,,False,False,29,0.0,0.0,,Joshua Mills,Engineering,Tech Lead,2025-12-13,4.6,EMP0016,Hyderabad
TASK01904,EMP0177,HR,Meeting,Low,2025-04-29,2025-05-10,2025-05-08,True,True,9,9.1,77.5,3.0,Douglas Yates,HR,Recruiter,2023-01-07,4.6,EMP0015,Bangalore
TASK01905,EMP0097,HR,Documentation,Medium,2025-04-27,2025-05-01,2025-05-03,True,False,37,38.1,84.4,2.0,Patrick Wright,HR,Recruiter,2023-04-03,6.4,EMP0013,Delhi
TASK01906,EMP0095,Marketing,Client Call,Low,2025-09-05,2025-09-15,2025-09-16,True,False,12,20.5,88.0,2.0,Amy Obrien,Marketing,Content Writer,2022-09-27,14.3,EMP0011,Remote
TASK01907,EMP0113,Finance,Meeting,Medium,2026-01-18,2026-01-19,,False,False,7,0.0,0.0,,Carl Webb,Finance,Accountant,2025-10-13,13.5,EMP0016,Hyderabad
TASK01908,EMP0200,Engineering,Code Review,High,2025-08-18,2025-08-20,2025-08-24,True,False,16,13.8,58.3,2.0,Ashley Lopez,Engineering,Tech Lead,2023-11-18,12.6,EMP0016,Delhi
TASK01909,EMP0042,Engineering,Client Call,Critical,2025-12-13,2025-12-18,2025-12-19,True,False,21,24.2,79.6,4.0,Elizabeth Hayes,Engineering,Tech Lead,2024-12-22,9.7,EMP0008,Bangalore
TASK01910,EMP0171,Finance,Client Call,Low,2025-04-18,2025-04-20,2025-04-24,True,False,30,34.9,73.1,5.0,Amy Woodward,Finance,Accountant,2024-05-08,7.0,EMP0015,Delhi
TASK01911,EMP0131,Support,Report,High,2025-11-18,2025-11-19,2025-11-21,True,False,15,27.3,79.3,4.0,Robin Jones,Support,Customer Success,2023-05-11,1.3,EMP0012,Mumbai
TASK01912,EMP0110,Engineering,Client Call,High,2025-06-28,2025-07-07,2025-07-05,True,True,33,41.6,74.1,4.0,Mary Richards,Engineering,Tech Lead,2026-04-14,4.1,EMP0004,Hyderabad
TASK01913,EMP0034,HR,Client Call,Medium,2025-07-05,2025-07-11,2025-07-10,True,True,40,70.2,68.3,2.0,Jeffery Griffith,HR,HR Coordinator,2023-08-25,1.3,EMP0019,Bangalore
TASK01914,EMP0163,Sales,Meeting,High,2025-05-16,2025-05-20,2025-05-23,True,False,27,24.6,75.0,2.0,Drew Mckinney,Sales,Account Manager,2021-11-24,1.2,EMP0002,Remote
TASK01915,EMP0139,Finance,Documentation,Medium,2025-10-23,2025-10-31,,False,False,38,0.0,0.0,,Peter Ware,Finance,Finance Manager,2023-08-18,12.5,EMP0008,Bangalore
TASK01916,EMP0050,Sales,Testing,Medium,2026-01-22,2026-01-24,2026-01-23,True,True,26,35.3,99.3,4.0,Jennifer Lee,Sales,Account Manager,2025-03-31,7.2,EMP0003,Hyderabad
TASK01917,EMP0103,HR,Testing,Low,2025-07-26,2025-08-02,2025-08-06,True,False,7,8.1,70.7,2.0,Courtney Nguyen,HR,Recruiter,2022-10-17,10.1,EMP0020,Delhi
TASK01918,EMP0084,HR,Training,Low,2025-07-24,2025-07-29,2025-07-29,True,True,16,28.5,74.1,5.0,Rachel Huang,HR,HR Coordinator,2025-07-18,11.9,EMP0004,Hyderabad
TASK01919,EMP0110,Engineering,Testing,Medium,2026-02-09,2026-02-13,,False,False,26,0.0,0.0,,Mary Richards,Engineering,Tech Lead,2026-04-14,4.1,EMP0004,Hyderabad
TASK01920,EMP0030,Finance,Training,Low,2025-06-08,2025-06-12,2025-06-12,True,True,7,10.0,92.4,1.0,Joshua Duncan,Finance,Analyst,2025-02-02,7.9,EMP0004,Delhi
TASK01921,EMP0099,Finance,Code Review,Low,2026-03-03,2026-03-12,,False,False,30,0.0,0.0,,Lisa Mcfarland,Finance,Finance Manager,2023-05-08,4.9,EMP0018,Bangalore
TASK01922,EMP0041,Finance,Code Review,Low,2025-05-26,2025-06-09,2025-06-09,True,True,16,17.8,83.0,5.0,James Walters,Finance,Finance Manager,2025-01-15,3.8,EMP0008,Bangalore
TASK01923,EMP0090,Finance,Code Review,Low,2026-01-06,2026-01-20,2026-01-18,True,True,38,56.3,74.6,3.0,Joann Sanders,Finance,Accountant,2023-07-16,1.1,EMP0020,Hyderabad
TASK01924,EMP0171,Finance,Bug Fix,Medium,2025-08-24,2025-08-31,,False,False,17,0.0,0.0,,Amy Woodward,Finance,Accountant,2024-05-08,7.0,EMP0015,Delhi
TASK01925,EMP0134,Sales,Meeting,High,2026-01-01,2026-01-05,2026-01-04,True,True,6,10.0,93.1,2.0,Mary Atkins,Sales,Sales Rep,2021-06-14,7.4,EMP0004,Remote
TASK01926,EMP0038,Finance,Code Review,Medium,2025-09-04,2025-09-17,2025-09-20,True,False,13,9.5,74.9,2.0,Matthew Hughes,Finance,Finance Manager,2025-03-08,10.5,EMP0010,Hyderabad
TASK01927,EMP0150,HR,Training,High,2026-04-11,2026-04-17,2026-04-19,True,False,34,58.5,68.7,5.0,Richard Kim,HR,HR Manager,2025-11-04,13.3,EMP0009,Remote
TASK01928,EMP0039,Support,Code Review,High,2025-04-15,2025-04-22,2025-04-20,True,True,32,23.5,82.6,2.0,Katherine Stanley,Support,Customer Success,2023-08-12,5.9,EMP0017,Hyderabad
TASK01929,EMP0092,Finance,Code Review,High,2025-07-20,2025-08-03,2025-08-05,True,False,31,26.9,79.6,1.0,Bryce Valentine,Finance,Analyst,2021-09-30,6.1,EMP0019,Mumbai
TASK01930,EMP0127,Support,Code Review,High,2025-09-10,2025-09-13,2025-09-11,True,True,6,11.8,95.6,1.0,Timothy Stewart,Support,Support Lead,2022-10-07,2.5,EMP0015,Mumbai
TASK01931,EMP0049,Sales,Client Call,Low,2026-02-07,2026-02-16,2026-02-20,True,False,37,48.6,81.7,5.0,Todd Adams,Sales,Sales Rep,2022-10-12,8.3,EMP0005,Hyderabad
TASK01932,EMP0101,Support,Client Call,Medium,2025-09-01,2025-09-12,,False,False,24,0.0,0.0,,Nicholas Keller,Support,Support Lead,2024-09-21,7.2,EMP0015,Mumbai
TASK01933,EMP0182,Marketing,Training,High,2025-12-13,2025-12-22,,False,False,12,0.0,0.0,,Alexander Garcia,Marketing,Marketing Manager,2021-10-21,4.9,EMP0013,Delhi
TASK01934,EMP0199,Marketing,Testing,High,2025-12-08,2025-12-11,2025-12-12,True,False,6,8.4,58.8,3.0,Kimberly King,Marketing,Content Writer,2025-07-24,3.8,EMP0004,Hyderabad
TASK01935,EMP0091,HR,Report,Low,2025-07-16,2025-07-23,2025-07-25,True,False,25,13.4,95.7,2.0,Heather Wright,HR,Recruiter,2022-09-23,11.9,EMP0014,Remote
TASK01936,EMP0017,Marketing,Code Review,High,2025-12-15,2025-12-19,2025-12-19,True,True,30,53.9,100.0,3.0,Allison Moore,Marketing,SEO Specialist,2021-09-30,4.4,EMP0018,Mumbai
TASK01937,EMP0123,Sales,Client Call,Medium,2025-08-25,2025-08-28,2025-08-29,True,False,30,26.4,89.9,4.0,Collin Weber,Sales,Account Manager,2024-12-22,3.7,EMP0014,Hyderabad
TASK01938,EMP0138,Support,Code Review,High,2026-02-11,2026-02-17,,False,False,31,0.0,0.0,,Joshua Martinez,Support,Support Lead,2022-02-25,6.3,EMP0007,Bangalore
TASK01939,EMP0139,Finance,Bug Fix,Medium,2025-12-29,2025-12-30,2025-12-30,True,True,8,7.5,95.7,3.0,Peter Ware,Finance,Finance Manager,2023-08-18,12.5,EMP0008,Bangalore
TASK01940,EMP0029,HR,Feature Dev,Medium,2025-05-14,2025-05-21,,False,False,29,0.0,0.0,,Daniel Lewis,HR,HR Manager,2023-12-07,2.8,EMP0001,Delhi
TASK01941,EMP0016,Finance,Report,Medium,2025-08-04,2025-08-10,2025-08-15,True,False,4,7.6,84.6,1.0,Eric Scott,Finance,Finance Manager,2021-11-07,3.0,EMP0008,Mumbai
TASK01942,EMP0113,Finance,Code Review,Medium,2025-05-07,2025-05-11,2025-05-11,True,True,2,4.0,91.0,5.0,Carl Webb,Finance,Accountant,2025-10-13,13.5,EMP0016,Hyderabad
TASK01943,EMP0189,Marketing,Testing,Low,2026-03-12,2026-03-13,2026-03-16,True,False,3,3.5,76.2,5.0,Jennifer Travis,Marketing,SEO Specialist,2022-08-13,6.4,EMP0011,Bangalore
TASK01944,EMP0077,Engineering,Feature Dev,Medium,2025-07-21,2025-07-31,2025-08-03,True,False,5,8.5,74.0,4.0,Matthew Pitts,Engineering,Junior Dev,2025-08-03,1.6,EMP0005,Remote
TASK01945,EMP0101,Support,Training,High,2026-03-03,2026-03-10,2026-03-08,True,True,37,58.9,83.4,1.0,Nicholas Keller,Support,Support Lead,2024-09-21,7.2,EMP0015,Mumbai
TASK01946,EMP0151,Engineering,Testing,Critical,2025-08-14,2025-08-17,,False,False,26,0.0,0.0,,Tony Allen,Engineering,Tech Lead,2025-03-10,14.2,EMP0003,Mumbai
TASK01947,EMP0087,HR,Documentation,Medium,2025-09-06,2025-09-14,2025-09-16,True,False,11,7.8,68.1,1.0,Anthony Young,HR,HR Manager,2025-12-13,13.0,EMP0009,Delhi
TASK01948,EMP0043,Engineering,Code Review,Medium,2025-10-24,2025-10-29,2025-10-27,True,True,4,3.8,94.7,2.0,Melinda Zuniga,Engineering,Senior Dev,2023-04-19,1.5,EMP0008,Delhi
TASK01949,EMP0041,Finance,Meeting,Medium,2025-05-19,2025-05-23,2025-05-23,True,True,29,38.3,87.0,2.0,James Walters,Finance,Finance Manager,2025-01-15,3.8,EMP0008,Bangalore
TASK01950,EMP0070,Support,Feature Dev,Low,2026-01-19,2026-01-21,2026-01-20,True,True,18,28.6,69.6,2.0,Travis Webb,Support,Support Agent,2025-04-03,14.1,EMP0005,Delhi
TASK01951,EMP0034,HR,Feature Dev,Medium,2025-09-20,2025-09-23,,False,False,33,0.0,0.0,,Jeffery Griffith,HR,HR Coordinator,2023-08-25,1.3,EMP0019,Bangalore
TASK01952,EMP0087,HR,Meeting,Low,2026-03-29,2026-04-06,2026-04-09,True,False,25,44.4,75.7,5.0,Anthony Young,HR,HR Manager,2025-12-13,13.0,EMP0009,Delhi
TASK01953,EMP0049,Sales,Training,Medium,2025-06-12,2025-06-26,2025-06-29,True,False,35,25.7,87.5,3.0,Todd Adams,Sales,Sales Rep,2022-10-12,8.3,EMP0005,Hyderabad
TASK01954,EMP0043,Engineering,Bug Fix,High,2025-11-12,2025-11-25,,False,False,16,0.0,0.0,,Melinda Zuniga,Engineering,Senior Dev,2023-04-19,1.5,EMP0008,Delhi
TASK01955,EMP0009,HR,Client Call,Medium,2025-12-11,2025-12-16,2025-12-18,True,False,33,64.7,67.0,1.0,Ryan Norman DVM,HR,Recruiter,2023-01-14,4.3,EMP0002,Hyderabad
TASK01956,EMP0094,Finance,Training,Critical,2025-04-26,2025-05-01,2025-05-03,True,False,8,13.9,77.3,2.0,Anthony Nelson,Finance,Finance Manager,2025-10-25,10.9,EMP0007,Delhi
TASK01957,EMP0014,HR,Report,High,2025-10-18,2025-10-22,,False,False,17,0.0,0.0,,Kathryn Perez,HR,HR Manager,2023-11-12,9.7,EMP0012,Mumbai
TASK01958,EMP0026,Engineering,Client Call,Critical,2025-08-13,2025-08-15,2025-08-18,True,False,28,45.2,87.1,5.0,Calvin Kane,Engineering,Senior Dev,2023-09-23,6.0,EMP0015,Remote
TASK01959,EMP0045,Finance,Bug Fix,Medium,2026-02-04,2026-02-06,2026-02-11,True,False,6,10.0,91.3,4.0,Brianna Vega,Finance,Accountant,2023-10-15,4.0,EMP0016,Hyderabad
TASK01960,EMP0107,Support,Testing,Medium,2025-09-03,2025-09-10,2025-09-15,True,False,3,3.0,86.4,1.0,Lisa Shepard,Support,Customer Success,2024-05-01,6.1,EMP0013,Mumbai
TASK01961,EMP0038,Finance,Client Call,Medium,2025-04-24,2025-05-02,2025-05-07,True,False,27,37.3,76.5,4.0,Matthew Hughes,Finance,Finance Manager,2025-03-08,10.5,EMP0010,Hyderabad
TASK01962,EMP0117,Finance,Testing,High,2026-02-14,2026-02-19,2026-02-19,True,True,23,17.0,90.0,5.0,Gregory Christensen,Finance,Analyst,2022-01-23,2.5,EMP0008,Hyderabad
TASK01963,EMP0103,HR,Client Call,Medium,2025-09-05,2025-09-07,2025-09-06,True,True,2,1.5,83.2,4.0,Courtney Nguyen,HR,Recruiter,2022-10-17,10.1,EMP0020,Delhi
TASK01964,EMP0150,HR,Code Review,High,2025-09-26,2025-10-09,2025-10-09,True,True,5,2.5,58.7,1.0,Richard Kim,HR,HR Manager,2025-11-04,13.3,EMP0009,Remote
TASK01965,EMP0007,Support,Code Review,Low,2026-03-02,2026-03-16,2026-03-19,True,False,38,24.0,94.3,3.0,Jacqueline Christensen,Support,Support Lead,2024-08-21,5.4,EMP0005,Mumbai
TASK01966,EMP0055,Marketing,Bug Fix,Medium,2025-04-28,2025-04-29,,False,False,7,0.0,0.0,,Pamela Powell,Marketing,Marketing Manager,2025-02-16,14.4,EMP0018,Hyderabad
TASK01967,EMP0071,Engineering,Client Call,Medium,2025-08-13,2025-08-27,,False,False,12,0.0,0.0,,Elizabeth Decker,Engineering,Junior Dev,2025-10-02,11.3,EMP0005,Delhi
TASK01968,EMP0083,Support,Meeting,High,2025-05-31,2025-06-08,2025-06-10,True,False,35,21.3,76.5,2.0,Dillon Bernard,Support,Support Lead,2024-10-08,11.8,EMP0014,Mumbai
TASK01969,EMP0140,Support,Documentation,Low,2025-05-28,2025-06-07,2025-06-07,True,True,34,21.9,76.8,3.0,Andrew Jackson,Support,Support Lead,2023-02-22,12.8,EMP0020,Bangalore
TASK01970,EMP0150,HR,Testing,Low,2026-02-27,2026-03-13,2026-03-13,True,True,32,54.9,75.0,5.0,Richard Kim,HR,HR Manager,2025-11-04,13.3,EMP0009,Remote
TASK01971,EMP0047,Marketing,Documentation,Medium,2025-12-07,2025-12-18,2025-12-22,True,False,28,47.9,81.1,3.0,Christopher Conley,Marketing,SEO Specialist,2022-11-08,7.3,EMP0002,Bangalore
TASK01972,EMP0019,Engineering,Bug Fix,Medium,2025-11-06,2025-11-10,2025-11-10,True,True,11,6.1,47.3,5.0,Christopher Lester,Engineering,Senior Dev,2024-07-20,6.3,EMP0003,Mumbai
TASK01973,EMP0114,HR,Feature Dev,High,2025-12-07,2025-12-10,2025-12-15,True,False,10,7.2,85.7,3.0,Kelli Berry,HR,HR Coordinator,2023-03-04,12.7,EMP0009,Remote
TASK01974,EMP0186,Engineering,Feature Dev,High,2025-05-20,2025-06-01,2025-06-02,True,False,32,36.9,78.1,5.0,Jamie Herman,Engineering,Tech Lead,2022-01-16,12.4,EMP0019,Bangalore
TASK01975,EMP0144,Support,Report,High,2025-12-26,2025-12-31,,False,False,15,0.0,0.0,,John Duncan,Support,Support Agent,2021-08-27,6.8,EMP0017,Delhi
TASK01976,EMP0033,Finance,Bug Fix,Medium,2025-08-02,2025-08-08,2025-08-09,True,False,24,14.4,80.1,3.0,Lori Hernandez,Finance,Accountant,2021-12-06,7.6,EMP0004,Delhi
TASK01977,EMP0056,Sales,Testing,Medium,2026-01-29,2026-02-12,2026-02-16,True,False,22,25.8,86.9,4.0,Brian Howard,Sales,Sales Rep,2024-02-07,4.8,EMP0002,Remote
TASK01978,EMP0082,Sales,Code Review,Medium,2025-12-18,2025-12-31,2025-12-31,True,True,2,3.6,80.0,3.0,Theresa Robinson,Sales,Sales Rep,2024-04-17,13.3,EMP0001,Mumbai
TASK01979,EMP0021,Support,Code Review,Medium,2025-11-18,2025-11-26,2025-11-29,True,False,11,6.2,85.6,2.0,Brianna Gilmore,Support,Support Lead,2021-12-30,2.6,EMP0005,Mumbai
TASK01980,EMP0194,Marketing,Code Review,Medium,2025-05-02,2025-05-10,,False,False,14,0.0,0.0,,Jennifer Cain,Marketing,SEO Specialist,2024-03-15,1.3,EMP0017,Delhi
TASK01981,EMP0163,Sales,Testing,Medium,2025-06-01,2025-06-14,2025-06-17,True,False,23,39.1,98.3,3.0,Drew Mckinney,Sales,Account Manager,2021-11-24,1.2,EMP0002,Remote
TASK01982,EMP0131,Support,Training,Low,2026-02-18,2026-02-26,2026-02-27,True,False,15,10.8,75.4,3.0,Robin Jones,Support,Customer Success,2023-05-11,1.3,EMP0012,Mumbai
TASK01983,EMP0047,Marketing,Client Call,Medium,2025-08-22,2025-08-31,,False,False,14,0.0,0.0,,Christopher Conley,Marketing,SEO Specialist,2022-11-08,7.3,EMP0002,Bangalore
TASK01984,EMP0162,Sales,Training,High,2025-04-15,2025-04-27,2025-05-02,True,False,39,51.5,82.3,4.0,Gregory Parker,Sales,Account Manager,2021-08-22,3.1,EMP0001,Remote
TASK01985,EMP0063,Finance,Client Call,Low,2026-01-05,2026-01-11,2026-01-10,True,True,32,55.8,96.6,4.0,Brianna Smith,Finance,Accountant,2023-07-07,14.1,EMP0007,Delhi
TASK01986,EMP0111,Sales,Meeting,Critical,2025-12-02,2025-12-12,2025-12-15,True,False,39,32.5,91.2,3.0,Alex Carter,Sales,Account Manager,2026-04-03,10.2,EMP0018,Remote
TASK01987,EMP0167,Engineering,Meeting,High,2026-03-10,2026-03-24,2026-03-25,True,False,39,34.4,100.0,1.0,Melissa Williams,Engineering,Junior Dev,2023-03-17,6.3,EMP0003,Remote
TASK01988,EMP0121,Finance,Client Call,Medium,2025-09-27,2025-09-28,2025-10-03,True,False,17,18.6,96.0,1.0,Michael Dyer,Finance,Accountant,2023-05-31,7.4,EMP0012,Delhi
TASK01989,EMP0051,Finance,Meeting,Critical,2025-08-13,2025-08-26,2025-08-30,True,False,3,3.8,81.0,5.0,Lisa Sutton,Finance,Analyst,2022-05-10,1.2,EMP0018,Bangalore
TASK01990,EMP0132,Support,Training,Medium,2025-08-26,2025-09-03,,False,False,15,0.0,0.0,,Amanda Nichols,Support,Support Agent,2024-05-02,11.8,EMP0002,Bangalore
TASK01991,EMP0066,Engineering,Testing,Medium,2025-10-25,2025-10-30,2025-10-31,True,False,26,34.9,68.1,2.0,Miguel Jimenez,Engineering,Junior Dev,2025-01-20,8.3,EMP0017,Delhi
TASK01992,EMP0102,Finance,Documentation,Medium,2025-04-21,2025-04-25,2025-04-29,True,False,7,7.0,77.4,4.0,Kimberly Brown,Finance,Accountant,2022-08-11,12.0,EMP0006,Bangalore
TASK01993,EMP0063,Finance,Code Review,Low,2025-12-08,2025-12-11,,False,False,18,0.0,0.0,,Brianna Smith,Finance,Accountant,2023-07-07,14.1,EMP0007,Delhi
TASK01994,EMP0168,Support,Code Review,Medium,2025-06-13,2025-06-24,2025-06-24,True,True,29,23.4,91.2,3.0,Jon Porter,Support,Customer Success,2022-05-12,1.3,EMP0005,Remote
TASK01995,EMP0029,HR,Feature Dev,Low,2025-12-21,2025-12-26,2025-12-25,True,True,6,11.8,85.1,1.0,Daniel Lewis,HR,HR Manager,2023-12-07,2.8,EMP0001,Delhi
TASK01996,EMP0003,Finance,Report,Critical,2025-12-08,2025-12-10,2025-12-12,True,False,13,8.7,91.4,3.0,Christopher Barber,Finance,Accountant,2024-04-21,1.0,EMP0003,Mumbai
TASK01997,EMP0162,Sales,Meeting,Low,2025-08-06,2025-08-19,2025-08-24,True,False,34,23.2,92.1,1.0,Gregory Parker,Sales,Account Manager,2021-08-22,3.1,EMP0001,Remote
TASK01998,EMP0017,Marketing,Meeting,Medium,2025-08-25,2025-08-27,2025-08-31,True,False,14,18.5,87.0,1.0,Allison Moore,Marketing,SEO Specialist,2021-09-30,4.4,EMP0018,Mumbai
TASK01999,EMP0139,Finance,Testing,Critical,2025-10-27,2025-11-06,2025-11-05,True,True,6,4.5,85.7,2.0,Peter Ware,Finance,Finance Manager,2023-08-18,12.5,EMP0008,Bangalore
TASK02000,EMP0067,Sales,Client Call,Medium,2025-05-12,2025-05-24,2025-05-29,True,False,24,13.1,62.5,4.0,Devon Jackson,Sales,Account Manager,2024-03-31,13.3,EMP0008,Delhi
